country_region_code,country_region_name,local_authority_code,local_authority_name,year,house_price_to_earnings_ratio,q1,q3,iqr,lower_bound,upper_bound,is_outlier,is_missing_value,data_quality_flag
E12000001,North East,E06000001,Hartlepool,2002,2.86,3.78,6.295,2.515,0.00749999999999984,10.067499999999999,False,False,OK
E12000001,North East,E06000002,Middlesbrough,2002,2.83,3.78,6.295,2.515,0.00749999999999984,10.067499999999999,False,False,OK
E12000001,North East,E06000003,Redcar and Cleveland,2002,2.83,3.78,6.295,2.515,0.00749999999999984,10.067499999999999,False,False,OK
E12000001,North East,E06000004,Stockton-on-Tees,2002,3.33,3.78,6.295,2.515,0.00749999999999984,10.067499999999999,False,False,OK
E12000001,North East,E06000005,Darlington,2002,3.42,3.78,6.295,2.515,0.00749999999999984,10.067499999999999,False,False,OK
E12000001,North East,E06000047,County Durham,2002,,3.78,6.295,2.515,0.00749999999999984,10.067499999999999,False,True,Missing ratio value
E12000001,North East,E06000057,Northumberland,2002,,3.78,6.295,2.515,0.00749999999999984,10.067499999999999,False,True,Missing ratio value
E12000001,North East,E08000021,Newcastle upon Tyne,2002,3.94,3.78,6.295,2.515,0.00749999999999984,10.067499999999999,False,False,OK
E12000001,North East,E08000022,North Tyneside,2002,3.45,3.78,6.295,2.515,0.00749999999999984,10.067499999999999,False,False,OK
E12000001,North East,E08000023,South Tyneside,2002,2.7,3.78,6.295,2.515,0.00749999999999984,10.067499999999999,False,False,OK
E12000001,North East,E08000024,Sunderland,2002,3.32,3.78,6.295,2.515,0.00749999999999984,10.067499999999999,False,False,OK
E12000001,North East,E08000037,Gateshead,2002,3.36,3.78,6.295,2.515,0.00749999999999984,10.067499999999999,False,False,OK
E12000002,North West,E06000006,Halton,2002,3.17,3.78,6.295,2.515,0.00749999999999984,10.067499999999999,False,False,OK
E12000002,North West,E06000007,Warrington,2002,4.39,3.78,6.295,2.515,0.00749999999999984,10.067499999999999,False,False,OK
E12000002,North West,E06000008,Blackburn with Darwen,2002,2.38,3.78,6.295,2.515,0.00749999999999984,10.067499999999999,False,False,OK
E12000002,North West,E06000009,Blackpool,2002,3.51,3.78,6.295,2.515,0.00749999999999984,10.067499999999999,False,False,OK
E12000002,North West,E06000049,Cheshire East,2002,,3.78,6.295,2.515,0.00749999999999984,10.067499999999999,False,True,Missing ratio value
E12000002,North West,E06000050,Cheshire West and Chester,2002,,3.78,6.295,2.515,0.00749999999999984,10.067499999999999,False,True,Missing ratio value
E12000002,North West,E06000063,Cumberland,2002,,3.78,6.295,2.515,0.00749999999999984,10.067499999999999,False,True,Missing ratio value
E12000002,North West,E06000064,Westmorland and Furness,2002,,3.78,6.295,2.515,0.00749999999999984,10.067499999999999,False,True,Missing ratio value
E12000002,North West,E07000117,Burnley,2002,1.64,3.78,6.295,2.515,0.00749999999999984,10.067499999999999,False,False,OK
E12000002,North West,E07000118,Chorley,2002,3.77,3.78,6.295,2.515,0.00749999999999984,10.067499999999999,False,False,OK
E12000002,North West,E07000119,Fylde,2002,3.91,3.78,6.295,2.515,0.00749999999999984,10.067499999999999,False,False,OK
E12000002,North West,E07000120,Hyndburn,2002,2.4,3.78,6.295,2.515,0.00749999999999984,10.067499999999999,False,False,OK
E12000002,North West,E07000121,Lancaster,2002,2.94,3.78,6.295,2.515,0.00749999999999984,10.067499999999999,False,False,OK
E12000002,North West,E07000122,Pendle,2002,2.18,3.78,6.295,2.515,0.00749999999999984,10.067499999999999,False,False,OK
E12000002,North West,E07000123,Preston,2002,3.01,3.78,6.295,2.515,0.00749999999999984,10.067499999999999,False,False,OK
E12000002,North West,E07000124,Ribble Valley,2002,4.05,3.78,6.295,2.515,0.00749999999999984,10.067499999999999,False,False,OK
E12000002,North West,E07000125,Rossendale,2002,2.94,3.78,6.295,2.515,0.00749999999999984,10.067499999999999,False,False,OK
E12000002,North West,E07000126,South Ribble,2002,3.58,3.78,6.295,2.515,0.00749999999999984,10.067499999999999,False,False,OK
E12000002,North West,E07000127,West Lancashire,2002,4.09,3.78,6.295,2.515,0.00749999999999984,10.067499999999999,False,False,OK
E12000002,North West,E07000128,Wyre,2002,3.91,3.78,6.295,2.515,0.00749999999999984,10.067499999999999,False,False,OK
E12000002,North West,E08000001,Bolton,2002,2.96,3.78,6.295,2.515,0.00749999999999984,10.067499999999999,False,False,OK
E12000002,North West,E08000002,Bury,2002,3.24,3.78,6.295,2.515,0.00749999999999984,10.067499999999999,False,False,OK
E12000002,North West,E08000003,Manchester,2002,3.75,3.78,6.295,2.515,0.00749999999999984,10.067499999999999,False,False,OK
E12000002,North West,E08000004,Oldham,2002,2.89,3.78,6.295,2.515,0.00749999999999984,10.067499999999999,False,False,OK
E12000002,North West,E08000005,Rochdale,2002,2.93,3.78,6.295,2.515,0.00749999999999984,10.067499999999999,False,False,OK
E12000002,North West,E08000006,Salford,2002,2.93,3.78,6.295,2.515,0.00749999999999984,10.067499999999999,False,False,OK
E12000002,North West,E08000007,Stockport,2002,4.44,3.78,6.295,2.515,0.00749999999999984,10.067499999999999,False,False,OK
E12000002,North West,E08000008,Tameside,2002,2.95,3.78,6.295,2.515,0.00749999999999984,10.067499999999999,False,False,OK
E12000002,North West,E08000009,Trafford,2002,5.18,3.78,6.295,2.515,0.00749999999999984,10.067499999999999,False,False,OK
E12000002,North West,E08000010,Wigan,2002,2.95,3.78,6.295,2.515,0.00749999999999984,10.067499999999999,False,False,OK
E12000002,North West,E08000011,Knowsley,2002,3.57,3.78,6.295,2.515,0.00749999999999984,10.067499999999999,False,False,OK
E12000002,North West,E08000012,Liverpool,2002,3.12,3.78,6.295,2.515,0.00749999999999984,10.067499999999999,False,False,OK
E12000002,North West,E08000013,St. Helens,2002,3.43,3.78,6.295,2.515,0.00749999999999984,10.067499999999999,False,False,OK
E12000002,North West,E08000014,Sefton,2002,4.05,3.78,6.295,2.515,0.00749999999999984,10.067499999999999,False,False,OK
E12000002,North West,E08000015,Wirral,2002,3.47,3.78,6.295,2.515,0.00749999999999984,10.067499999999999,False,False,OK
E12000003,Yorkshire and The Humber,E06000010,"Kingston upon Hull, City of",2002,2.38,3.78,6.295,2.515,0.00749999999999984,10.067499999999999,False,False,OK
E12000003,Yorkshire and The Humber,E06000011,East Riding of Yorkshire,2002,3.69,3.78,6.295,2.515,0.00749999999999984,10.067499999999999,False,False,OK
E12000003,Yorkshire and The Humber,E06000012,North East Lincolnshire,2002,2.76,3.78,6.295,2.515,0.00749999999999984,10.067499999999999,False,False,OK
E12000003,Yorkshire and The Humber,E06000013,North Lincolnshire,2002,2.59,3.78,6.295,2.515,0.00749999999999984,10.067499999999999,False,False,OK
E12000003,Yorkshire and The Humber,E06000014,York,2002,5.18,3.78,6.295,2.515,0.00749999999999984,10.067499999999999,False,False,OK
E12000003,Yorkshire and The Humber,E06000065,North Yorkshire,2002,,3.78,6.295,2.515,0.00749999999999984,10.067499999999999,False,True,Missing ratio value
E12000003,Yorkshire and The Humber,E08000017,Doncaster,2002,2.77,3.78,6.295,2.515,0.00749999999999984,10.067499999999999,False,False,OK
E12000003,Yorkshire and The Humber,E08000018,Rotherham,2002,3.03,3.78,6.295,2.515,0.00749999999999984,10.067499999999999,False,False,OK
E12000003,Yorkshire and The Humber,E08000032,Bradford,2002,3.12,3.78,6.295,2.515,0.00749999999999984,10.067499999999999,False,False,OK
E12000003,Yorkshire and The Humber,E08000033,Calderdale,2002,2.94,3.78,6.295,2.515,0.00749999999999984,10.067499999999999,False,False,OK
E12000003,Yorkshire and The Humber,E08000034,Kirklees,2002,3.07,3.78,6.295,2.515,0.00749999999999984,10.067499999999999,False,False,OK
E12000003,Yorkshire and The Humber,E08000035,Leeds,2002,4.17,3.78,6.295,2.515,0.00749999999999984,10.067499999999999,False,False,OK
E12000003,Yorkshire and The Humber,E08000036,Wakefield,2002,3.45,3.78,6.295,2.515,0.00749999999999984,10.067499999999999,False,False,OK
E12000003,Yorkshire and The Humber,E08000038,Barnsley,2002,2.66,3.78,6.295,2.515,0.00749999999999984,10.067499999999999,False,False,OK
E12000003,Yorkshire and The Humber,E08000039,Sheffield,2002,3.56,3.78,6.295,2.515,0.00749999999999984,10.067499999999999,False,False,OK
E12000004,East Midlands,E06000015,Derby,2002,3.13,3.78,6.295,2.515,0.00749999999999984,10.067499999999999,False,False,OK
E12000004,East Midlands,E06000016,Leicester,2002,4.02,3.78,6.295,2.515,0.00749999999999984,10.067499999999999,False,False,OK
E12000004,East Midlands,E06000017,Rutland,2002,6.72,3.78,6.295,2.515,0.00749999999999984,10.067499999999999,False,False,OK
E12000004,East Midlands,E06000018,Nottingham,2002,3.61,3.78,6.295,2.515,0.00749999999999984,10.067499999999999,False,False,OK
E12000004,East Midlands,E06000061,North Northamptonshire,2002,,3.78,6.295,2.515,0.00749999999999984,10.067499999999999,False,True,Missing ratio value
E12000004,East Midlands,E06000062,West Northamptonshire,2002,,3.78,6.295,2.515,0.00749999999999984,10.067499999999999,False,True,Missing ratio value
E12000004,East Midlands,E07000032,Amber Valley,2002,3.61,3.78,6.295,2.515,0.00749999999999984,10.067499999999999,False,False,OK
E12000004,East Midlands,E07000033,Bolsover,2002,2.81,3.78,6.295,2.515,0.00749999999999984,10.067499999999999,False,False,OK
E12000004,East Midlands,E07000034,Chesterfield,2002,3.16,3.78,6.295,2.515,0.00749999999999984,10.067499999999999,False,False,OK
E12000004,East Midlands,E07000035,Derbyshire Dales,2002,5.0,3.78,6.295,2.515,0.00749999999999984,10.067499999999999,False,False,OK
E12000004,East Midlands,E07000036,Erewash,2002,3.54,3.78,6.295,2.515,0.00749999999999984,10.067499999999999,False,False,OK
E12000004,East Midlands,E07000037,High Peak,2002,3.88,3.78,6.295,2.515,0.00749999999999984,10.067499999999999,False,False,OK
E12000004,East Midlands,E07000038,North East Derbyshire,2002,3.78,3.78,6.295,2.515,0.00749999999999984,10.067499999999999,False,False,OK
E12000004,East Midlands,E07000039,South Derbyshire,2002,3.99,3.78,6.295,2.515,0.00749999999999984,10.067499999999999,False,False,OK
E12000004,East Midlands,E07000129,Blaby,2002,4.45,3.78,6.295,2.515,0.00749999999999984,10.067499999999999,False,False,OK
E12000004,East Midlands,E07000130,Charnwood,2002,4.34,3.78,6.295,2.515,0.00749999999999984,10.067499999999999,False,False,OK
E12000004,East Midlands,E07000131,Harborough,2002,5.12,3.78,6.295,2.515,0.00749999999999984,10.067499999999999,False,False,OK
E12000004,East Midlands,E07000132,Hinckley and Bosworth,2002,4.41,3.78,6.295,2.515,0.00749999999999984,10.067499999999999,False,False,OK
E12000004,East Midlands,E07000133,Melton,2002,5.19,3.78,6.295,2.515,0.00749999999999984,10.067499999999999,False,False,OK
E12000004,East Midlands,E07000134,North West Leicestershire,2002,4.58,3.78,6.295,2.515,0.00749999999999984,10.067499999999999,False,False,OK
E12000004,East Midlands,E07000135,Oadby and Wigston,2002,4.34,3.78,6.295,2.515,0.00749999999999984,10.067499999999999,False,False,OK
E12000004,East Midlands,E07000136,Boston,2002,3.96,3.78,6.295,2.515,0.00749999999999984,10.067499999999999,False,False,OK
E12000004,East Midlands,E07000137,East Lindsey,2002,4.44,3.78,6.295,2.515,0.00749999999999984,10.067499999999999,False,False,OK
E12000004,East Midlands,E07000138,Lincoln,2002,3.34,3.78,6.295,2.515,0.00749999999999984,10.067499999999999,False,False,OK
E12000004,East Midlands,E07000139,North Kesteven,2002,4.9,3.78,6.295,2.515,0.00749999999999984,10.067499999999999,False,False,OK
E12000004,East Midlands,E07000140,South Holland,2002,4.31,3.78,6.295,2.515,0.00749999999999984,10.067499999999999,False,False,OK
E12000004,East Midlands,E07000141,South Kesteven,2002,4.59,3.78,6.295,2.515,0.00749999999999984,10.067499999999999,False,False,OK
E12000004,East Midlands,E07000142,West Lindsey,2002,3.51,3.78,6.295,2.515,0.00749999999999984,10.067499999999999,False,False,OK
E12000004,East Midlands,E07000170,Ashfield,2002,3.36,3.78,6.295,2.515,0.00749999999999984,10.067499999999999,False,False,OK
E12000004,East Midlands,E07000171,Bassetlaw,2002,3.62,3.78,6.295,2.515,0.00749999999999984,10.067499999999999,False,False,OK
E12000004,East Midlands,E07000172,Broxtowe,2002,4.03,3.78,6.295,2.515,0.00749999999999984,10.067499999999999,False,False,OK
E12000004,East Midlands,E07000173,Gedling,2002,4.01,3.78,6.295,2.515,0.00749999999999984,10.067499999999999,False,False,OK
E12000004,East Midlands,E07000174,Mansfield,2002,3.08,3.78,6.295,2.515,0.00749999999999984,10.067499999999999,False,False,OK
E12000004,East Midlands,E07000175,Newark and Sherwood,2002,4.21,3.78,6.295,2.515,0.00749999999999984,10.067499999999999,False,False,OK
E12000004,East Midlands,E07000176,Rushcliffe,2002,4.74,3.78,6.295,2.515,0.00749999999999984,10.067499999999999,False,False,OK
E12000005,West Midlands,E06000019,"Herefordshire, County of",2002,6.1,3.78,6.295,2.515,0.00749999999999984,10.067499999999999,False,False,OK
E12000005,West Midlands,E06000020,Telford and Wrekin,2002,4.0,3.78,6.295,2.515,0.00749999999999984,10.067499999999999,False,False,OK
E12000005,West Midlands,E06000021,Stoke-on-Trent,2002,2.51,3.78,6.295,2.515,0.00749999999999984,10.067499999999999,False,False,OK
E12000005,West Midlands,E06000051,Shropshire,2002,,3.78,6.295,2.515,0.00749999999999984,10.067499999999999,False,True,Missing ratio value
E12000005,West Midlands,E07000192,Cannock Chase,2002,3.94,3.78,6.295,2.515,0.00749999999999984,10.067499999999999,False,False,OK
E12000005,West Midlands,E07000193,East Staffordshire,2002,4.02,3.78,6.295,2.515,0.00749999999999984,10.067499999999999,False,False,OK
E12000005,West Midlands,E07000194,Lichfield,2002,5.1,3.78,6.295,2.515,0.00749999999999984,10.067499999999999,False,False,OK
E12000005,West Midlands,E07000195,Newcastle-under-Lyme,2002,3.53,3.78,6.295,2.515,0.00749999999999984,10.067499999999999,False,False,OK
E12000005,West Midlands,E07000196,South Staffordshire,2002,5.3,3.78,6.295,2.515,0.00749999999999984,10.067499999999999,False,False,OK
E12000005,West Midlands,E07000197,Stafford,2002,4.31,3.78,6.295,2.515,0.00749999999999984,10.067499999999999,False,False,OK
E12000005,West Midlands,E07000198,Staffordshire Moorlands,2002,3.67,3.78,6.295,2.515,0.00749999999999984,10.067499999999999,False,False,OK
E12000005,West Midlands,E07000199,Tamworth,2002,4.07,3.78,6.295,2.515,0.00749999999999984,10.067499999999999,False,False,OK
E12000005,West Midlands,E07000218,North Warwickshire,2002,4.67,3.78,6.295,2.515,0.00749999999999984,10.067499999999999,False,False,OK
E12000005,West Midlands,E07000219,Nuneaton and Bedworth,2002,3.9,3.78,6.295,2.515,0.00749999999999984,10.067499999999999,False,False,OK
E12000005,West Midlands,E07000220,Rugby,2002,4.91,3.78,6.295,2.515,0.00749999999999984,10.067499999999999,False,False,OK
E12000005,West Midlands,E07000221,Stratford-on-Avon,2002,6.39,3.78,6.295,2.515,0.00749999999999984,10.067499999999999,False,False,OK
E12000005,West Midlands,E07000222,Warwick,2002,5.86,3.78,6.295,2.515,0.00749999999999984,10.067499999999999,False,False,OK
E12000005,West Midlands,E07000234,Bromsgrove,2002,6.01,3.78,6.295,2.515,0.00749999999999984,10.067499999999999,False,False,OK
E12000005,West Midlands,E07000235,Malvern Hills,2002,6.37,3.78,6.295,2.515,0.00749999999999984,10.067499999999999,False,False,OK
E12000005,West Midlands,E07000236,Redditch,2002,4.86,3.78,6.295,2.515,0.00749999999999984,10.067499999999999,False,False,OK
E12000005,West Midlands,E07000237,Worcester,2002,4.55,3.78,6.295,2.515,0.00749999999999984,10.067499999999999,False,False,OK
E12000005,West Midlands,E07000238,Wychavon,2002,6.52,3.78,6.295,2.515,0.00749999999999984,10.067499999999999,False,False,OK
E12000005,West Midlands,E07000239,Wyre Forest,2002,4.89,3.78,6.295,2.515,0.00749999999999984,10.067499999999999,False,False,OK
E12000005,West Midlands,E08000025,Birmingham,2002,3.95,3.78,6.295,2.515,0.00749999999999984,10.067499999999999,False,False,OK
E12000005,West Midlands,E08000026,Coventry,2002,3.78,3.78,6.295,2.515,0.00749999999999984,10.067499999999999,False,False,OK
E12000005,West Midlands,E08000027,Dudley,2002,4.14,3.78,6.295,2.515,0.00749999999999984,10.067499999999999,False,False,OK
E12000005,West Midlands,E08000028,Sandwell,2002,3.64,3.78,6.295,2.515,0.00749999999999984,10.067499999999999,False,False,OK
E12000005,West Midlands,E08000029,Solihull,2002,5.78,3.78,6.295,2.515,0.00749999999999984,10.067499999999999,False,False,OK
E12000005,West Midlands,E08000030,Walsall,2002,3.95,3.78,6.295,2.515,0.00749999999999984,10.067499999999999,False,False,OK
E12000005,West Midlands,E08000031,Wolverhampton,2002,3.62,3.78,6.295,2.515,0.00749999999999984,10.067499999999999,False,False,OK
E12000006,East of England,E06000031,Peterborough,2002,3.89,3.78,6.295,2.515,0.00749999999999984,10.067499999999999,False,False,OK
E12000006,East of England,E06000032,Luton,2002,4.57,3.78,6.295,2.515,0.00749999999999984,10.067499999999999,False,False,OK
E12000006,East of England,E06000033,Southend-on-Sea,2002,4.57,3.78,6.295,2.515,0.00749999999999984,10.067499999999999,False,False,OK
E12000006,East of England,E06000034,Thurrock,2002,4.26,3.78,6.295,2.515,0.00749999999999984,10.067499999999999,False,False,OK
E12000006,East of England,E06000055,Bedford,2002,5.19,3.78,6.295,2.515,0.00749999999999984,10.067499999999999,False,False,OK
E12000006,East of England,E06000056,Central Bedfordshire,2002,,3.78,6.295,2.515,0.00749999999999984,10.067499999999999,False,True,Missing ratio value
E12000006,East of England,E07000008,Cambridge,2002,7.18,3.78,6.295,2.515,0.00749999999999984,10.067499999999999,False,False,OK
E12000006,East of England,E07000009,East Cambridgeshire,2002,6.13,3.78,6.295,2.515,0.00749999999999984,10.067499999999999,False,False,OK
E12000006,East of England,E07000010,Fenland,2002,4.56,3.78,6.295,2.515,0.00749999999999984,10.067499999999999,False,False,OK
E12000006,East of England,E07000011,Huntingdonshire,2002,4.65,3.78,6.295,2.515,0.00749999999999984,10.067499999999999,False,False,OK
E12000006,East of England,E07000012,South Cambridgeshire,2002,7.54,3.78,6.295,2.515,0.00749999999999984,10.067499999999999,False,False,OK
E12000006,East of England,E07000066,Basildon,2002,4.49,3.78,6.295,2.515,0.00749999999999984,10.067499999999999,False,False,OK
E12000006,East of England,E07000067,Braintree,2002,5.51,3.78,6.295,2.515,0.00749999999999984,10.067499999999999,False,False,OK
E12000006,East of England,E07000068,Brentwood,2002,6.06,3.78,6.295,2.515,0.00749999999999984,10.067499999999999,False,False,OK
E12000006,East of England,E07000069,Castle Point,2002,5.51,3.78,6.295,2.515,0.00749999999999984,10.067499999999999,False,False,OK
E12000006,East of England,E07000070,Chelmsford,2002,5.56,3.78,6.295,2.515,0.00749999999999984,10.067499999999999,False,False,OK
E12000006,East of England,E07000071,Colchester,2002,4.81,3.78,6.295,2.515,0.00749999999999984,10.067499999999999,False,False,OK
E12000006,East of England,E07000072,Epping Forest,2002,7.43,3.78,6.295,2.515,0.00749999999999984,10.067499999999999,False,False,OK
E12000006,East of England,E07000073,Harlow,2002,5.43,3.78,6.295,2.515,0.00749999999999984,10.067499999999999,False,False,OK
E12000006,East of England,E07000074,Maldon,2002,5.14,3.78,6.295,2.515,0.00749999999999984,10.067499999999999,False,False,OK
E12000006,East of England,E07000075,Rochford,2002,5.29,3.78,6.295,2.515,0.00749999999999984,10.067499999999999,False,False,OK
E12000006,East of England,E07000076,Tendring,2002,5.18,3.78,6.295,2.515,0.00749999999999984,10.067499999999999,False,False,OK
E12000006,East of England,E07000077,Uttlesford,2002,6.29,3.78,6.295,2.515,0.00749999999999984,10.067499999999999,False,False,OK
E12000006,East of England,E07000095,Broxbourne,2002,6.5,3.78,6.295,2.515,0.00749999999999984,10.067499999999999,False,False,OK
E12000006,East of England,E07000096,Dacorum,2002,6.09,3.78,6.295,2.515,0.00749999999999984,10.067499999999999,False,False,OK
E12000006,East of England,E07000098,Hertsmere,2002,6.64,3.78,6.295,2.515,0.00749999999999984,10.067499999999999,False,False,OK
E12000006,East of England,E07000099,North Hertfordshire,2002,5.54,3.78,6.295,2.515,0.00749999999999984,10.067499999999999,False,False,OK
E12000006,East of England,E07000102,Three Rivers,2002,7.52,3.78,6.295,2.515,0.00749999999999984,10.067499999999999,False,False,OK
E12000006,East of England,E07000103,Watford,2002,5.54,3.78,6.295,2.515,0.00749999999999984,10.067499999999999,False,False,OK
E12000006,East of England,E07000143,Breckland,2002,5.16,3.78,6.295,2.515,0.00749999999999984,10.067499999999999,False,False,OK
E12000006,East of England,E07000144,Broadland,2002,5.85,3.78,6.295,2.515,0.00749999999999984,10.067499999999999,False,False,OK
E12000006,East of England,E07000145,Great Yarmouth,2002,4.04,3.78,6.295,2.515,0.00749999999999984,10.067499999999999,False,False,OK
E12000006,East of England,E07000146,King's Lynn and West Norfolk,2002,4.88,3.78,6.295,2.515,0.00749999999999984,10.067499999999999,False,False,OK
E12000006,East of England,E07000147,North Norfolk,2002,6.01,3.78,6.295,2.515,0.00749999999999984,10.067499999999999,False,False,OK
E12000006,East of England,E07000148,Norwich,2002,4.73,3.78,6.295,2.515,0.00749999999999984,10.067499999999999,False,False,OK
E12000006,East of England,E07000149,South Norfolk,2002,5.84,3.78,6.295,2.515,0.00749999999999984,10.067499999999999,False,False,OK
E12000006,East of England,E07000200,Babergh,2002,5.92,3.78,6.295,2.515,0.00749999999999984,10.067499999999999,False,False,OK
E12000006,East of England,E07000202,Ipswich,2002,4.69,3.78,6.295,2.515,0.00749999999999984,10.067499999999999,False,False,OK
E12000006,East of England,E07000203,Mid Suffolk,2002,5.96,3.78,6.295,2.515,0.00749999999999984,10.067499999999999,False,False,OK
E12000006,East of England,E07000240,St Albans,2002,,3.78,6.295,2.515,0.00749999999999984,10.067499999999999,False,True,Missing ratio value
E12000006,East of England,E07000241,Welwyn Hatfield,2002,,3.78,6.295,2.515,0.00749999999999984,10.067499999999999,False,True,Missing ratio value
E12000006,East of England,E07000242,East Hertfordshire,2002,,3.78,6.295,2.515,0.00749999999999984,10.067499999999999,False,True,Missing ratio value
E12000006,East of England,E07000243,Stevenage,2002,,3.78,6.295,2.515,0.00749999999999984,10.067499999999999,False,True,Missing ratio value
E12000006,East of England,E07000244,East Suffolk,2002,,3.78,6.295,2.515,0.00749999999999984,10.067499999999999,False,True,Missing ratio value
E12000006,East of England,E07000245,West Suffolk,2002,,3.78,6.295,2.515,0.00749999999999984,10.067499999999999,False,True,Missing ratio value
E12000007,London,E09000001,City of London,2002,6.29,3.78,6.295,2.515,0.00749999999999984,10.067499999999999,False,False,OK
E12000007,London,E09000002,Barking and Dagenham,2002,4.68,3.78,6.295,2.515,0.00749999999999984,10.067499999999999,False,False,OK
E12000007,London,E09000003,Barnet,2002,7.42,3.78,6.295,2.515,0.00749999999999984,10.067499999999999,False,False,OK
E12000007,London,E09000004,Bexley,2002,5.56,3.78,6.295,2.515,0.00749999999999984,10.067499999999999,False,False,OK
E12000007,London,E09000005,Brent,2002,8.1,3.78,6.295,2.515,0.00749999999999984,10.067499999999999,False,False,OK
E12000007,London,E09000006,Bromley,2002,6.48,3.78,6.295,2.515,0.00749999999999984,10.067499999999999,False,False,OK
E12000007,London,E09000007,Camden,2002,9.71,3.78,6.295,2.515,0.00749999999999984,10.067499999999999,False,False,OK
E12000007,London,E09000008,Croydon,2002,5.82,3.78,6.295,2.515,0.00749999999999984,10.067499999999999,False,False,OK
E12000007,London,E09000009,Ealing,2002,7.08,3.78,6.295,2.515,0.00749999999999984,10.067499999999999,False,False,OK
E12000007,London,E09000010,Enfield,2002,6.03,3.78,6.295,2.515,0.00749999999999984,10.067499999999999,False,False,OK
E12000007,London,E09000011,Greenwich,2002,5.99,3.78,6.295,2.515,0.00749999999999984,10.067499999999999,False,False,OK
E12000007,London,E09000012,Hackney,2002,7.37,3.78,6.295,2.515,0.00749999999999984,10.067499999999999,False,False,OK
E12000007,London,E09000013,Hammersmith and Fulham,2002,8.55,3.78,6.295,2.515,0.00749999999999984,10.067499999999999,False,False,OK
E12000007,London,E09000014,Haringey,2002,7.03,3.78,6.295,2.515,0.00749999999999984,10.067499999999999,False,False,OK
E12000007,London,E09000015,Harrow,2002,7.59,3.78,6.295,2.515,0.00749999999999984,10.067499999999999,False,False,OK
E12000007,London,E09000016,Havering,2002,5.63,3.78,6.295,2.515,0.00749999999999984,10.067499999999999,False,False,OK
E12000007,London,E09000017,Hillingdon,2002,6.47,3.78,6.295,2.515,0.00749999999999984,10.067499999999999,False,False,OK
E12000007,London,E09000018,Hounslow,2002,7.0,3.78,6.295,2.515,0.00749999999999984,10.067499999999999,False,False,OK
E12000007,London,E09000019,Islington,2002,8.71,3.78,6.295,2.515,0.00749999999999984,10.067499999999999,False,False,OK
E12000007,London,E09000020,Kensington and Chelsea,2002,10.68,3.78,6.295,2.515,0.00749999999999984,10.067499999999999,True,False,Statistical outlier
E12000007,London,E09000021,Kingston upon Thames,2002,7.16,3.78,6.295,2.515,0.00749999999999984,10.067499999999999,False,False,OK
E12000007,London,E09000022,Lambeth,2002,8.02,3.78,6.295,2.515,0.00749999999999984,10.067499999999999,False,False,OK
E12000007,London,E09000023,Lewisham,2002,5.85,3.78,6.295,2.515,0.00749999999999984,10.067499999999999,False,False,OK
E12000007,London,E09000024,Merton,2002,6.81,3.78,6.295,2.515,0.00749999999999984,10.067499999999999,False,False,OK
E12000007,London,E09000025,Newham,2002,6.47,3.78,6.295,2.515,0.00749999999999984,10.067499999999999,False,False,OK
E12000007,London,E09000026,Redbridge,2002,6.22,3.78,6.295,2.515,0.00749999999999984,10.067499999999999,False,False,OK
E12000007,London,E09000027,Richmond upon Thames,2002,7.26,3.78,6.295,2.515,0.00749999999999984,10.067499999999999,False,False,OK
E12000007,London,E09000028,Southwark,2002,7.54,3.78,6.295,2.515,0.00749999999999984,10.067499999999999,False,False,OK
E12000007,London,E09000029,Sutton,2002,6.29,3.78,6.295,2.515,0.00749999999999984,10.067499999999999,False,False,OK
E12000007,London,E09000030,Tower Hamlets,2002,7.81,3.78,6.295,2.515,0.00749999999999984,10.067499999999999,False,False,OK
E12000007,London,E09000031,Waltham Forest,2002,5.69,3.78,6.295,2.515,0.00749999999999984,10.067499999999999,False,False,OK
E12000007,London,E09000032,Wandsworth,2002,7.52,3.78,6.295,2.515,0.00749999999999984,10.067499999999999,False,False,OK
E12000007,London,E09000033,Westminster,2002,11.01,3.78,6.295,2.515,0.00749999999999984,10.067499999999999,True,False,Statistical outlier
E12000008,South East,E06000035,Medway,2002,4.24,3.78,6.295,2.515,0.00749999999999984,10.067499999999999,False,False,OK
E12000008,South East,E06000036,Bracknell Forest,2002,5.76,3.78,6.295,2.515,0.00749999999999984,10.067499999999999,False,False,OK
E12000008,South East,E06000037,West Berkshire,2002,6.73,3.78,6.295,2.515,0.00749999999999984,10.067499999999999,False,False,OK
E12000008,South East,E06000038,Reading,2002,5.92,3.78,6.295,2.515,0.00749999999999984,10.067499999999999,False,False,OK
E12000008,South East,E06000039,Slough,2002,6.11,3.78,6.295,2.515,0.00749999999999984,10.067499999999999,False,False,OK
E12000008,South East,E06000040,Windsor and Maidenhead,2002,7.47,3.78,6.295,2.515,0.00749999999999984,10.067499999999999,False,False,OK
E12000008,South East,E06000041,Wokingham,2002,6.43,3.78,6.295,2.515,0.00749999999999984,10.067499999999999,False,False,OK
E12000008,South East,E06000042,Milton Keynes,2002,5.33,3.78,6.295,2.515,0.00749999999999984,10.067499999999999,False,False,OK
E12000008,South East,E06000043,Brighton and Hove,2002,6.37,3.78,6.295,2.515,0.00749999999999984,10.067499999999999,False,False,OK
E12000008,South East,E06000044,Portsmouth,2002,4.9,3.78,6.295,2.515,0.00749999999999984,10.067499999999999,False,False,OK
E12000008,South East,E06000045,Southampton,2002,5.66,3.78,6.295,2.515,0.00749999999999984,10.067499999999999,False,False,OK
E12000008,South East,E06000046,Isle of Wight,2002,6.01,3.78,6.295,2.515,0.00749999999999984,10.067499999999999,False,False,OK
E12000008,South East,E06000060,Buckinghamshire,2002,6.54,3.78,6.295,2.515,0.00749999999999984,10.067499999999999,False,False,OK
E12000008,South East,E07000061,Eastbourne,2002,5.51,3.78,6.295,2.515,0.00749999999999984,10.067499999999999,False,False,OK
E12000008,South East,E07000062,Hastings,2002,5.07,3.78,6.295,2.515,0.00749999999999984,10.067499999999999,False,False,OK
E12000008,South East,E07000063,Lewes,2002,6.27,3.78,6.295,2.515,0.00749999999999984,10.067499999999999,False,False,OK
E12000008,South East,E07000064,Rother,2002,6.38,3.78,6.295,2.515,0.00749999999999984,10.067499999999999,False,False,OK
E12000008,South East,E07000065,Wealden,2002,6.53,3.78,6.295,2.515,0.00749999999999984,10.067499999999999,False,False,OK
E12000008,South East,E07000084,Basingstoke and Deane,2002,5.74,3.78,6.295,2.515,0.00749999999999984,10.067499999999999,False,False,OK
E12000008,South East,E07000085,East Hampshire,2002,6.31,3.78,6.295,2.515,0.00749999999999984,10.067499999999999,False,False,OK
E12000008,South East,E07000086,Eastleigh,2002,6.27,3.78,6.295,2.515,0.00749999999999984,10.067499999999999,False,False,OK
E12000008,South East,E07000087,Fareham,2002,6.2,3.78,6.295,2.515,0.00749999999999984,10.067499999999999,False,False,OK
E12000008,South East,E07000088,Gosport,2002,5.67,3.78,6.295,2.515,0.00749999999999984,10.067499999999999,False,False,OK
E12000008,South East,E07000089,Hart,2002,6.39,3.78,6.295,2.515,0.00749999999999984,10.067499999999999,False,False,OK
E12000008,South East,E07000090,Havant,2002,6.46,3.78,6.295,2.515,0.00749999999999984,10.067499999999999,False,False,OK
E12000008,South East,E07000091,New Forest,2002,7.15,3.78,6.295,2.515,0.00749999999999984,10.067499999999999,False,False,OK
E12000008,South East,E07000092,Rushmoor,2002,6.03,3.78,6.295,2.515,0.00749999999999984,10.067499999999999,False,False,OK
E12000008,South East,E07000093,Test Valley,2002,6.74,3.78,6.295,2.515,0.00749999999999984,10.067499999999999,False,False,OK
E12000008,South East,E07000094,Winchester,2002,7.37,3.78,6.295,2.515,0.00749999999999984,10.067499999999999,False,False,OK
E12000008,South East,E07000105,Ashford,2002,5.84,3.78,6.295,2.515,0.00749999999999984,10.067499999999999,False,False,OK
E12000008,South East,E07000106,Canterbury,2002,6.28,3.78,6.295,2.515,0.00749999999999984,10.067499999999999,False,False,OK
E12000008,South East,E07000107,Dartford,2002,5.01,3.78,6.295,2.515,0.00749999999999984,10.067499999999999,False,False,OK
E12000008,South East,E07000108,Dover,2002,4.66,3.78,6.295,2.515,0.00749999999999984,10.067499999999999,False,False,OK
E12000008,South East,E07000109,Gravesham,2002,4.93,3.78,6.295,2.515,0.00749999999999984,10.067499999999999,False,False,OK
E12000008,South East,E07000110,Maidstone,2002,6.12,3.78,6.295,2.515,0.00749999999999984,10.067499999999999,False,False,OK
E12000008,South East,E07000111,Sevenoaks,2002,7.35,3.78,6.295,2.515,0.00749999999999984,10.067499999999999,False,False,OK
E12000008,South East,E07000112,Folkestone and Hythe,2002,5.14,3.78,6.295,2.515,0.00749999999999984,10.067499999999999,False,False,OK
E12000008,South East,E07000113,Swale,2002,4.76,3.78,6.295,2.515,0.00749999999999984,10.067499999999999,False,False,OK
E12000008,South East,E07000114,Thanet,2002,5.03,3.78,6.295,2.515,0.00749999999999984,10.067499999999999,False,False,OK
E12000008,South East,E07000115,Tonbridge and Malling,2002,7.17,3.78,6.295,2.515,0.00749999999999984,10.067499999999999,False,False,OK
E12000008,South East,E07000116,Tunbridge Wells,2002,6.16,3.78,6.295,2.515,0.00749999999999984,10.067499999999999,False,False,OK
E12000008,South East,E07000177,Cherwell,2002,5.75,3.78,6.295,2.515,0.00749999999999984,10.067499999999999,False,False,OK
E12000008,South East,E07000178,Oxford,2002,8.65,3.78,6.295,2.515,0.00749999999999984,10.067499999999999,False,False,OK
E12000008,South East,E07000179,South Oxfordshire,2002,6.76,3.78,6.295,2.515,0.00749999999999984,10.067499999999999,False,False,OK
E12000008,South East,E07000180,Vale of White Horse,2002,7.1,3.78,6.295,2.515,0.00749999999999984,10.067499999999999,False,False,OK
E12000008,South East,E07000181,West Oxfordshire,2002,6.67,3.78,6.295,2.515,0.00749999999999984,10.067499999999999,False,False,OK
E12000008,South East,E07000207,Elmbridge,2002,8.35,3.78,6.295,2.515,0.00749999999999984,10.067499999999999,False,False,OK
E12000008,South East,E07000208,Epsom and Ewell,2002,8.13,3.78,6.295,2.515,0.00749999999999984,10.067499999999999,False,False,OK
E12000008,South East,E07000209,Guildford,2002,7.08,3.78,6.295,2.515,0.00749999999999984,10.067499999999999,False,False,OK
E12000008,South East,E07000210,Mole Valley,2002,7.79,3.78,6.295,2.515,0.00749999999999984,10.067499999999999,False,False,OK
E12000008,South East,E07000211,Reigate and Banstead,2002,6.87,3.78,6.295,2.515,0.00749999999999984,10.067499999999999,False,False,OK
E12000008,South East,E07000212,Runnymede,2002,7.34,3.78,6.295,2.515,0.00749999999999984,10.067499999999999,False,False,OK
E12000008,South East,E07000213,Spelthorne,2002,6.59,3.78,6.295,2.515,0.00749999999999984,10.067499999999999,False,False,OK
E12000008,South East,E07000214,Surrey Heath,2002,6.86,3.78,6.295,2.515,0.00749999999999984,10.067499999999999,False,False,OK
E12000008,South East,E07000215,Tandridge,2002,7.07,3.78,6.295,2.515,0.00749999999999984,10.067499999999999,False,False,OK
E12000008,South East,E07000216,Waverley,2002,7.37,3.78,6.295,2.515,0.00749999999999984,10.067499999999999,False,False,OK
E12000008,South East,E07000217,Woking,2002,6.7,3.78,6.295,2.515,0.00749999999999984,10.067499999999999,False,False,OK
E12000008,South East,E07000223,Adur,2002,6.11,3.78,6.295,2.515,0.00749999999999984,10.067499999999999,False,False,OK
E12000008,South East,E07000224,Arun,2002,7.27,3.78,6.295,2.515,0.00749999999999984,10.067499999999999,False,False,OK
E12000008,South East,E07000225,Chichester,2002,6.16,3.78,6.295,2.515,0.00749999999999984,10.067499999999999,False,False,OK
E12000008,South East,E07000226,Crawley,2002,5.99,3.78,6.295,2.515,0.00749999999999984,10.067499999999999,False,False,OK
E12000008,South East,E07000227,Horsham,2002,7.21,3.78,6.295,2.515,0.00749999999999984,10.067499999999999,False,False,OK
E12000008,South East,E07000228,Mid Sussex,2002,6.84,3.78,6.295,2.515,0.00749999999999984,10.067499999999999,False,False,OK
E12000008,South East,E07000229,Worthing,2002,5.44,3.78,6.295,2.515,0.00749999999999984,10.067499999999999,False,False,OK
E12000009,South West,E06000022,Bath and North East Somerset,2002,6.48,3.78,6.295,2.515,0.00749999999999984,10.067499999999999,False,False,OK
E12000009,South West,E06000023,"Bristol, City of",2002,5.45,3.78,6.295,2.515,0.00749999999999984,10.067499999999999,False,False,OK
E12000009,South West,E06000024,North Somerset,2002,5.16,3.78,6.295,2.515,0.00749999999999984,10.067499999999999,False,False,OK
E12000009,South West,E06000025,South Gloucestershire,2002,5.59,3.78,6.295,2.515,0.00749999999999984,10.067499999999999,False,False,OK
E12000009,South West,E06000026,Plymouth,2002,4.19,3.78,6.295,2.515,0.00749999999999984,10.067499999999999,False,False,OK
E12000009,South West,E06000027,Torbay,2002,6.16,3.78,6.295,2.515,0.00749999999999984,10.067499999999999,False,False,OK
E12000009,South West,E06000030,Swindon,2002,5.44,3.78,6.295,2.515,0.00749999999999984,10.067499999999999,False,False,OK
E12000009,South West,E06000052,Cornwall,2002,,3.78,6.295,2.515,0.00749999999999984,10.067499999999999,False,True,Missing ratio value
E12000009,South West,E06000053,Isles of Scilly,2002,,3.78,6.295,2.515,0.00749999999999984,10.067499999999999,False,True,Missing ratio value
E12000009,South West,E06000054,Wiltshire,2002,6.32,3.78,6.295,2.515,0.00749999999999984,10.067499999999999,False,False,OK
E12000009,South West,E06000058,"Bournemouth, Christchurch and Poole",2002,,3.78,6.295,2.515,0.00749999999999984,10.067499999999999,False,True,Missing ratio value
E12000009,South West,E06000059,Dorset,2002,,3.78,6.295,2.515,0.00749999999999984,10.067499999999999,False,True,Missing ratio value
E12000009,South West,E06000066,Somerset,2002,,3.78,6.295,2.515,0.00749999999999984,10.067499999999999,False,True,Missing ratio value
E12000009,South West,E07000040,East Devon,2002,7.54,3.78,6.295,2.515,0.00749999999999984,10.067499999999999,False,False,OK
E12000009,South West,E07000041,Exeter,2002,5.77,3.78,6.295,2.515,0.00749999999999984,10.067499999999999,False,False,OK
E12000009,South West,E07000042,Mid Devon,2002,6.08,3.78,6.295,2.515,0.00749999999999984,10.067499999999999,False,False,OK
E12000009,South West,E07000043,North Devon,2002,7.06,3.78,6.295,2.515,0.00749999999999984,10.067499999999999,False,False,OK
E12000009,South West,E07000044,South Hams,2002,6.78,3.78,6.295,2.515,0.00749999999999984,10.067499999999999,False,False,OK
E12000009,South West,E07000045,Teignbridge,2002,6.6,3.78,6.295,2.515,0.00749999999999984,10.067499999999999,False,False,OK
E12000009,South West,E07000046,Torridge,2002,6.41,3.78,6.295,2.515,0.00749999999999984,10.067499999999999,False,False,OK
E12000009,South West,E07000047,West Devon,2002,6.38,3.78,6.295,2.515,0.00749999999999984,10.067499999999999,False,False,OK
E12000009,South West,E07000078,Cheltenham,2002,5.54,3.78,6.295,2.515,0.00749999999999984,10.067499999999999,False,False,OK
E12000009,South West,E07000079,Cotswold,2002,8.0,3.78,6.295,2.515,0.00749999999999984,10.067499999999999,False,False,OK
E12000009,South West,E07000080,Forest of Dean,2002,5.33,3.78,6.295,2.515,0.00749999999999984,10.067499999999999,False,False,OK
E12000009,South West,E07000081,Gloucester,2002,4.53,3.78,6.295,2.515,0.00749999999999984,10.067499999999999,False,False,OK
E12000009,South West,E07000082,Stroud,2002,6.02,3.78,6.295,2.515,0.00749999999999984,10.067499999999999,False,False,OK
E12000009,South West,E07000083,Tewkesbury,2002,5.25,3.78,6.295,2.515,0.00749999999999984,10.067499999999999,False,False,OK
W92000004,Wales,W06000001,Isle of Anglesey,2002,4.19,3.78,6.295,2.515,0.00749999999999984,10.067499999999999,False,False,OK
W92000004,Wales,W06000002,Gwynedd,2002,3.9,3.78,6.295,2.515,0.00749999999999984,10.067499999999999,False,False,OK
W92000004,Wales,W06000003,Conwy,2002,3.81,3.78,6.295,2.515,0.00749999999999984,10.067499999999999,False,False,OK
W92000004,Wales,W06000004,Denbighshire,2002,3.09,3.78,6.295,2.515,0.00749999999999984,10.067499999999999,False,False,OK
W92000004,Wales,W06000005,Flintshire,2002,3.38,3.78,6.295,2.515,0.00749999999999984,10.067499999999999,False,False,OK
W92000004,Wales,W06000006,Wrexham,2002,3.5,3.78,6.295,2.515,0.00749999999999984,10.067499999999999,False,False,OK
W92000004,Wales,W06000008,Ceredigion,2002,4.8,3.78,6.295,2.515,0.00749999999999984,10.067499999999999,False,False,OK
W92000004,Wales,W06000009,Pembrokeshire,2002,4.72,3.78,6.295,2.515,0.00749999999999984,10.067499999999999,False,False,OK
W92000004,Wales,W06000010,Carmarthenshire,2002,2.9,3.78,6.295,2.515,0.00749999999999984,10.067499999999999,False,False,OK
W92000004,Wales,W06000011,Swansea,2002,3.22,3.78,6.295,2.515,0.00749999999999984,10.067499999999999,False,False,OK
W92000004,Wales,W06000012,Neath Port Talbot,2002,2.47,3.78,6.295,2.515,0.00749999999999984,10.067499999999999,False,False,OK
W92000004,Wales,W06000013,Bridgend,2002,3.32,3.78,6.295,2.515,0.00749999999999984,10.067499999999999,False,False,OK
W92000004,Wales,W06000014,Vale of Glamorgan,2002,4.47,3.78,6.295,2.515,0.00749999999999984,10.067499999999999,False,False,OK
W92000004,Wales,W06000015,Cardiff,2002,4.85,3.78,6.295,2.515,0.00749999999999984,10.067499999999999,False,False,OK
W92000004,Wales,W06000016,Rhondda Cynon Taf,2002,2.46,3.78,6.295,2.515,0.00749999999999984,10.067499999999999,False,False,OK
W92000004,Wales,W06000018,Caerphilly,2002,3.0,3.78,6.295,2.515,0.00749999999999984,10.067499999999999,False,False,OK
W92000004,Wales,W06000019,Blaenau Gwent,2002,2.42,3.78,6.295,2.515,0.00749999999999984,10.067499999999999,False,False,OK
W92000004,Wales,W06000020,Torfaen,2002,2.95,3.78,6.295,2.515,0.00749999999999984,10.067499999999999,False,False,OK
W92000004,Wales,W06000021,Monmouthshire,2002,5.43,3.78,6.295,2.515,0.00749999999999984,10.067499999999999,False,False,OK
W92000004,Wales,W06000022,Newport,2002,3.76,3.78,6.295,2.515,0.00749999999999984,10.067499999999999,False,False,OK
W92000004,Wales,W06000023,Powys,2002,4.57,3.78,6.295,2.515,0.00749999999999984,10.067499999999999,False,False,OK
W92000004,Wales,W06000024,Merthyr Tydfil,2002,2.35,3.78,6.295,2.515,0.00749999999999984,10.067499999999999,False,False,OK
E12000001,North East,E06000001,Hartlepool,2003,3.02,4.6325,7.15,2.5175,0.8562500000000002,10.92625,False,False,OK
E12000001,North East,E06000002,Middlesbrough,2003,2.65,4.6325,7.15,2.5175,0.8562500000000002,10.92625,False,False,OK
E12000001,North East,E06000003,Redcar and Cleveland,2003,3.95,4.6325,7.15,2.5175,0.8562500000000002,10.92625,False,False,OK
E12000001,North East,E06000004,Stockton-on-Tees,2003,4.03,4.6325,7.15,2.5175,0.8562500000000002,10.92625,False,False,OK
E12000001,North East,E06000005,Darlington,2003,4.06,4.6325,7.15,2.5175,0.8562500000000002,10.92625,False,False,OK
E12000001,North East,E06000047,County Durham,2003,3.32,4.6325,7.15,2.5175,0.8562500000000002,10.92625,False,False,OK
E12000001,North East,E06000057,Northumberland,2003,4.42,4.6325,7.15,2.5175,0.8562500000000002,10.92625,False,False,OK
E12000001,North East,E08000021,Newcastle upon Tyne,2003,4.84,4.6325,7.15,2.5175,0.8562500000000002,10.92625,False,False,OK
E12000001,North East,E08000022,North Tyneside,2003,4.61,4.6325,7.15,2.5175,0.8562500000000002,10.92625,False,False,OK
E12000001,North East,E08000023,South Tyneside,2003,3.18,4.6325,7.15,2.5175,0.8562500000000002,10.92625,False,False,OK
E12000001,North East,E08000024,Sunderland,2003,3.93,4.6325,7.15,2.5175,0.8562500000000002,10.92625,False,False,OK
E12000001,North East,E08000037,Gateshead,2003,4.25,4.6325,7.15,2.5175,0.8562500000000002,10.92625,False,False,OK
E12000002,North West,E06000006,Halton,2003,4.1,4.6325,7.15,2.5175,0.8562500000000002,10.92625,False,False,OK
E12000002,North West,E06000007,Warrington,2003,4.86,4.6325,7.15,2.5175,0.8562500000000002,10.92625,False,False,OK
E12000002,North West,E06000008,Blackburn with Darwen,2003,2.68,4.6325,7.15,2.5175,0.8562500000000002,10.92625,False,False,OK
E12000002,North West,E06000009,Blackpool,2003,3.94,4.6325,7.15,2.5175,0.8562500000000002,10.92625,False,False,OK
E12000002,North West,E06000049,Cheshire East,2003,5.33,4.6325,7.15,2.5175,0.8562500000000002,10.92625,False,False,OK
E12000002,North West,E06000050,Cheshire West and Chester,2003,4.79,4.6325,7.15,2.5175,0.8562500000000002,10.92625,False,False,OK
E12000002,North West,E06000063,Cumberland,2003,3.28,4.6325,7.15,2.5175,0.8562500000000002,10.92625,False,False,OK
E12000002,North West,E06000064,Westmorland and Furness,2003,4.99,4.6325,7.15,2.5175,0.8562500000000002,10.92625,False,False,OK
E12000002,North West,E07000117,Burnley,2003,1.59,4.6325,7.15,2.5175,0.8562500000000002,10.92625,False,False,OK
E12000002,North West,E07000118,Chorley,2003,4.47,4.6325,7.15,2.5175,0.8562500000000002,10.92625,False,False,OK
E12000002,North West,E07000119,Fylde,2003,4.79,4.6325,7.15,2.5175,0.8562500000000002,10.92625,False,False,OK
E12000002,North West,E07000120,Hyndburn,2003,2.4,4.6325,7.15,2.5175,0.8562500000000002,10.92625,False,False,OK
E12000002,North West,E07000121,Lancaster,2003,3.84,4.6325,7.15,2.5175,0.8562500000000002,10.92625,False,False,OK
E12000002,North West,E07000122,Pendle,2003,2.29,4.6325,7.15,2.5175,0.8562500000000002,10.92625,False,False,OK
E12000002,North West,E07000123,Preston,2003,3.35,4.6325,7.15,2.5175,0.8562500000000002,10.92625,False,False,OK
E12000002,North West,E07000124,Ribble Valley,2003,5.46,4.6325,7.15,2.5175,0.8562500000000002,10.92625,False,False,OK
E12000002,North West,E07000125,Rossendale,2003,3.37,4.6325,7.15,2.5175,0.8562500000000002,10.92625,False,False,OK
E12000002,North West,E07000126,South Ribble,2003,4.48,4.6325,7.15,2.5175,0.8562500000000002,10.92625,False,False,OK
E12000002,North West,E07000127,West Lancashire,2003,4.88,4.6325,7.15,2.5175,0.8562500000000002,10.92625,False,False,OK
E12000002,North West,E07000128,Wyre,2003,4.46,4.6325,7.15,2.5175,0.8562500000000002,10.92625,False,False,OK
E12000002,North West,E08000001,Bolton,2003,3.25,4.6325,7.15,2.5175,0.8562500000000002,10.92625,False,False,OK
E12000002,North West,E08000002,Bury,2003,3.72,4.6325,7.15,2.5175,0.8562500000000002,10.92625,False,False,OK
E12000002,North West,E08000003,Manchester,2003,4.07,4.6325,7.15,2.5175,0.8562500000000002,10.92625,False,False,OK
E12000002,North West,E08000004,Oldham,2003,3.22,4.6325,7.15,2.5175,0.8562500000000002,10.92625,False,False,OK
E12000002,North West,E08000005,Rochdale,2003,3.29,4.6325,7.15,2.5175,0.8562500000000002,10.92625,False,False,OK
E12000002,North West,E08000006,Salford,2003,3.68,4.6325,7.15,2.5175,0.8562500000000002,10.92625,False,False,OK
E12000002,North West,E08000007,Stockport,2003,5.38,4.6325,7.15,2.5175,0.8562500000000002,10.92625,False,False,OK
E12000002,North West,E08000008,Tameside,2003,3.66,4.6325,7.15,2.5175,0.8562500000000002,10.92625,False,False,OK
E12000002,North West,E08000009,Trafford,2003,5.92,4.6325,7.15,2.5175,0.8562500000000002,10.92625,False,False,OK
E12000002,North West,E08000010,Wigan,2003,3.48,4.6325,7.15,2.5175,0.8562500000000002,10.92625,False,False,OK
E12000002,North West,E08000011,Knowsley,2003,3.77,4.6325,7.15,2.5175,0.8562500000000002,10.92625,False,False,OK
E12000002,North West,E08000012,Liverpool,2003,3.48,4.6325,7.15,2.5175,0.8562500000000002,10.92625,False,False,OK
E12000002,North West,E08000013,St. Helens,2003,3.75,4.6325,7.15,2.5175,0.8562500000000002,10.92625,False,False,OK
E12000002,North West,E08000014,Sefton,2003,4.8,4.6325,7.15,2.5175,0.8562500000000002,10.92625,False,False,OK
E12000002,North West,E08000015,Wirral,2003,4.0,4.6325,7.15,2.5175,0.8562500000000002,10.92625,False,False,OK
E12000003,Yorkshire and The Humber,E06000010,"Kingston upon Hull, City of",2003,2.8,4.6325,7.15,2.5175,0.8562500000000002,10.92625,False,False,OK
E12000003,Yorkshire and The Humber,E06000011,East Riding of Yorkshire,2003,4.42,4.6325,7.15,2.5175,0.8562500000000002,10.92625,False,False,OK
E12000003,Yorkshire and The Humber,E06000012,North East Lincolnshire,2003,2.88,4.6325,7.15,2.5175,0.8562500000000002,10.92625,False,False,OK
E12000003,Yorkshire and The Humber,E06000013,North Lincolnshire,2003,3.35,4.6325,7.15,2.5175,0.8562500000000002,10.92625,False,False,OK
E12000003,Yorkshire and The Humber,E06000014,York,2003,6.2,4.6325,7.15,2.5175,0.8562500000000002,10.92625,False,False,OK
E12000003,Yorkshire and The Humber,E06000065,North Yorkshire,2003,6.27,4.6325,7.15,2.5175,0.8562500000000002,10.92625,False,False,OK
E12000003,Yorkshire and The Humber,E08000017,Doncaster,2003,3.53,4.6325,7.15,2.5175,0.8562500000000002,10.92625,False,False,OK
E12000003,Yorkshire and The Humber,E08000018,Rotherham,2003,3.6,4.6325,7.15,2.5175,0.8562500000000002,10.92625,False,False,OK
E12000003,Yorkshire and The Humber,E08000032,Bradford,2003,3.67,4.6325,7.15,2.5175,0.8562500000000002,10.92625,False,False,OK
E12000003,Yorkshire and The Humber,E08000033,Calderdale,2003,3.43,4.6325,7.15,2.5175,0.8562500000000002,10.92625,False,False,OK
E12000003,Yorkshire and The Humber,E08000034,Kirklees,2003,3.7,4.6325,7.15,2.5175,0.8562500000000002,10.92625,False,False,OK
E12000003,Yorkshire and The Humber,E08000035,Leeds,2003,4.88,4.6325,7.15,2.5175,0.8562500000000002,10.92625,False,False,OK
E12000003,Yorkshire and The Humber,E08000036,Wakefield,2003,4.27,4.6325,7.15,2.5175,0.8562500000000002,10.92625,False,False,OK
E12000003,Yorkshire and The Humber,E08000038,Barnsley,2003,3.23,4.6325,7.15,2.5175,0.8562500000000002,10.92625,False,False,OK
E12000003,Yorkshire and The Humber,E08000039,Sheffield,2003,4.25,4.6325,7.15,2.5175,0.8562500000000002,10.92625,False,False,OK
E12000004,East Midlands,E06000015,Derby,2003,3.82,4.6325,7.15,2.5175,0.8562500000000002,10.92625,False,False,OK
E12000004,East Midlands,E06000016,Leicester,2003,4.96,4.6325,7.15,2.5175,0.8562500000000002,10.92625,False,False,OK
E12000004,East Midlands,E06000017,Rutland,2003,6.73,4.6325,7.15,2.5175,0.8562500000000002,10.92625,False,False,OK
E12000004,East Midlands,E06000018,Nottingham,2003,4.64,4.6325,7.15,2.5175,0.8562500000000002,10.92625,False,False,OK
E12000004,East Midlands,E06000061,North Northamptonshire,2003,4.85,4.6325,7.15,2.5175,0.8562500000000002,10.92625,False,False,OK
E12000004,East Midlands,E06000062,West Northamptonshire,2003,5.51,4.6325,7.15,2.5175,0.8562500000000002,10.92625,False,False,OK
E12000004,East Midlands,E07000032,Amber Valley,2003,4.4,4.6325,7.15,2.5175,0.8562500000000002,10.92625,False,False,OK
E12000004,East Midlands,E07000033,Bolsover,2003,3.56,4.6325,7.15,2.5175,0.8562500000000002,10.92625,False,False,OK
E12000004,East Midlands,E07000034,Chesterfield,2003,3.74,4.6325,7.15,2.5175,0.8562500000000002,10.92625,False,False,OK
E12000004,East Midlands,E07000035,Derbyshire Dales,2003,6.13,4.6325,7.15,2.5175,0.8562500000000002,10.92625,False,False,OK
E12000004,East Midlands,E07000036,Erewash,2003,4.39,4.6325,7.15,2.5175,0.8562500000000002,10.92625,False,False,OK
E12000004,East Midlands,E07000037,High Peak,2003,4.84,4.6325,7.15,2.5175,0.8562500000000002,10.92625,False,False,OK
E12000004,East Midlands,E07000038,North East Derbyshire,2003,4.67,4.6325,7.15,2.5175,0.8562500000000002,10.92625,False,False,OK
E12000004,East Midlands,E07000039,South Derbyshire,2003,5.12,4.6325,7.15,2.5175,0.8562500000000002,10.92625,False,False,OK
E12000004,East Midlands,E07000129,Blaby,2003,5.48,4.6325,7.15,2.5175,0.8562500000000002,10.92625,False,False,OK
E12000004,East Midlands,E07000130,Charnwood,2003,5.82,4.6325,7.15,2.5175,0.8562500000000002,10.92625,False,False,OK
E12000004,East Midlands,E07000131,Harborough,2003,6.28,4.6325,7.15,2.5175,0.8562500000000002,10.92625,False,False,OK
E12000004,East Midlands,E07000132,Hinckley and Bosworth,2003,5.53,4.6325,7.15,2.5175,0.8562500000000002,10.92625,False,False,OK
E12000004,East Midlands,E07000133,Melton,2003,5.21,4.6325,7.15,2.5175,0.8562500000000002,10.92625,False,False,OK
E12000004,East Midlands,E07000134,North West Leicestershire,2003,5.45,4.6325,7.15,2.5175,0.8562500000000002,10.92625,False,False,OK
E12000004,East Midlands,E07000135,Oadby and Wigston,2003,5.9,4.6325,7.15,2.5175,0.8562500000000002,10.92625,False,False,OK
E12000004,East Midlands,E07000136,Boston,2003,4.73,4.6325,7.15,2.5175,0.8562500000000002,10.92625,False,False,OK
E12000004,East Midlands,E07000137,East Lindsey,2003,5.45,4.6325,7.15,2.5175,0.8562500000000002,10.92625,False,False,OK
E12000004,East Midlands,E07000138,Lincoln,2003,4.68,4.6325,7.15,2.5175,0.8562500000000002,10.92625,False,False,OK
E12000004,East Midlands,E07000139,North Kesteven,2003,6.43,4.6325,7.15,2.5175,0.8562500000000002,10.92625,False,False,OK
E12000004,East Midlands,E07000140,South Holland,2003,5.22,4.6325,7.15,2.5175,0.8562500000000002,10.92625,False,False,OK
E12000004,East Midlands,E07000141,South Kesteven,2003,5.67,4.6325,7.15,2.5175,0.8562500000000002,10.92625,False,False,OK
E12000004,East Midlands,E07000142,West Lindsey,2003,4.19,4.6325,7.15,2.5175,0.8562500000000002,10.92625,False,False,OK
E12000004,East Midlands,E07000170,Ashfield,2003,4.04,4.6325,7.15,2.5175,0.8562500000000002,10.92625,False,False,OK
E12000004,East Midlands,E07000171,Bassetlaw,2003,4.2,4.6325,7.15,2.5175,0.8562500000000002,10.92625,False,False,OK
E12000004,East Midlands,E07000172,Broxtowe,2003,4.93,4.6325,7.15,2.5175,0.8562500000000002,10.92625,False,False,OK
E12000004,East Midlands,E07000173,Gedling,2003,4.95,4.6325,7.15,2.5175,0.8562500000000002,10.92625,False,False,OK
E12000004,East Midlands,E07000174,Mansfield,2003,3.78,4.6325,7.15,2.5175,0.8562500000000002,10.92625,False,False,OK
E12000004,East Midlands,E07000175,Newark and Sherwood,2003,5.66,4.6325,7.15,2.5175,0.8562500000000002,10.92625,False,False,OK
E12000004,East Midlands,E07000176,Rushcliffe,2003,5.72,4.6325,7.15,2.5175,0.8562500000000002,10.92625,False,False,OK
E12000005,West Midlands,E06000019,"Herefordshire, County of",2003,7.15,4.6325,7.15,2.5175,0.8562500000000002,10.92625,False,False,OK
E12000005,West Midlands,E06000020,Telford and Wrekin,2003,4.78,4.6325,7.15,2.5175,0.8562500000000002,10.92625,False,False,OK
E12000005,West Midlands,E06000021,Stoke-on-Trent,2003,2.75,4.6325,7.15,2.5175,0.8562500000000002,10.92625,False,False,OK
E12000005,West Midlands,E06000051,Shropshire,2003,6.37,4.6325,7.15,2.5175,0.8562500000000002,10.92625,False,False,OK
E12000005,West Midlands,E07000192,Cannock Chase,2003,4.69,4.6325,7.15,2.5175,0.8562500000000002,10.92625,False,False,OK
E12000005,West Midlands,E07000193,East Staffordshire,2003,4.71,4.6325,7.15,2.5175,0.8562500000000002,10.92625,False,False,OK
E12000005,West Midlands,E07000194,Lichfield,2003,6.32,4.6325,7.15,2.5175,0.8562500000000002,10.92625,False,False,OK
E12000005,West Midlands,E07000195,Newcastle-under-Lyme,2003,3.98,4.6325,7.15,2.5175,0.8562500000000002,10.92625,False,False,OK
E12000005,West Midlands,E07000196,South Staffordshire,2003,6.27,4.6325,7.15,2.5175,0.8562500000000002,10.92625,False,False,OK
E12000005,West Midlands,E07000197,Stafford,2003,5.91,4.6325,7.15,2.5175,0.8562500000000002,10.92625,False,False,OK
E12000005,West Midlands,E07000198,Staffordshire Moorlands,2003,4.32,4.6325,7.15,2.5175,0.8562500000000002,10.92625,False,False,OK
E12000005,West Midlands,E07000199,Tamworth,2003,4.37,4.6325,7.15,2.5175,0.8562500000000002,10.92625,False,False,OK
E12000005,West Midlands,E07000218,North Warwickshire,2003,5.29,4.6325,7.15,2.5175,0.8562500000000002,10.92625,False,False,OK
E12000005,West Midlands,E07000219,Nuneaton and Bedworth,2003,4.45,4.6325,7.15,2.5175,0.8562500000000002,10.92625,False,False,OK
E12000005,West Midlands,E07000220,Rugby,2003,5.16,4.6325,7.15,2.5175,0.8562500000000002,10.92625,False,False,OK
E12000005,West Midlands,E07000221,Stratford-on-Avon,2003,7.35,4.6325,7.15,2.5175,0.8562500000000002,10.92625,False,False,OK
E12000005,West Midlands,E07000222,Warwick,2003,7.09,4.6325,7.15,2.5175,0.8562500000000002,10.92625,False,False,OK
E12000005,West Midlands,E07000234,Bromsgrove,2003,5.99,4.6325,7.15,2.5175,0.8562500000000002,10.92625,False,False,OK
E12000005,West Midlands,E07000235,Malvern Hills,2003,7.59,4.6325,7.15,2.5175,0.8562500000000002,10.92625,False,False,OK
E12000005,West Midlands,E07000236,Redditch,2003,5.93,4.6325,7.15,2.5175,0.8562500000000002,10.92625,False,False,OK
E12000005,West Midlands,E07000237,Worcester,2003,5.92,4.6325,7.15,2.5175,0.8562500000000002,10.92625,False,False,OK
E12000005,West Midlands,E07000238,Wychavon,2003,7.57,4.6325,7.15,2.5175,0.8562500000000002,10.92625,False,False,OK
E12000005,West Midlands,E07000239,Wyre Forest,2003,5.97,4.6325,7.15,2.5175,0.8562500000000002,10.92625,False,False,OK
E12000005,West Midlands,E08000025,Birmingham,2003,4.92,4.6325,7.15,2.5175,0.8562500000000002,10.92625,False,False,OK
E12000005,West Midlands,E08000026,Coventry,2003,4.14,4.6325,7.15,2.5175,0.8562500000000002,10.92625,False,False,OK
E12000005,West Midlands,E08000027,Dudley,2003,4.94,4.6325,7.15,2.5175,0.8562500000000002,10.92625,False,False,OK
E12000005,West Midlands,E08000028,Sandwell,2003,4.43,4.6325,7.15,2.5175,0.8562500000000002,10.92625,False,False,OK
E12000005,West Midlands,E08000029,Solihull,2003,6.8,4.6325,7.15,2.5175,0.8562500000000002,10.92625,False,False,OK
E12000005,West Midlands,E08000030,Walsall,2003,4.78,4.6325,7.15,2.5175,0.8562500000000002,10.92625,False,False,OK
E12000005,West Midlands,E08000031,Wolverhampton,2003,4.39,4.6325,7.15,2.5175,0.8562500000000002,10.92625,False,False,OK
E12000006,East of England,E06000031,Peterborough,2003,4.51,4.6325,7.15,2.5175,0.8562500000000002,10.92625,False,False,OK
E12000006,East of England,E06000032,Luton,2003,5.31,4.6325,7.15,2.5175,0.8562500000000002,10.92625,False,False,OK
E12000006,East of England,E06000033,Southend-on-Sea,2003,5.8,4.6325,7.15,2.5175,0.8562500000000002,10.92625,False,False,OK
E12000006,East of England,E06000034,Thurrock,2003,5.46,4.6325,7.15,2.5175,0.8562500000000002,10.92625,False,False,OK
E12000006,East of England,E06000055,Bedford,2003,6.21,4.6325,7.15,2.5175,0.8562500000000002,10.92625,False,False,OK
E12000006,East of England,E06000056,Central Bedfordshire,2003,5.69,4.6325,7.15,2.5175,0.8562500000000002,10.92625,False,False,OK
E12000006,East of England,E07000008,Cambridge,2003,7.73,4.6325,7.15,2.5175,0.8562500000000002,10.92625,False,False,OK
E12000006,East of England,E07000009,East Cambridgeshire,2003,6.64,4.6325,7.15,2.5175,0.8562500000000002,10.92625,False,False,OK
E12000006,East of England,E07000010,Fenland,2003,5.25,4.6325,7.15,2.5175,0.8562500000000002,10.92625,False,False,OK
E12000006,East of England,E07000011,Huntingdonshire,2003,5.37,4.6325,7.15,2.5175,0.8562500000000002,10.92625,False,False,OK
E12000006,East of England,E07000012,South Cambridgeshire,2003,7.72,4.6325,7.15,2.5175,0.8562500000000002,10.92625,False,False,OK
E12000006,East of England,E07000066,Basildon,2003,5.59,4.6325,7.15,2.5175,0.8562500000000002,10.92625,False,False,OK
E12000006,East of England,E07000067,Braintree,2003,6.02,4.6325,7.15,2.5175,0.8562500000000002,10.92625,False,False,OK
E12000006,East of England,E07000068,Brentwood,2003,6.89,4.6325,7.15,2.5175,0.8562500000000002,10.92625,False,False,OK
E12000006,East of England,E07000069,Castle Point,2003,6.38,4.6325,7.15,2.5175,0.8562500000000002,10.92625,False,False,OK
E12000006,East of England,E07000070,Chelmsford,2003,6.74,4.6325,7.15,2.5175,0.8562500000000002,10.92625,False,False,OK
E12000006,East of England,E07000071,Colchester,2003,6.07,4.6325,7.15,2.5175,0.8562500000000002,10.92625,False,False,OK
E12000006,East of England,E07000072,Epping Forest,2003,7.87,4.6325,7.15,2.5175,0.8562500000000002,10.92625,False,False,OK
E12000006,East of England,E07000073,Harlow,2003,6.29,4.6325,7.15,2.5175,0.8562500000000002,10.92625,False,False,OK
E12000006,East of England,E07000074,Maldon,2003,5.76,4.6325,7.15,2.5175,0.8562500000000002,10.92625,False,False,OK
E12000006,East of England,E07000075,Rochford,2003,6.51,4.6325,7.15,2.5175,0.8562500000000002,10.92625,False,False,OK
E12000006,East of England,E07000076,Tendring,2003,6.12,4.6325,7.15,2.5175,0.8562500000000002,10.92625,False,False,OK
E12000006,East of England,E07000077,Uttlesford,2003,7.19,4.6325,7.15,2.5175,0.8562500000000002,10.92625,False,False,OK
E12000006,East of England,E07000095,Broxbourne,2003,6.95,4.6325,7.15,2.5175,0.8562500000000002,10.92625,False,False,OK
E12000006,East of England,E07000096,Dacorum,2003,6.92,4.6325,7.15,2.5175,0.8562500000000002,10.92625,False,False,OK
E12000006,East of England,E07000098,Hertsmere,2003,7.93,4.6325,7.15,2.5175,0.8562500000000002,10.92625,False,False,OK
E12000006,East of England,E07000099,North Hertfordshire,2003,6.78,4.6325,7.15,2.5175,0.8562500000000002,10.92625,False,False,OK
E12000006,East of England,E07000102,Three Rivers,2003,6.73,4.6325,7.15,2.5175,0.8562500000000002,10.92625,False,False,OK
E12000006,East of England,E07000103,Watford,2003,6.49,4.6325,7.15,2.5175,0.8562500000000002,10.92625,False,False,OK
E12000006,East of England,E07000143,Breckland,2003,6.32,4.6325,7.15,2.5175,0.8562500000000002,10.92625,False,False,OK
E12000006,East of England,E07000144,Broadland,2003,7.15,4.6325,7.15,2.5175,0.8562500000000002,10.92625,False,False,OK
E12000006,East of England,E07000145,Great Yarmouth,2003,4.72,4.6325,7.15,2.5175,0.8562500000000002,10.92625,False,False,OK
E12000006,East of England,E07000146,King's Lynn and West Norfolk,2003,6.08,4.6325,7.15,2.5175,0.8562500000000002,10.92625,False,False,OK
E12000006,East of England,E07000147,North Norfolk,2003,7.02,4.6325,7.15,2.5175,0.8562500000000002,10.92625,False,False,OK
E12000006,East of England,E07000148,Norwich,2003,5.75,4.6325,7.15,2.5175,0.8562500000000002,10.92625,False,False,OK
E12000006,East of England,E07000149,South Norfolk,2003,6.86,4.6325,7.15,2.5175,0.8562500000000002,10.92625,False,False,OK
E12000006,East of England,E07000200,Babergh,2003,6.71,4.6325,7.15,2.5175,0.8562500000000002,10.92625,False,False,OK
E12000006,East of England,E07000202,Ipswich,2003,5.13,4.6325,7.15,2.5175,0.8562500000000002,10.92625,False,False,OK
E12000006,East of England,E07000203,Mid Suffolk,2003,6.45,4.6325,7.15,2.5175,0.8562500000000002,10.92625,False,False,OK
E12000006,East of England,E07000240,St Albans,2003,8.09,4.6325,7.15,2.5175,0.8562500000000002,10.92625,False,False,OK
E12000006,East of England,E07000241,Welwyn Hatfield,2003,7.25,4.6325,7.15,2.5175,0.8562500000000002,10.92625,False,False,OK
E12000006,East of England,E07000242,East Hertfordshire,2003,7.06,4.6325,7.15,2.5175,0.8562500000000002,10.92625,False,False,OK
E12000006,East of England,E07000243,Stevenage,2003,6.04,4.6325,7.15,2.5175,0.8562500000000002,10.92625,False,False,OK
E12000006,East of England,E07000244,East Suffolk,2003,5.89,4.6325,7.15,2.5175,0.8562500000000002,10.92625,False,False,OK
E12000006,East of England,E07000245,West Suffolk,2003,6.7,4.6325,7.15,2.5175,0.8562500000000002,10.92625,False,False,OK
E12000007,London,E09000001,City of London,2003,,4.6325,7.15,2.5175,0.8562500000000002,10.92625,False,True,Missing ratio value
E12000007,London,E09000002,Barking and Dagenham,2003,6.26,4.6325,7.15,2.5175,0.8562500000000002,10.92625,False,False,OK
E12000007,London,E09000003,Barnet,2003,8.49,4.6325,7.15,2.5175,0.8562500000000002,10.92625,False,False,OK
E12000007,London,E09000004,Bexley,2003,6.29,4.6325,7.15,2.5175,0.8562500000000002,10.92625,False,False,OK
E12000007,London,E09000005,Brent,2003,9.32,4.6325,7.15,2.5175,0.8562500000000002,10.92625,False,False,OK
E12000007,London,E09000006,Bromley,2003,7.13,4.6325,7.15,2.5175,0.8562500000000002,10.92625,False,False,OK
E12000007,London,E09000007,Camden,2003,9.24,4.6325,7.15,2.5175,0.8562500000000002,10.92625,False,False,OK
E12000007,London,E09000008,Croydon,2003,6.6,4.6325,7.15,2.5175,0.8562500000000002,10.92625,False,False,OK
E12000007,London,E09000009,Ealing,2003,8.47,4.6325,7.15,2.5175,0.8562500000000002,10.92625,False,False,OK
E12000007,London,E09000010,Enfield,2003,7.38,4.6325,7.15,2.5175,0.8562500000000002,10.92625,False,False,OK
E12000007,London,E09000011,Greenwich,2003,6.37,4.6325,7.15,2.5175,0.8562500000000002,10.92625,False,False,OK
E12000007,London,E09000012,Hackney,2003,8.15,4.6325,7.15,2.5175,0.8562500000000002,10.92625,False,False,OK
E12000007,London,E09000013,Hammersmith and Fulham,2003,9.3,4.6325,7.15,2.5175,0.8562500000000002,10.92625,False,False,OK
E12000007,London,E09000014,Haringey,2003,7.53,4.6325,7.15,2.5175,0.8562500000000002,10.92625,False,False,OK
E12000007,London,E09000015,Harrow,2003,9.2,4.6325,7.15,2.5175,0.8562500000000002,10.92625,False,False,OK
E12000007,London,E09000016,Havering,2003,6.55,4.6325,7.15,2.5175,0.8562500000000002,10.92625,False,False,OK
E12000007,London,E09000017,Hillingdon,2003,7.28,4.6325,7.15,2.5175,0.8562500000000002,10.92625,False,False,OK
E12000007,London,E09000018,Hounslow,2003,7.92,4.6325,7.15,2.5175,0.8562500000000002,10.92625,False,False,OK
E12000007,London,E09000019,Islington,2003,8.84,4.6325,7.15,2.5175,0.8562500000000002,10.92625,False,False,OK
E12000007,London,E09000020,Kensington and Chelsea,2003,10.77,4.6325,7.15,2.5175,0.8562500000000002,10.92625,False,False,OK
E12000007,London,E09000021,Kingston upon Thames,2003,7.77,4.6325,7.15,2.5175,0.8562500000000002,10.92625,False,False,OK
E12000007,London,E09000022,Lambeth,2003,7.59,4.6325,7.15,2.5175,0.8562500000000002,10.92625,False,False,OK
E12000007,London,E09000023,Lewisham,2003,6.33,4.6325,7.15,2.5175,0.8562500000000002,10.92625,False,False,OK
E12000007,London,E09000024,Merton,2003,7.27,4.6325,7.15,2.5175,0.8562500000000002,10.92625,False,False,OK
E12000007,London,E09000025,Newham,2003,7.65,4.6325,7.15,2.5175,0.8562500000000002,10.92625,False,False,OK
E12000007,London,E09000026,Redbridge,2003,7.1,4.6325,7.15,2.5175,0.8562500000000002,10.92625,False,False,OK
E12000007,London,E09000027,Richmond upon Thames,2003,7.95,4.6325,7.15,2.5175,0.8562500000000002,10.92625,False,False,OK
E12000007,London,E09000028,Southwark,2003,7.99,4.6325,7.15,2.5175,0.8562500000000002,10.92625,False,False,OK
E12000007,London,E09000029,Sutton,2003,6.67,4.6325,7.15,2.5175,0.8562500000000002,10.92625,False,False,OK
E12000007,London,E09000030,Tower Hamlets,2003,7.58,4.6325,7.15,2.5175,0.8562500000000002,10.92625,False,False,OK
E12000007,London,E09000031,Waltham Forest,2003,6.62,4.6325,7.15,2.5175,0.8562500000000002,10.92625,False,False,OK
E12000007,London,E09000032,Wandsworth,2003,8.07,4.6325,7.15,2.5175,0.8562500000000002,10.92625,False,False,OK
E12000007,London,E09000033,Westminster,2003,11.41,4.6325,7.15,2.5175,0.8562500000000002,10.92625,True,False,Statistical outlier
E12000008,South East,E06000035,Medway,2003,5.35,4.6325,7.15,2.5175,0.8562500000000002,10.92625,False,False,OK
E12000008,South East,E06000036,Bracknell Forest,2003,6.85,4.6325,7.15,2.5175,0.8562500000000002,10.92625,False,False,OK
E12000008,South East,E06000037,West Berkshire,2003,7.37,4.6325,7.15,2.5175,0.8562500000000002,10.92625,False,False,OK
E12000008,South East,E06000038,Reading,2003,6.22,4.6325,7.15,2.5175,0.8562500000000002,10.92625,False,False,OK
E12000008,South East,E06000039,Slough,2003,7.21,4.6325,7.15,2.5175,0.8562500000000002,10.92625,False,False,OK
E12000008,South East,E06000040,Windsor and Maidenhead,2003,7.92,4.6325,7.15,2.5175,0.8562500000000002,10.92625,False,False,OK
E12000008,South East,E06000041,Wokingham,2003,7.43,4.6325,7.15,2.5175,0.8562500000000002,10.92625,False,False,OK
E12000008,South East,E06000042,Milton Keynes,2003,5.76,4.6325,7.15,2.5175,0.8562500000000002,10.92625,False,False,OK
E12000008,South East,E06000043,Brighton and Hove,2003,7.41,4.6325,7.15,2.5175,0.8562500000000002,10.92625,False,False,OK
E12000008,South East,E06000044,Portsmouth,2003,5.6,4.6325,7.15,2.5175,0.8562500000000002,10.92625,False,False,OK
E12000008,South East,E06000045,Southampton,2003,6.4,4.6325,7.15,2.5175,0.8562500000000002,10.92625,False,False,OK
E12000008,South East,E06000046,Isle of Wight,2003,6.38,4.6325,7.15,2.5175,0.8562500000000002,10.92625,False,False,OK
E12000008,South East,E06000060,Buckinghamshire,2003,7.44,4.6325,7.15,2.5175,0.8562500000000002,10.92625,False,False,OK
E12000008,South East,E07000061,Eastbourne,2003,6.65,4.6325,7.15,2.5175,0.8562500000000002,10.92625,False,False,OK
E12000008,South East,E07000062,Hastings,2003,6.24,4.6325,7.15,2.5175,0.8562500000000002,10.92625,False,False,OK
E12000008,South East,E07000063,Lewes,2003,7.4,4.6325,7.15,2.5175,0.8562500000000002,10.92625,False,False,OK
E12000008,South East,E07000064,Rother,2003,7.72,4.6325,7.15,2.5175,0.8562500000000002,10.92625,False,False,OK
E12000008,South East,E07000065,Wealden,2003,7.47,4.6325,7.15,2.5175,0.8562500000000002,10.92625,False,False,OK
E12000008,South East,E07000084,Basingstoke and Deane,2003,6.94,4.6325,7.15,2.5175,0.8562500000000002,10.92625,False,False,OK
E12000008,South East,E07000085,East Hampshire,2003,7.02,4.6325,7.15,2.5175,0.8562500000000002,10.92625,False,False,OK
E12000008,South East,E07000086,Eastleigh,2003,6.87,4.6325,7.15,2.5175,0.8562500000000002,10.92625,False,False,OK
E12000008,South East,E07000087,Fareham,2003,6.87,4.6325,7.15,2.5175,0.8562500000000002,10.92625,False,False,OK
E12000008,South East,E07000088,Gosport,2003,6.35,4.6325,7.15,2.5175,0.8562500000000002,10.92625,False,False,OK
E12000008,South East,E07000089,Hart,2003,6.91,4.6325,7.15,2.5175,0.8562500000000002,10.92625,False,False,OK
E12000008,South East,E07000090,Havant,2003,7.07,4.6325,7.15,2.5175,0.8562500000000002,10.92625,False,False,OK
E12000008,South East,E07000091,New Forest,2003,8.33,4.6325,7.15,2.5175,0.8562500000000002,10.92625,False,False,OK
E12000008,South East,E07000092,Rushmoor,2003,6.4,4.6325,7.15,2.5175,0.8562500000000002,10.92625,False,False,OK
E12000008,South East,E07000093,Test Valley,2003,7.62,4.6325,7.15,2.5175,0.8562500000000002,10.92625,False,False,OK
E12000008,South East,E07000094,Winchester,2003,7.65,4.6325,7.15,2.5175,0.8562500000000002,10.92625,False,False,OK
E12000008,South East,E07000105,Ashford,2003,6.88,4.6325,7.15,2.5175,0.8562500000000002,10.92625,False,False,OK
E12000008,South East,E07000106,Canterbury,2003,6.84,4.6325,7.15,2.5175,0.8562500000000002,10.92625,False,False,OK
E12000008,South East,E07000107,Dartford,2003,6.41,4.6325,7.15,2.5175,0.8562500000000002,10.92625,False,False,OK
E12000008,South East,E07000108,Dover,2003,5.58,4.6325,7.15,2.5175,0.8562500000000002,10.92625,False,False,OK
E12000008,South East,E07000109,Gravesham,2003,5.92,4.6325,7.15,2.5175,0.8562500000000002,10.92625,False,False,OK
E12000008,South East,E07000110,Maidstone,2003,6.53,4.6325,7.15,2.5175,0.8562500000000002,10.92625,False,False,OK
E12000008,South East,E07000111,Sevenoaks,2003,8.0,4.6325,7.15,2.5175,0.8562500000000002,10.92625,False,False,OK
E12000008,South East,E07000112,Folkestone and Hythe,2003,6.55,4.6325,7.15,2.5175,0.8562500000000002,10.92625,False,False,OK
E12000008,South East,E07000113,Swale,2003,5.38,4.6325,7.15,2.5175,0.8562500000000002,10.92625,False,False,OK
E12000008,South East,E07000114,Thanet,2003,6.24,4.6325,7.15,2.5175,0.8562500000000002,10.92625,False,False,OK
E12000008,South East,E07000115,Tonbridge and Malling,2003,7.67,4.6325,7.15,2.5175,0.8562500000000002,10.92625,False,False,OK
E12000008,South East,E07000116,Tunbridge Wells,2003,7.28,4.6325,7.15,2.5175,0.8562500000000002,10.92625,False,False,OK
E12000008,South East,E07000177,Cherwell,2003,7.08,4.6325,7.15,2.5175,0.8562500000000002,10.92625,False,False,OK
E12000008,South East,E07000178,Oxford,2003,9.29,4.6325,7.15,2.5175,0.8562500000000002,10.92625,False,False,OK
E12000008,South East,E07000179,South Oxfordshire,2003,7.28,4.6325,7.15,2.5175,0.8562500000000002,10.92625,False,False,OK
E12000008,South East,E07000180,Vale of White Horse,2003,7.59,4.6325,7.15,2.5175,0.8562500000000002,10.92625,False,False,OK
E12000008,South East,E07000181,West Oxfordshire,2003,7.76,4.6325,7.15,2.5175,0.8562500000000002,10.92625,False,False,OK
E12000008,South East,E07000207,Elmbridge,2003,8.46,4.6325,7.15,2.5175,0.8562500000000002,10.92625,False,False,OK
E12000008,South East,E07000208,Epsom and Ewell,2003,8.23,4.6325,7.15,2.5175,0.8562500000000002,10.92625,False,False,OK
E12000008,South East,E07000209,Guildford,2003,7.39,4.6325,7.15,2.5175,0.8562500000000002,10.92625,False,False,OK
E12000008,South East,E07000210,Mole Valley,2003,8.32,4.6325,7.15,2.5175,0.8562500000000002,10.92625,False,False,OK
E12000008,South East,E07000211,Reigate and Banstead,2003,7.57,4.6325,7.15,2.5175,0.8562500000000002,10.92625,False,False,OK
E12000008,South East,E07000212,Runnymede,2003,7.83,4.6325,7.15,2.5175,0.8562500000000002,10.92625,False,False,OK
E12000008,South East,E07000213,Spelthorne,2003,6.83,4.6325,7.15,2.5175,0.8562500000000002,10.92625,False,False,OK
E12000008,South East,E07000214,Surrey Heath,2003,7.62,4.6325,7.15,2.5175,0.8562500000000002,10.92625,False,False,OK
E12000008,South East,E07000215,Tandridge,2003,7.73,4.6325,7.15,2.5175,0.8562500000000002,10.92625,False,False,OK
E12000008,South East,E07000216,Waverley,2003,8.53,4.6325,7.15,2.5175,0.8562500000000002,10.92625,False,False,OK
E12000008,South East,E07000217,Woking,2003,7.08,4.6325,7.15,2.5175,0.8562500000000002,10.92625,False,False,OK
E12000008,South East,E07000223,Adur,2003,7.17,4.6325,7.15,2.5175,0.8562500000000002,10.92625,False,False,OK
E12000008,South East,E07000224,Arun,2003,8.56,4.6325,7.15,2.5175,0.8562500000000002,10.92625,False,False,OK
E12000008,South East,E07000225,Chichester,2003,7.75,4.6325,7.15,2.5175,0.8562500000000002,10.92625,False,False,OK
E12000008,South East,E07000226,Crawley,2003,6.49,4.6325,7.15,2.5175,0.8562500000000002,10.92625,False,False,OK
E12000008,South East,E07000227,Horsham,2003,7.77,4.6325,7.15,2.5175,0.8562500000000002,10.92625,False,False,OK
E12000008,South East,E07000228,Mid Sussex,2003,8.01,4.6325,7.15,2.5175,0.8562500000000002,10.92625,False,False,OK
E12000008,South East,E07000229,Worthing,2003,6.53,4.6325,7.15,2.5175,0.8562500000000002,10.92625,False,False,OK
E12000009,South West,E06000022,Bath and North East Somerset,2003,7.41,4.6325,7.15,2.5175,0.8562500000000002,10.92625,False,False,OK
E12000009,South West,E06000023,"Bristol, City of",2003,6.39,4.6325,7.15,2.5175,0.8562500000000002,10.92625,False,False,OK
E12000009,South West,E06000024,North Somerset,2003,5.9,4.6325,7.15,2.5175,0.8562500000000002,10.92625,False,False,OK
E12000009,South West,E06000025,South Gloucestershire,2003,6.18,4.6325,7.15,2.5175,0.8562500000000002,10.92625,False,False,OK
E12000009,South West,E06000026,Plymouth,2003,4.64,4.6325,7.15,2.5175,0.8562500000000002,10.92625,False,False,OK
E12000009,South West,E06000027,Torbay,2003,7.21,4.6325,7.15,2.5175,0.8562500000000002,10.92625,False,False,OK
E12000009,South West,E06000030,Swindon,2003,5.8,4.6325,7.15,2.5175,0.8562500000000002,10.92625,False,False,OK
E12000009,South West,E06000052,Cornwall,2003,7.64,4.6325,7.15,2.5175,0.8562500000000002,10.92625,False,False,OK
E12000009,South West,E06000053,Isles of Scilly,2003,,4.6325,7.15,2.5175,0.8562500000000002,10.92625,False,True,Missing ratio value
E12000009,South West,E06000054,Wiltshire,2003,7.0,4.6325,7.15,2.5175,0.8562500000000002,10.92625,False,False,OK
E12000009,South West,E06000058,"Bournemouth, Christchurch and Poole",2003,8.03,4.6325,7.15,2.5175,0.8562500000000002,10.92625,False,False,OK
E12000009,South West,E06000059,Dorset,2003,8.7,4.6325,7.15,2.5175,0.8562500000000002,10.92625,False,False,OK
E12000009,South West,E06000066,Somerset,2003,6.66,4.6325,7.15,2.5175,0.8562500000000002,10.92625,False,False,OK
E12000009,South West,E07000040,East Devon,2003,8.92,4.6325,7.15,2.5175,0.8562500000000002,10.92625,False,False,OK
E12000009,South West,E07000041,Exeter,2003,7.45,4.6325,7.15,2.5175,0.8562500000000002,10.92625,False,False,OK
E12000009,South West,E07000042,Mid Devon,2003,7.29,4.6325,7.15,2.5175,0.8562500000000002,10.92625,False,False,OK
E12000009,South West,E07000043,North Devon,2003,7.97,4.6325,7.15,2.5175,0.8562500000000002,10.92625,False,False,OK
E12000009,South West,E07000044,South Hams,2003,8.24,4.6325,7.15,2.5175,0.8562500000000002,10.92625,False,False,OK
E12000009,South West,E07000045,Teignbridge,2003,7.69,4.6325,7.15,2.5175,0.8562500000000002,10.92625,False,False,OK
E12000009,South West,E07000046,Torridge,2003,7.62,4.6325,7.15,2.5175,0.8562500000000002,10.92625,False,False,OK
E12000009,South West,E07000047,West Devon,2003,7.06,4.6325,7.15,2.5175,0.8562500000000002,10.92625,False,False,OK
E12000009,South West,E07000078,Cheltenham,2003,6.02,4.6325,7.15,2.5175,0.8562500000000002,10.92625,False,False,OK
E12000009,South West,E07000079,Cotswold,2003,9.14,4.6325,7.15,2.5175,0.8562500000000002,10.92625,False,False,OK
E12000009,South West,E07000080,Forest of Dean,2003,6.38,4.6325,7.15,2.5175,0.8562500000000002,10.92625,False,False,OK
E12000009,South West,E07000081,Gloucester,2003,5.75,4.6325,7.15,2.5175,0.8562500000000002,10.92625,False,False,OK
E12000009,South West,E07000082,Stroud,2003,6.78,4.6325,7.15,2.5175,0.8562500000000002,10.92625,False,False,OK
E12000009,South West,E07000083,Tewkesbury,2003,6.43,4.6325,7.15,2.5175,0.8562500000000002,10.92625,False,False,OK
W92000004,Wales,W06000001,Isle of Anglesey,2003,4.36,4.6325,7.15,2.5175,0.8562500000000002,10.92625,False,False,OK
W92000004,Wales,W06000002,Gwynedd,2003,4.91,4.6325,7.15,2.5175,0.8562500000000002,10.92625,False,False,OK
W92000004,Wales,W06000003,Conwy,2003,4.84,4.6325,7.15,2.5175,0.8562500000000002,10.92625,False,False,OK
W92000004,Wales,W06000004,Denbighshire,2003,4.0,4.6325,7.15,2.5175,0.8562500000000002,10.92625,False,False,OK
W92000004,Wales,W06000005,Flintshire,2003,4.07,4.6325,7.15,2.5175,0.8562500000000002,10.92625,False,False,OK
W92000004,Wales,W06000006,Wrexham,2003,4.65,4.6325,7.15,2.5175,0.8562500000000002,10.92625,False,False,OK
W92000004,Wales,W06000008,Ceredigion,2003,5.5,4.6325,7.15,2.5175,0.8562500000000002,10.92625,False,False,OK
W92000004,Wales,W06000009,Pembrokeshire,2003,5.48,4.6325,7.15,2.5175,0.8562500000000002,10.92625,False,False,OK
W92000004,Wales,W06000010,Carmarthenshire,2003,3.59,4.6325,7.15,2.5175,0.8562500000000002,10.92625,False,False,OK
W92000004,Wales,W06000011,Swansea,2003,4.03,4.6325,7.15,2.5175,0.8562500000000002,10.92625,False,False,OK
W92000004,Wales,W06000012,Neath Port Talbot,2003,2.48,4.6325,7.15,2.5175,0.8562500000000002,10.92625,False,False,OK
W92000004,Wales,W06000013,Bridgend,2003,3.92,4.6325,7.15,2.5175,0.8562500000000002,10.92625,False,False,OK
W92000004,Wales,W06000014,Vale of Glamorgan,2003,5.09,4.6325,7.15,2.5175,0.8562500000000002,10.92625,False,False,OK
W92000004,Wales,W06000015,Cardiff,2003,6.01,4.6325,7.15,2.5175,0.8562500000000002,10.92625,False,False,OK
W92000004,Wales,W06000016,Rhondda Cynon Taf,2003,2.9,4.6325,7.15,2.5175,0.8562500000000002,10.92625,False,False,OK
W92000004,Wales,W06000018,Caerphilly,2003,3.66,4.6325,7.15,2.5175,0.8562500000000002,10.92625,False,False,OK
W92000004,Wales,W06000019,Blaenau Gwent,2003,2.28,4.6325,7.15,2.5175,0.8562500000000002,10.92625,False,False,OK
W92000004,Wales,W06000020,Torfaen,2003,3.63,4.6325,7.15,2.5175,0.8562500000000002,10.92625,False,False,OK
W92000004,Wales,W06000021,Monmouthshire,2003,5.68,4.6325,7.15,2.5175,0.8562500000000002,10.92625,False,False,OK
W92000004,Wales,W06000022,Newport,2003,4.22,4.6325,7.15,2.5175,0.8562500000000002,10.92625,False,False,OK
W92000004,Wales,W06000023,Powys,2003,5.18,4.6325,7.15,2.5175,0.8562500000000002,10.92625,False,False,OK
W92000004,Wales,W06000024,Merthyr Tydfil,2003,2.52,4.6325,7.15,2.5175,0.8562500000000002,10.92625,False,False,OK
E12000001,North East,E06000001,Hartlepool,2004,2.82,5.605,7.635,2.0299999999999994,2.5600000000000014,10.68,False,False,OK
E12000001,North East,E06000002,Middlesbrough,2004,3.74,5.605,7.635,2.0299999999999994,2.5600000000000014,10.68,False,False,OK
E12000001,North East,E06000003,Redcar and Cleveland,2004,4.37,5.605,7.635,2.0299999999999994,2.5600000000000014,10.68,False,False,OK
E12000001,North East,E06000004,Stockton-on-Tees,2004,4.54,5.605,7.635,2.0299999999999994,2.5600000000000014,10.68,False,False,OK
E12000001,North East,E06000005,Darlington,2004,5.12,5.605,7.635,2.0299999999999994,2.5600000000000014,10.68,False,False,OK
E12000001,North East,E06000047,County Durham,2004,4.25,5.605,7.635,2.0299999999999994,2.5600000000000014,10.68,False,False,OK
E12000001,North East,E06000057,Northumberland,2004,5.31,5.605,7.635,2.0299999999999994,2.5600000000000014,10.68,False,False,OK
E12000001,North East,E08000021,Newcastle upon Tyne,2004,6.11,5.605,7.635,2.0299999999999994,2.5600000000000014,10.68,False,False,OK
E12000001,North East,E08000022,North Tyneside,2004,5.59,5.605,7.635,2.0299999999999994,2.5600000000000014,10.68,False,False,OK
E12000001,North East,E08000023,South Tyneside,2004,4.58,5.605,7.635,2.0299999999999994,2.5600000000000014,10.68,False,False,OK
E12000001,North East,E08000024,Sunderland,2004,4.89,5.605,7.635,2.0299999999999994,2.5600000000000014,10.68,False,False,OK
E12000001,North East,E08000037,Gateshead,2004,5.12,5.605,7.635,2.0299999999999994,2.5600000000000014,10.68,False,False,OK
E12000002,North West,E06000006,Halton,2004,4.58,5.605,7.635,2.0299999999999994,2.5600000000000014,10.68,False,False,OK
E12000002,North West,E06000007,Warrington,2004,5.82,5.605,7.635,2.0299999999999994,2.5600000000000014,10.68,False,False,OK
E12000002,North West,E06000008,Blackburn with Darwen,2004,3.24,5.605,7.635,2.0299999999999994,2.5600000000000014,10.68,False,False,OK
E12000002,North West,E06000009,Blackpool,2004,5.11,5.605,7.635,2.0299999999999994,2.5600000000000014,10.68,False,False,OK
E12000002,North West,E06000049,Cheshire East,2004,6.01,5.605,7.635,2.0299999999999994,2.5600000000000014,10.68,False,False,OK
E12000002,North West,E06000050,Cheshire West and Chester,2004,5.63,5.605,7.635,2.0299999999999994,2.5600000000000014,10.68,False,False,OK
E12000002,North West,E06000063,Cumberland,2004,4.03,5.605,7.635,2.0299999999999994,2.5600000000000014,10.68,False,False,OK
E12000002,North West,E06000064,Westmorland and Furness,2004,5.88,5.605,7.635,2.0299999999999994,2.5600000000000014,10.68,False,False,OK
E12000002,North West,E07000117,Burnley,2004,1.99,5.605,7.635,2.0299999999999994,2.5600000000000014,10.68,True,False,Statistical outlier
E12000002,North West,E07000118,Chorley,2004,5.82,5.605,7.635,2.0299999999999994,2.5600000000000014,10.68,False,False,OK
E12000002,North West,E07000119,Fylde,2004,5.92,5.605,7.635,2.0299999999999994,2.5600000000000014,10.68,False,False,OK
E12000002,North West,E07000120,Hyndburn,2004,3.42,5.605,7.635,2.0299999999999994,2.5600000000000014,10.68,False,False,OK
E12000002,North West,E07000121,Lancaster,2004,4.71,5.605,7.635,2.0299999999999994,2.5600000000000014,10.68,False,False,OK
E12000002,North West,E07000122,Pendle,2004,2.96,5.605,7.635,2.0299999999999994,2.5600000000000014,10.68,False,False,OK
E12000002,North West,E07000123,Preston,2004,4.67,5.605,7.635,2.0299999999999994,2.5600000000000014,10.68,False,False,OK
E12000002,North West,E07000124,Ribble Valley,2004,6.6,5.605,7.635,2.0299999999999994,2.5600000000000014,10.68,False,False,OK
E12000002,North West,E07000125,Rossendale,2004,4.13,5.605,7.635,2.0299999999999994,2.5600000000000014,10.68,False,False,OK
E12000002,North West,E07000126,South Ribble,2004,5.77,5.605,7.635,2.0299999999999994,2.5600000000000014,10.68,False,False,OK
E12000002,North West,E07000127,West Lancashire,2004,5.88,5.605,7.635,2.0299999999999994,2.5600000000000014,10.68,False,False,OK
E12000002,North West,E07000128,Wyre,2004,5.36,5.605,7.635,2.0299999999999994,2.5600000000000014,10.68,False,False,OK
E12000002,North West,E08000001,Bolton,2004,4.09,5.605,7.635,2.0299999999999994,2.5600000000000014,10.68,False,False,OK
E12000002,North West,E08000002,Bury,2004,4.4,5.605,7.635,2.0299999999999994,2.5600000000000014,10.68,False,False,OK
E12000002,North West,E08000003,Manchester,2004,4.9,5.605,7.635,2.0299999999999994,2.5600000000000014,10.68,False,False,OK
E12000002,North West,E08000004,Oldham,2004,3.76,5.605,7.635,2.0299999999999994,2.5600000000000014,10.68,False,False,OK
E12000002,North West,E08000005,Rochdale,2004,3.99,5.605,7.635,2.0299999999999994,2.5600000000000014,10.68,False,False,OK
E12000002,North West,E08000006,Salford,2004,4.51,5.605,7.635,2.0299999999999994,2.5600000000000014,10.68,False,False,OK
E12000002,North West,E08000007,Stockport,2004,6.13,5.605,7.635,2.0299999999999994,2.5600000000000014,10.68,False,False,OK
E12000002,North West,E08000008,Tameside,2004,4.44,5.605,7.635,2.0299999999999994,2.5600000000000014,10.68,False,False,OK
E12000002,North West,E08000009,Trafford,2004,6.42,5.605,7.635,2.0299999999999994,2.5600000000000014,10.68,False,False,OK
E12000002,North West,E08000010,Wigan,2004,4.4,5.605,7.635,2.0299999999999994,2.5600000000000014,10.68,False,False,OK
E12000002,North West,E08000011,Knowsley,2004,5.06,5.605,7.635,2.0299999999999994,2.5600000000000014,10.68,False,False,OK
E12000002,North West,E08000012,Liverpool,2004,4.5,5.605,7.635,2.0299999999999994,2.5600000000000014,10.68,False,False,OK
E12000002,North West,E08000013,St. Helens,2004,4.76,5.605,7.635,2.0299999999999994,2.5600000000000014,10.68,False,False,OK
E12000002,North West,E08000014,Sefton,2004,5.9,5.605,7.635,2.0299999999999994,2.5600000000000014,10.68,False,False,OK
E12000002,North West,E08000015,Wirral,2004,4.9,5.605,7.635,2.0299999999999994,2.5600000000000014,10.68,False,False,OK
E12000003,Yorkshire and The Humber,E06000010,"Kingston upon Hull, City of",2004,3.34,5.605,7.635,2.0299999999999994,2.5600000000000014,10.68,False,False,OK
E12000003,Yorkshire and The Humber,E06000011,East Riding of Yorkshire,2004,5.53,5.605,7.635,2.0299999999999994,2.5600000000000014,10.68,False,False,OK
E12000003,Yorkshire and The Humber,E06000012,North East Lincolnshire,2004,3.89,5.605,7.635,2.0299999999999994,2.5600000000000014,10.68,False,False,OK
E12000003,Yorkshire and The Humber,E06000013,North Lincolnshire,2004,4.23,5.605,7.635,2.0299999999999994,2.5600000000000014,10.68,False,False,OK
E12000003,Yorkshire and The Humber,E06000014,York,2004,6.49,5.605,7.635,2.0299999999999994,2.5600000000000014,10.68,False,False,OK
E12000003,Yorkshire and The Humber,E06000065,North Yorkshire,2004,7.24,5.605,7.635,2.0299999999999994,2.5600000000000014,10.68,False,False,OK
E12000003,Yorkshire and The Humber,E08000017,Doncaster,2004,4.61,5.605,7.635,2.0299999999999994,2.5600000000000014,10.68,False,False,OK
E12000003,Yorkshire and The Humber,E08000018,Rotherham,2004,4.38,5.605,7.635,2.0299999999999994,2.5600000000000014,10.68,False,False,OK
E12000003,Yorkshire and The Humber,E08000032,Bradford,2004,4.51,5.605,7.635,2.0299999999999994,2.5600000000000014,10.68,False,False,OK
E12000003,Yorkshire and The Humber,E08000033,Calderdale,2004,4.41,5.605,7.635,2.0299999999999994,2.5600000000000014,10.68,False,False,OK
E12000003,Yorkshire and The Humber,E08000034,Kirklees,2004,4.77,5.605,7.635,2.0299999999999994,2.5600000000000014,10.68,False,False,OK
E12000003,Yorkshire and The Humber,E08000035,Leeds,2004,5.78,5.605,7.635,2.0299999999999994,2.5600000000000014,10.68,False,False,OK
E12000003,Yorkshire and The Humber,E08000036,Wakefield,2004,4.84,5.605,7.635,2.0299999999999994,2.5600000000000014,10.68,False,False,OK
E12000003,Yorkshire and The Humber,E08000038,Barnsley,2004,4.2,5.605,7.635,2.0299999999999994,2.5600000000000014,10.68,False,False,OK
E12000003,Yorkshire and The Humber,E08000039,Sheffield,2004,5.08,5.605,7.635,2.0299999999999994,2.5600000000000014,10.68,False,False,OK
E12000004,East Midlands,E06000015,Derby,2004,4.8,5.605,7.635,2.0299999999999994,2.5600000000000014,10.68,False,False,OK
E12000004,East Midlands,E06000016,Leicester,2004,6.2,5.605,7.635,2.0299999999999994,2.5600000000000014,10.68,False,False,OK
E12000004,East Midlands,E06000017,Rutland,2004,8.53,5.605,7.635,2.0299999999999994,2.5600000000000014,10.68,False,False,OK
E12000004,East Midlands,E06000018,Nottingham,2004,5.04,5.605,7.635,2.0299999999999994,2.5600000000000014,10.68,False,False,OK
E12000004,East Midlands,E06000061,North Northamptonshire,2004,5.7,5.605,7.635,2.0299999999999994,2.5600000000000014,10.68,False,False,OK
E12000004,East Midlands,E06000062,West Northamptonshire,2004,6.09,5.605,7.635,2.0299999999999994,2.5600000000000014,10.68,False,False,OK
E12000004,East Midlands,E07000032,Amber Valley,2004,5.33,5.605,7.635,2.0299999999999994,2.5600000000000014,10.68,False,False,OK
E12000004,East Midlands,E07000033,Bolsover,2004,4.15,5.605,7.635,2.0299999999999994,2.5600000000000014,10.68,False,False,OK
E12000004,East Midlands,E07000034,Chesterfield,2004,4.88,5.605,7.635,2.0299999999999994,2.5600000000000014,10.68,False,False,OK
E12000004,East Midlands,E07000035,Derbyshire Dales,2004,7.17,5.605,7.635,2.0299999999999994,2.5600000000000014,10.68,False,False,OK
E12000004,East Midlands,E07000036,Erewash,2004,4.98,5.605,7.635,2.0299999999999994,2.5600000000000014,10.68,False,False,OK
E12000004,East Midlands,E07000037,High Peak,2004,5.98,5.605,7.635,2.0299999999999994,2.5600000000000014,10.68,False,False,OK
E12000004,East Midlands,E07000038,North East Derbyshire,2004,5.78,5.605,7.635,2.0299999999999994,2.5600000000000014,10.68,False,False,OK
E12000004,East Midlands,E07000039,South Derbyshire,2004,5.5,5.605,7.635,2.0299999999999994,2.5600000000000014,10.68,False,False,OK
E12000004,East Midlands,E07000129,Blaby,2004,6.03,5.605,7.635,2.0299999999999994,2.5600000000000014,10.68,False,False,OK
E12000004,East Midlands,E07000130,Charnwood,2004,6.44,5.605,7.635,2.0299999999999994,2.5600000000000014,10.68,False,False,OK
E12000004,East Midlands,E07000131,Harborough,2004,7.09,5.605,7.635,2.0299999999999994,2.5600000000000014,10.68,False,False,OK
E12000004,East Midlands,E07000132,Hinckley and Bosworth,2004,5.84,5.605,7.635,2.0299999999999994,2.5600000000000014,10.68,False,False,OK
E12000004,East Midlands,E07000133,Melton,2004,5.86,5.605,7.635,2.0299999999999994,2.5600000000000014,10.68,False,False,OK
E12000004,East Midlands,E07000134,North West Leicestershire,2004,6.11,5.605,7.635,2.0299999999999994,2.5600000000000014,10.68,False,False,OK
E12000004,East Midlands,E07000135,Oadby and Wigston,2004,6.82,5.605,7.635,2.0299999999999994,2.5600000000000014,10.68,False,False,OK
E12000004,East Midlands,E07000136,Boston,2004,6.02,5.605,7.635,2.0299999999999994,2.5600000000000014,10.68,False,False,OK
E12000004,East Midlands,E07000137,East Lindsey,2004,6.98,5.605,7.635,2.0299999999999994,2.5600000000000014,10.68,False,False,OK
E12000004,East Midlands,E07000138,Lincoln,2004,5.25,5.605,7.635,2.0299999999999994,2.5600000000000014,10.68,False,False,OK
E12000004,East Midlands,E07000139,North Kesteven,2004,7.1,5.605,7.635,2.0299999999999994,2.5600000000000014,10.68,False,False,OK
E12000004,East Midlands,E07000140,South Holland,2004,6.55,5.605,7.635,2.0299999999999994,2.5600000000000014,10.68,False,False,OK
E12000004,East Midlands,E07000141,South Kesteven,2004,6.53,5.605,7.635,2.0299999999999994,2.5600000000000014,10.68,False,False,OK
E12000004,East Midlands,E07000142,West Lindsey,2004,5.98,5.605,7.635,2.0299999999999994,2.5600000000000014,10.68,False,False,OK
E12000004,East Midlands,E07000170,Ashfield,2004,4.8,5.605,7.635,2.0299999999999994,2.5600000000000014,10.68,False,False,OK
E12000004,East Midlands,E07000171,Bassetlaw,2004,4.97,5.605,7.635,2.0299999999999994,2.5600000000000014,10.68,False,False,OK
E12000004,East Midlands,E07000172,Broxtowe,2004,5.67,5.605,7.635,2.0299999999999994,2.5600000000000014,10.68,False,False,OK
E12000004,East Midlands,E07000173,Gedling,2004,5.68,5.605,7.635,2.0299999999999994,2.5600000000000014,10.68,False,False,OK
E12000004,East Midlands,E07000174,Mansfield,2004,4.79,5.605,7.635,2.0299999999999994,2.5600000000000014,10.68,False,False,OK
E12000004,East Midlands,E07000175,Newark and Sherwood,2004,6.44,5.605,7.635,2.0299999999999994,2.5600000000000014,10.68,False,False,OK
E12000004,East Midlands,E07000176,Rushcliffe,2004,6.21,5.605,7.635,2.0299999999999994,2.5600000000000014,10.68,False,False,OK
E12000005,West Midlands,E06000019,"Herefordshire, County of",2004,8.19,5.605,7.635,2.0299999999999994,2.5600000000000014,10.68,False,False,OK
E12000005,West Midlands,E06000020,Telford and Wrekin,2004,5.76,5.605,7.635,2.0299999999999994,2.5600000000000014,10.68,False,False,OK
E12000005,West Midlands,E06000021,Stoke-on-Trent,2004,3.77,5.605,7.635,2.0299999999999994,2.5600000000000014,10.68,False,False,OK
E12000005,West Midlands,E06000051,Shropshire,2004,6.96,5.605,7.635,2.0299999999999994,2.5600000000000014,10.68,False,False,OK
E12000005,West Midlands,E07000192,Cannock Chase,2004,5.61,5.605,7.635,2.0299999999999994,2.5600000000000014,10.68,False,False,OK
E12000005,West Midlands,E07000193,East Staffordshire,2004,5.29,5.605,7.635,2.0299999999999994,2.5600000000000014,10.68,False,False,OK
E12000005,West Midlands,E07000194,Lichfield,2004,6.75,5.605,7.635,2.0299999999999994,2.5600000000000014,10.68,False,False,OK
E12000005,West Midlands,E07000195,Newcastle-under-Lyme,2004,4.89,5.605,7.635,2.0299999999999994,2.5600000000000014,10.68,False,False,OK
E12000005,West Midlands,E07000196,South Staffordshire,2004,6.92,5.605,7.635,2.0299999999999994,2.5600000000000014,10.68,False,False,OK
E12000005,West Midlands,E07000197,Stafford,2004,6.29,5.605,7.635,2.0299999999999994,2.5600000000000014,10.68,False,False,OK
E12000005,West Midlands,E07000198,Staffordshire Moorlands,2004,6.23,5.605,7.635,2.0299999999999994,2.5600000000000014,10.68,False,False,OK
E12000005,West Midlands,E07000199,Tamworth,2004,5.36,5.605,7.635,2.0299999999999994,2.5600000000000014,10.68,False,False,OK
E12000005,West Midlands,E07000218,North Warwickshire,2004,6.11,5.605,7.635,2.0299999999999994,2.5600000000000014,10.68,False,False,OK
E12000005,West Midlands,E07000219,Nuneaton and Bedworth,2004,5.1,5.605,7.635,2.0299999999999994,2.5600000000000014,10.68,False,False,OK
E12000005,West Midlands,E07000220,Rugby,2004,6.08,5.605,7.635,2.0299999999999994,2.5600000000000014,10.68,False,False,OK
E12000005,West Midlands,E07000221,Stratford-on-Avon,2004,7.59,5.605,7.635,2.0299999999999994,2.5600000000000014,10.68,False,False,OK
E12000005,West Midlands,E07000222,Warwick,2004,6.76,5.605,7.635,2.0299999999999994,2.5600000000000014,10.68,False,False,OK
E12000005,West Midlands,E07000234,Bromsgrove,2004,6.61,5.605,7.635,2.0299999999999994,2.5600000000000014,10.68,False,False,OK
E12000005,West Midlands,E07000235,Malvern Hills,2004,7.96,5.605,7.635,2.0299999999999994,2.5600000000000014,10.68,False,False,OK
E12000005,West Midlands,E07000236,Redditch,2004,6.52,5.605,7.635,2.0299999999999994,2.5600000000000014,10.68,False,False,OK
E12000005,West Midlands,E07000237,Worcester,2004,6.61,5.605,7.635,2.0299999999999994,2.5600000000000014,10.68,False,False,OK
E12000005,West Midlands,E07000238,Wychavon,2004,8.15,5.605,7.635,2.0299999999999994,2.5600000000000014,10.68,False,False,OK
E12000005,West Midlands,E07000239,Wyre Forest,2004,7.21,5.605,7.635,2.0299999999999994,2.5600000000000014,10.68,False,False,OK
E12000005,West Midlands,E08000025,Birmingham,2004,5.73,5.605,7.635,2.0299999999999994,2.5600000000000014,10.68,False,False,OK
E12000005,West Midlands,E08000026,Coventry,2004,4.9,5.605,7.635,2.0299999999999994,2.5600000000000014,10.68,False,False,OK
E12000005,West Midlands,E08000027,Dudley,2004,5.94,5.605,7.635,2.0299999999999994,2.5600000000000014,10.68,False,False,OK
E12000005,West Midlands,E08000028,Sandwell,2004,5.17,5.605,7.635,2.0299999999999994,2.5600000000000014,10.68,False,False,OK
E12000005,West Midlands,E08000029,Solihull,2004,7.3,5.605,7.635,2.0299999999999994,2.5600000000000014,10.68,False,False,OK
E12000005,West Midlands,E08000030,Walsall,2004,5.81,5.605,7.635,2.0299999999999994,2.5600000000000014,10.68,False,False,OK
E12000005,West Midlands,E08000031,Wolverhampton,2004,5.17,5.605,7.635,2.0299999999999994,2.5600000000000014,10.68,False,False,OK
E12000006,East of England,E06000031,Peterborough,2004,5.76,5.605,7.635,2.0299999999999994,2.5600000000000014,10.68,False,False,OK
E12000006,East of England,E06000032,Luton,2004,5.77,5.605,7.635,2.0299999999999994,2.5600000000000014,10.68,False,False,OK
E12000006,East of England,E06000033,Southend-on-Sea,2004,6.13,5.605,7.635,2.0299999999999994,2.5600000000000014,10.68,False,False,OK
E12000006,East of England,E06000034,Thurrock,2004,6.0,5.605,7.635,2.0299999999999994,2.5600000000000014,10.68,False,False,OK
E12000006,East of England,E06000055,Bedford,2004,6.16,5.605,7.635,2.0299999999999994,2.5600000000000014,10.68,False,False,OK
E12000006,East of England,E06000056,Central Bedfordshire,2004,5.96,5.605,7.635,2.0299999999999994,2.5600000000000014,10.68,False,False,OK
E12000006,East of England,E07000008,Cambridge,2004,7.53,5.605,7.635,2.0299999999999994,2.5600000000000014,10.68,False,False,OK
E12000006,East of England,E07000009,East Cambridgeshire,2004,6.66,5.605,7.635,2.0299999999999994,2.5600000000000014,10.68,False,False,OK
E12000006,East of England,E07000010,Fenland,2004,5.81,5.605,7.635,2.0299999999999994,2.5600000000000014,10.68,False,False,OK
E12000006,East of England,E07000011,Huntingdonshire,2004,5.85,5.605,7.635,2.0299999999999994,2.5600000000000014,10.68,False,False,OK
E12000006,East of England,E07000012,South Cambridgeshire,2004,7.88,5.605,7.635,2.0299999999999994,2.5600000000000014,10.68,False,False,OK
E12000006,East of England,E07000066,Basildon,2004,6.14,5.605,7.635,2.0299999999999994,2.5600000000000014,10.68,False,False,OK
E12000006,East of England,E07000067,Braintree,2004,6.78,5.605,7.635,2.0299999999999994,2.5600000000000014,10.68,False,False,OK
E12000006,East of England,E07000068,Brentwood,2004,6.5,5.605,7.635,2.0299999999999994,2.5600000000000014,10.68,False,False,OK
E12000006,East of England,E07000069,Castle Point,2004,6.8,5.605,7.635,2.0299999999999994,2.5600000000000014,10.68,False,False,OK
E12000006,East of England,E07000070,Chelmsford,2004,6.91,5.605,7.635,2.0299999999999994,2.5600000000000014,10.68,False,False,OK
E12000006,East of England,E07000071,Colchester,2004,6.73,5.605,7.635,2.0299999999999994,2.5600000000000014,10.68,False,False,OK
E12000006,East of England,E07000072,Epping Forest,2004,8.1,5.605,7.635,2.0299999999999994,2.5600000000000014,10.68,False,False,OK
E12000006,East of England,E07000073,Harlow,2004,6.89,5.605,7.635,2.0299999999999994,2.5600000000000014,10.68,False,False,OK
E12000006,East of England,E07000074,Maldon,2004,6.21,5.605,7.635,2.0299999999999994,2.5600000000000014,10.68,False,False,OK
E12000006,East of England,E07000075,Rochford,2004,6.49,5.605,7.635,2.0299999999999994,2.5600000000000014,10.68,False,False,OK
E12000006,East of England,E07000076,Tendring,2004,7.29,5.605,7.635,2.0299999999999994,2.5600000000000014,10.68,False,False,OK
E12000006,East of England,E07000077,Uttlesford,2004,7.61,5.605,7.635,2.0299999999999994,2.5600000000000014,10.68,False,False,OK
E12000006,East of England,E07000095,Broxbourne,2004,7.31,5.605,7.635,2.0299999999999994,2.5600000000000014,10.68,False,False,OK
E12000006,East of England,E07000096,Dacorum,2004,7.58,5.605,7.635,2.0299999999999994,2.5600000000000014,10.68,False,False,OK
E12000006,East of England,E07000098,Hertsmere,2004,8.05,5.605,7.635,2.0299999999999994,2.5600000000000014,10.68,False,False,OK
E12000006,East of England,E07000099,North Hertfordshire,2004,7.22,5.605,7.635,2.0299999999999994,2.5600000000000014,10.68,False,False,OK
E12000006,East of England,E07000102,Three Rivers,2004,7.46,5.605,7.635,2.0299999999999994,2.5600000000000014,10.68,False,False,OK
E12000006,East of England,E07000103,Watford,2004,7.12,5.605,7.635,2.0299999999999994,2.5600000000000014,10.68,False,False,OK
E12000006,East of England,E07000143,Breckland,2004,7.21,5.605,7.635,2.0299999999999994,2.5600000000000014,10.68,False,False,OK
E12000006,East of England,E07000144,Broadland,2004,7.37,5.605,7.635,2.0299999999999994,2.5600000000000014,10.68,False,False,OK
E12000006,East of England,E07000145,Great Yarmouth,2004,6.0,5.605,7.635,2.0299999999999994,2.5600000000000014,10.68,False,False,OK
E12000006,East of England,E07000146,King's Lynn and West Norfolk,2004,6.99,5.605,7.635,2.0299999999999994,2.5600000000000014,10.68,False,False,OK
E12000006,East of England,E07000147,North Norfolk,2004,7.63,5.605,7.635,2.0299999999999994,2.5600000000000014,10.68,False,False,OK
E12000006,East of England,E07000148,Norwich,2004,6.32,5.605,7.635,2.0299999999999994,2.5600000000000014,10.68,False,False,OK
E12000006,East of England,E07000149,South Norfolk,2004,7.35,5.605,7.635,2.0299999999999994,2.5600000000000014,10.68,False,False,OK
E12000006,East of England,E07000200,Babergh,2004,7.35,5.605,7.635,2.0299999999999994,2.5600000000000014,10.68,False,False,OK
E12000006,East of England,E07000202,Ipswich,2004,6.06,5.605,7.635,2.0299999999999994,2.5600000000000014,10.68,False,False,OK
E12000006,East of England,E07000203,Mid Suffolk,2004,7.4,5.605,7.635,2.0299999999999994,2.5600000000000014,10.68,False,False,OK
E12000006,East of England,E07000240,St Albans,2004,8.17,5.605,7.635,2.0299999999999994,2.5600000000000014,10.68,False,False,OK
E12000006,East of England,E07000241,Welwyn Hatfield,2004,7.84,5.605,7.635,2.0299999999999994,2.5600000000000014,10.68,False,False,OK
E12000006,East of England,E07000242,East Hertfordshire,2004,6.97,5.605,7.635,2.0299999999999994,2.5600000000000014,10.68,False,False,OK
E12000006,East of England,E07000243,Stevenage,2004,6.6,5.605,7.635,2.0299999999999994,2.5600000000000014,10.68,False,False,OK
E12000006,East of England,E07000244,East Suffolk,2004,6.5,5.605,7.635,2.0299999999999994,2.5600000000000014,10.68,False,False,OK
E12000006,East of England,E07000245,West Suffolk,2004,7.5,5.605,7.635,2.0299999999999994,2.5600000000000014,10.68,False,False,OK
E12000007,London,E09000001,City of London,2004,,5.605,7.635,2.0299999999999994,2.5600000000000014,10.68,False,True,Missing ratio value
E12000007,London,E09000002,Barking and Dagenham,2004,7.18,5.605,7.635,2.0299999999999994,2.5600000000000014,10.68,False,False,OK
E12000007,London,E09000003,Barnet,2004,8.64,5.605,7.635,2.0299999999999994,2.5600000000000014,10.68,False,False,OK
E12000007,London,E09000004,Bexley,2004,6.57,5.605,7.635,2.0299999999999994,2.5600000000000014,10.68,False,False,OK
E12000007,London,E09000005,Brent,2004,9.26,5.605,7.635,2.0299999999999994,2.5600000000000014,10.68,False,False,OK
E12000007,London,E09000006,Bromley,2004,7.54,5.605,7.635,2.0299999999999994,2.5600000000000014,10.68,False,False,OK
E12000007,London,E09000007,Camden,2004,10.4,5.605,7.635,2.0299999999999994,2.5600000000000014,10.68,False,False,OK
E12000007,London,E09000008,Croydon,2004,7.23,5.605,7.635,2.0299999999999994,2.5600000000000014,10.68,False,False,OK
E12000007,London,E09000009,Ealing,2004,8.68,5.605,7.635,2.0299999999999994,2.5600000000000014,10.68,False,False,OK
E12000007,London,E09000010,Enfield,2004,7.31,5.605,7.635,2.0299999999999994,2.5600000000000014,10.68,False,False,OK
E12000007,London,E09000011,Greenwich,2004,6.86,5.605,7.635,2.0299999999999994,2.5600000000000014,10.68,False,False,OK
E12000007,London,E09000012,Hackney,2004,8.7,5.605,7.635,2.0299999999999994,2.5600000000000014,10.68,False,False,OK
E12000007,London,E09000013,Hammersmith and Fulham,2004,9.81,5.605,7.635,2.0299999999999994,2.5600000000000014,10.68,False,False,OK
E12000007,London,E09000014,Haringey,2004,7.81,5.605,7.635,2.0299999999999994,2.5600000000000014,10.68,False,False,OK
E12000007,London,E09000015,Harrow,2004,9.26,5.605,7.635,2.0299999999999994,2.5600000000000014,10.68,False,False,OK
E12000007,London,E09000016,Havering,2004,6.91,5.605,7.635,2.0299999999999994,2.5600000000000014,10.68,False,False,OK
E12000007,London,E09000017,Hillingdon,2004,7.56,5.605,7.635,2.0299999999999994,2.5600000000000014,10.68,False,False,OK
E12000007,London,E09000018,Hounslow,2004,8.65,5.605,7.635,2.0299999999999994,2.5600000000000014,10.68,False,False,OK
E12000007,London,E09000019,Islington,2004,8.67,5.605,7.635,2.0299999999999994,2.5600000000000014,10.68,False,False,OK
E12000007,London,E09000020,Kensington and Chelsea,2004,10.04,5.605,7.635,2.0299999999999994,2.5600000000000014,10.68,False,False,OK
E12000007,London,E09000021,Kingston upon Thames,2004,8.47,5.605,7.635,2.0299999999999994,2.5600000000000014,10.68,False,False,OK
E12000007,London,E09000022,Lambeth,2004,8.38,5.605,7.635,2.0299999999999994,2.5600000000000014,10.68,False,False,OK
E12000007,London,E09000023,Lewisham,2004,6.57,5.605,7.635,2.0299999999999994,2.5600000000000014,10.68,False,False,OK
E12000007,London,E09000024,Merton,2004,7.9,5.605,7.635,2.0299999999999994,2.5600000000000014,10.68,False,False,OK
E12000007,London,E09000025,Newham,2004,8.27,5.605,7.635,2.0299999999999994,2.5600000000000014,10.68,False,False,OK
E12000007,London,E09000026,Redbridge,2004,8.27,5.605,7.635,2.0299999999999994,2.5600000000000014,10.68,False,False,OK
E12000007,London,E09000027,Richmond upon Thames,2004,8.35,5.605,7.635,2.0299999999999994,2.5600000000000014,10.68,False,False,OK
E12000007,London,E09000028,Southwark,2004,8.44,5.605,7.635,2.0299999999999994,2.5600000000000014,10.68,False,False,OK
E12000007,London,E09000029,Sutton,2004,7.39,5.605,7.635,2.0299999999999994,2.5600000000000014,10.68,False,False,OK
E12000007,London,E09000030,Tower Hamlets,2004,7.99,5.605,7.635,2.0299999999999994,2.5600000000000014,10.68,False,False,OK
E12000007,London,E09000031,Waltham Forest,2004,7.2,5.605,7.635,2.0299999999999994,2.5600000000000014,10.68,False,False,OK
E12000007,London,E09000032,Wandsworth,2004,8.48,5.605,7.635,2.0299999999999994,2.5600000000000014,10.68,False,False,OK
E12000007,London,E09000033,Westminster,2004,10.6,5.605,7.635,2.0299999999999994,2.5600000000000014,10.68,False,False,OK
E12000008,South East,E06000035,Medway,2004,5.83,5.605,7.635,2.0299999999999994,2.5600000000000014,10.68,False,False,OK
E12000008,South East,E06000036,Bracknell Forest,2004,6.38,5.605,7.635,2.0299999999999994,2.5600000000000014,10.68,False,False,OK
E12000008,South East,E06000037,West Berkshire,2004,7.58,5.605,7.635,2.0299999999999994,2.5600000000000014,10.68,False,False,OK
E12000008,South East,E06000038,Reading,2004,6.48,5.605,7.635,2.0299999999999994,2.5600000000000014,10.68,False,False,OK
E12000008,South East,E06000039,Slough,2004,7.38,5.605,7.635,2.0299999999999994,2.5600000000000014,10.68,False,False,OK
E12000008,South East,E06000040,Windsor and Maidenhead,2004,7.93,5.605,7.635,2.0299999999999994,2.5600000000000014,10.68,False,False,OK
E12000008,South East,E06000041,Wokingham,2004,7.94,5.605,7.635,2.0299999999999994,2.5600000000000014,10.68,False,False,OK
E12000008,South East,E06000042,Milton Keynes,2004,6.19,5.605,7.635,2.0299999999999994,2.5600000000000014,10.68,False,False,OK
E12000008,South East,E06000043,Brighton and Hove,2004,7.41,5.605,7.635,2.0299999999999994,2.5600000000000014,10.68,False,False,OK
E12000008,South East,E06000044,Portsmouth,2004,6.54,5.605,7.635,2.0299999999999994,2.5600000000000014,10.68,False,False,OK
E12000008,South East,E06000045,Southampton,2004,6.64,5.605,7.635,2.0299999999999994,2.5600000000000014,10.68,False,False,OK
E12000008,South East,E06000046,Isle of Wight,2004,7.68,5.605,7.635,2.0299999999999994,2.5600000000000014,10.68,False,False,OK
E12000008,South East,E06000060,Buckinghamshire,2004,7.96,5.605,7.635,2.0299999999999994,2.5600000000000014,10.68,False,False,OK
E12000008,South East,E07000061,Eastbourne,2004,7.43,5.605,7.635,2.0299999999999994,2.5600000000000014,10.68,False,False,OK
E12000008,South East,E07000062,Hastings,2004,6.97,5.605,7.635,2.0299999999999994,2.5600000000000014,10.68,False,False,OK
E12000008,South East,E07000063,Lewes,2004,7.93,5.605,7.635,2.0299999999999994,2.5600000000000014,10.68,False,False,OK
E12000008,South East,E07000064,Rother,2004,8.62,5.605,7.635,2.0299999999999994,2.5600000000000014,10.68,False,False,OK
E12000008,South East,E07000065,Wealden,2004,8.39,5.605,7.635,2.0299999999999994,2.5600000000000014,10.68,False,False,OK
E12000008,South East,E07000084,Basingstoke and Deane,2004,7.09,5.605,7.635,2.0299999999999994,2.5600000000000014,10.68,False,False,OK
E12000008,South East,E07000085,East Hampshire,2004,8.15,5.605,7.635,2.0299999999999994,2.5600000000000014,10.68,False,False,OK
E12000008,South East,E07000086,Eastleigh,2004,7.43,5.605,7.635,2.0299999999999994,2.5600000000000014,10.68,False,False,OK
E12000008,South East,E07000087,Fareham,2004,7.59,5.605,7.635,2.0299999999999994,2.5600000000000014,10.68,False,False,OK
E12000008,South East,E07000088,Gosport,2004,6.87,5.605,7.635,2.0299999999999994,2.5600000000000014,10.68,False,False,OK
E12000008,South East,E07000089,Hart,2004,7.02,5.605,7.635,2.0299999999999994,2.5600000000000014,10.68,False,False,OK
E12000008,South East,E07000090,Havant,2004,7.92,5.605,7.635,2.0299999999999994,2.5600000000000014,10.68,False,False,OK
E12000008,South East,E07000091,New Forest,2004,8.74,5.605,7.635,2.0299999999999994,2.5600000000000014,10.68,False,False,OK
E12000008,South East,E07000092,Rushmoor,2004,6.44,5.605,7.635,2.0299999999999994,2.5600000000000014,10.68,False,False,OK
E12000008,South East,E07000093,Test Valley,2004,8.08,5.605,7.635,2.0299999999999994,2.5600000000000014,10.68,False,False,OK
E12000008,South East,E07000094,Winchester,2004,7.77,5.605,7.635,2.0299999999999994,2.5600000000000014,10.68,False,False,OK
E12000008,South East,E07000105,Ashford,2004,7.14,5.605,7.635,2.0299999999999994,2.5600000000000014,10.68,False,False,OK
E12000008,South East,E07000106,Canterbury,2004,7.34,5.605,7.635,2.0299999999999994,2.5600000000000014,10.68,False,False,OK
E12000008,South East,E07000107,Dartford,2004,6.3,5.605,7.635,2.0299999999999994,2.5600000000000014,10.68,False,False,OK
E12000008,South East,E07000108,Dover,2004,6.65,5.605,7.635,2.0299999999999994,2.5600000000000014,10.68,False,False,OK
E12000008,South East,E07000109,Gravesham,2004,6.44,5.605,7.635,2.0299999999999994,2.5600000000000014,10.68,False,False,OK
E12000008,South East,E07000110,Maidstone,2004,7.51,5.605,7.635,2.0299999999999994,2.5600000000000014,10.68,False,False,OK
E12000008,South East,E07000111,Sevenoaks,2004,8.04,5.605,7.635,2.0299999999999994,2.5600000000000014,10.68,False,False,OK
E12000008,South East,E07000112,Folkestone and Hythe,2004,6.44,5.605,7.635,2.0299999999999994,2.5600000000000014,10.68,False,False,OK
E12000008,South East,E07000113,Swale,2004,5.78,5.605,7.635,2.0299999999999994,2.5600000000000014,10.68,False,False,OK
E12000008,South East,E07000114,Thanet,2004,6.62,5.605,7.635,2.0299999999999994,2.5600000000000014,10.68,False,False,OK
E12000008,South East,E07000115,Tonbridge and Malling,2004,8.08,5.605,7.635,2.0299999999999994,2.5600000000000014,10.68,False,False,OK
E12000008,South East,E07000116,Tunbridge Wells,2004,7.85,5.605,7.635,2.0299999999999994,2.5600000000000014,10.68,False,False,OK
E12000008,South East,E07000177,Cherwell,2004,7.49,5.605,7.635,2.0299999999999994,2.5600000000000014,10.68,False,False,OK
E12000008,South East,E07000178,Oxford,2004,9.2,5.605,7.635,2.0299999999999994,2.5600000000000014,10.68,False,False,OK
E12000008,South East,E07000179,South Oxfordshire,2004,7.81,5.605,7.635,2.0299999999999994,2.5600000000000014,10.68,False,False,OK
E12000008,South East,E07000180,Vale of White Horse,2004,7.91,5.605,7.635,2.0299999999999994,2.5600000000000014,10.68,False,False,OK
E12000008,South East,E07000181,West Oxfordshire,2004,8.15,5.605,7.635,2.0299999999999994,2.5600000000000014,10.68,False,False,OK
E12000008,South East,E07000207,Elmbridge,2004,8.58,5.605,7.635,2.0299999999999994,2.5600000000000014,10.68,False,False,OK
E12000008,South East,E07000208,Epsom and Ewell,2004,8.55,5.605,7.635,2.0299999999999994,2.5600000000000014,10.68,False,False,OK
E12000008,South East,E07000209,Guildford,2004,8.21,5.605,7.635,2.0299999999999994,2.5600000000000014,10.68,False,False,OK
E12000008,South East,E07000210,Mole Valley,2004,8.51,5.605,7.635,2.0299999999999994,2.5600000000000014,10.68,False,False,OK
E12000008,South East,E07000211,Reigate and Banstead,2004,8.02,5.605,7.635,2.0299999999999994,2.5600000000000014,10.68,False,False,OK
E12000008,South East,E07000212,Runnymede,2004,8.33,5.605,7.635,2.0299999999999994,2.5600000000000014,10.68,False,False,OK
E12000008,South East,E07000213,Spelthorne,2004,7.0,5.605,7.635,2.0299999999999994,2.5600000000000014,10.68,False,False,OK
E12000008,South East,E07000214,Surrey Heath,2004,7.68,5.605,7.635,2.0299999999999994,2.5600000000000014,10.68,False,False,OK
E12000008,South East,E07000215,Tandridge,2004,9.19,5.605,7.635,2.0299999999999994,2.5600000000000014,10.68,False,False,OK
E12000008,South East,E07000216,Waverley,2004,9.07,5.605,7.635,2.0299999999999994,2.5600000000000014,10.68,False,False,OK
E12000008,South East,E07000217,Woking,2004,7.97,5.605,7.635,2.0299999999999994,2.5600000000000014,10.68,False,False,OK
E12000008,South East,E07000223,Adur,2004,8.01,5.605,7.635,2.0299999999999994,2.5600000000000014,10.68,False,False,OK
E12000008,South East,E07000224,Arun,2004,8.07,5.605,7.635,2.0299999999999994,2.5600000000000014,10.68,False,False,OK
E12000008,South East,E07000225,Chichester,2004,10.4,5.605,7.635,2.0299999999999994,2.5600000000000014,10.68,False,False,OK
E12000008,South East,E07000226,Crawley,2004,6.64,5.605,7.635,2.0299999999999994,2.5600000000000014,10.68,False,False,OK
E12000008,South East,E07000227,Horsham,2004,8.35,5.605,7.635,2.0299999999999994,2.5600000000000014,10.68,False,False,OK
E12000008,South East,E07000228,Mid Sussex,2004,8.46,5.605,7.635,2.0299999999999994,2.5600000000000014,10.68,False,False,OK
E12000008,South East,E07000229,Worthing,2004,7.27,5.605,7.635,2.0299999999999994,2.5600000000000014,10.68,False,False,OK
E12000009,South West,E06000022,Bath and North East Somerset,2004,8.0,5.605,7.635,2.0299999999999994,2.5600000000000014,10.68,False,False,OK
E12000009,South West,E06000023,"Bristol, City of",2004,6.63,5.605,7.635,2.0299999999999994,2.5600000000000014,10.68,False,False,OK
E12000009,South West,E06000024,North Somerset,2004,6.35,5.605,7.635,2.0299999999999994,2.5600000000000014,10.68,False,False,OK
E12000009,South West,E06000025,South Gloucestershire,2004,6.35,5.605,7.635,2.0299999999999994,2.5600000000000014,10.68,False,False,OK
E12000009,South West,E06000026,Plymouth,2004,5.73,5.605,7.635,2.0299999999999994,2.5600000000000014,10.68,False,False,OK
E12000009,South West,E06000027,Torbay,2004,8.02,5.605,7.635,2.0299999999999994,2.5600000000000014,10.68,False,False,OK
E12000009,South West,E06000030,Swindon,2004,6.0,5.605,7.635,2.0299999999999994,2.5600000000000014,10.68,False,False,OK
E12000009,South West,E06000052,Cornwall,2004,8.81,5.605,7.635,2.0299999999999994,2.5600000000000014,10.68,False,False,OK
E12000009,South West,E06000053,Isles of Scilly,2004,,5.605,7.635,2.0299999999999994,2.5600000000000014,10.68,False,True,Missing ratio value
E12000009,South West,E06000054,Wiltshire,2004,7.22,5.605,7.635,2.0299999999999994,2.5600000000000014,10.68,False,False,OK
E12000009,South West,E06000058,"Bournemouth, Christchurch and Poole",2004,8.83,5.605,7.635,2.0299999999999994,2.5600000000000014,10.68,False,False,OK
E12000009,South West,E06000059,Dorset,2004,9.71,5.605,7.635,2.0299999999999994,2.5600000000000014,10.68,False,False,OK
E12000009,South West,E06000066,Somerset,2004,7.52,5.605,7.635,2.0299999999999994,2.5600000000000014,10.68,False,False,OK
E12000009,South West,E07000040,East Devon,2004,9.04,5.605,7.635,2.0299999999999994,2.5600000000000014,10.68,False,False,OK
E12000009,South West,E07000041,Exeter,2004,7.82,5.605,7.635,2.0299999999999994,2.5600000000000014,10.68,False,False,OK
E12000009,South West,E07000042,Mid Devon,2004,7.82,5.605,7.635,2.0299999999999994,2.5600000000000014,10.68,False,False,OK
E12000009,South West,E07000043,North Devon,2004,9.54,5.605,7.635,2.0299999999999994,2.5600000000000014,10.68,False,False,OK
E12000009,South West,E07000044,South Hams,2004,9.09,5.605,7.635,2.0299999999999994,2.5600000000000014,10.68,False,False,OK
E12000009,South West,E07000045,Teignbridge,2004,8.91,5.605,7.635,2.0299999999999994,2.5600000000000014,10.68,False,False,OK
E12000009,South West,E07000046,Torridge,2004,9.16,5.605,7.635,2.0299999999999994,2.5600000000000014,10.68,False,False,OK
E12000009,South West,E07000047,West Devon,2004,7.65,5.605,7.635,2.0299999999999994,2.5600000000000014,10.68,False,False,OK
E12000009,South West,E07000078,Cheltenham,2004,7.16,5.605,7.635,2.0299999999999994,2.5600000000000014,10.68,False,False,OK
E12000009,South West,E07000079,Cotswold,2004,9.71,5.605,7.635,2.0299999999999994,2.5600000000000014,10.68,False,False,OK
E12000009,South West,E07000080,Forest of Dean,2004,7.02,5.605,7.635,2.0299999999999994,2.5600000000000014,10.68,False,False,OK
E12000009,South West,E07000081,Gloucester,2004,6.31,5.605,7.635,2.0299999999999994,2.5600000000000014,10.68,False,False,OK
E12000009,South West,E07000082,Stroud,2004,7.51,5.605,7.635,2.0299999999999994,2.5600000000000014,10.68,False,False,OK
E12000009,South West,E07000083,Tewkesbury,2004,7.32,5.605,7.635,2.0299999999999994,2.5600000000000014,10.68,False,False,OK
W92000004,Wales,W06000001,Isle of Anglesey,2004,5.82,5.605,7.635,2.0299999999999994,2.5600000000000014,10.68,False,False,OK
W92000004,Wales,W06000002,Gwynedd,2004,5.54,5.605,7.635,2.0299999999999994,2.5600000000000014,10.68,False,False,OK
W92000004,Wales,W06000003,Conwy,2004,6.06,5.605,7.635,2.0299999999999994,2.5600000000000014,10.68,False,False,OK
W92000004,Wales,W06000004,Denbighshire,2004,4.91,5.605,7.635,2.0299999999999994,2.5600000000000014,10.68,False,False,OK
W92000004,Wales,W06000005,Flintshire,2004,5.12,5.605,7.635,2.0299999999999994,2.5600000000000014,10.68,False,False,OK
W92000004,Wales,W06000006,Wrexham,2004,5.78,5.605,7.635,2.0299999999999994,2.5600000000000014,10.68,False,False,OK
W92000004,Wales,W06000008,Ceredigion,2004,7.88,5.605,7.635,2.0299999999999994,2.5600000000000014,10.68,False,False,OK
W92000004,Wales,W06000009,Pembrokeshire,2004,7.13,5.605,7.635,2.0299999999999994,2.5600000000000014,10.68,False,False,OK
W92000004,Wales,W06000010,Carmarthenshire,2004,5.39,5.605,7.635,2.0299999999999994,2.5600000000000014,10.68,False,False,OK
W92000004,Wales,W06000011,Swansea,2004,4.87,5.605,7.635,2.0299999999999994,2.5600000000000014,10.68,False,False,OK
W92000004,Wales,W06000012,Neath Port Talbot,2004,3.36,5.605,7.635,2.0299999999999994,2.5600000000000014,10.68,False,False,OK
W92000004,Wales,W06000013,Bridgend,2004,4.6,5.605,7.635,2.0299999999999994,2.5600000000000014,10.68,False,False,OK
W92000004,Wales,W06000014,Vale of Glamorgan,2004,5.57,5.605,7.635,2.0299999999999994,2.5600000000000014,10.68,False,False,OK
W92000004,Wales,W06000015,Cardiff,2004,6.5,5.605,7.635,2.0299999999999994,2.5600000000000014,10.68,False,False,OK
W92000004,Wales,W06000016,Rhondda Cynon Taf,2004,3.56,5.605,7.635,2.0299999999999994,2.5600000000000014,10.68,False,False,OK
W92000004,Wales,W06000018,Caerphilly,2004,4.63,5.605,7.635,2.0299999999999994,2.5600000000000014,10.68,False,False,OK
W92000004,Wales,W06000019,Blaenau Gwent,2004,3.18,5.605,7.635,2.0299999999999994,2.5600000000000014,10.68,False,False,OK
W92000004,Wales,W06000020,Torfaen,2004,4.31,5.605,7.635,2.0299999999999994,2.5600000000000014,10.68,False,False,OK
W92000004,Wales,W06000021,Monmouthshire,2004,6.88,5.605,7.635,2.0299999999999994,2.5600000000000014,10.68,False,False,OK
W92000004,Wales,W06000022,Newport,2004,5.3,5.605,7.635,2.0299999999999994,2.5600000000000014,10.68,False,False,OK
W92000004,Wales,W06000023,Powys,2004,7.26,5.605,7.635,2.0299999999999994,2.5600000000000014,10.68,False,False,OK
W92000004,Wales,W06000024,Merthyr Tydfil,2004,3.05,5.605,7.635,2.0299999999999994,2.5600000000000014,10.68,False,False,OK
E12000001,North East,E06000001,Hartlepool,2005,2.86,5.9575,7.8475,1.8900000000000006,3.1224999999999987,10.682500000000001,True,False,Statistical outlier
E12000001,North East,E06000002,Middlesbrough,2005,4.23,5.9575,7.8475,1.8900000000000006,3.1224999999999987,10.682500000000001,False,False,OK
E12000001,North East,E06000003,Redcar and Cleveland,2005,4.67,5.9575,7.8475,1.8900000000000006,3.1224999999999987,10.682500000000001,False,False,OK
E12000001,North East,E06000004,Stockton-on-Tees,2005,4.99,5.9575,7.8475,1.8900000000000006,3.1224999999999987,10.682500000000001,False,False,OK
E12000001,North East,E06000005,Darlington,2005,5.96,5.9575,7.8475,1.8900000000000006,3.1224999999999987,10.682500000000001,False,False,OK
E12000001,North East,E06000047,County Durham,2005,4.77,5.9575,7.8475,1.8900000000000006,3.1224999999999987,10.682500000000001,False,False,OK
E12000001,North East,E06000057,Northumberland,2005,5.72,5.9575,7.8475,1.8900000000000006,3.1224999999999987,10.682500000000001,False,False,OK
E12000001,North East,E08000021,Newcastle upon Tyne,2005,5.95,5.9575,7.8475,1.8900000000000006,3.1224999999999987,10.682500000000001,False,False,OK
E12000001,North East,E08000022,North Tyneside,2005,5.98,5.9575,7.8475,1.8900000000000006,3.1224999999999987,10.682500000000001,False,False,OK
E12000001,North East,E08000023,South Tyneside,2005,5.02,5.9575,7.8475,1.8900000000000006,3.1224999999999987,10.682500000000001,False,False,OK
E12000001,North East,E08000024,Sunderland,2005,5.16,5.9575,7.8475,1.8900000000000006,3.1224999999999987,10.682500000000001,False,False,OK
E12000001,North East,E08000037,Gateshead,2005,5.24,5.9575,7.8475,1.8900000000000006,3.1224999999999987,10.682500000000001,False,False,OK
E12000002,North West,E06000006,Halton,2005,5.6,5.9575,7.8475,1.8900000000000006,3.1224999999999987,10.682500000000001,False,False,OK
E12000002,North West,E06000007,Warrington,2005,6.0,5.9575,7.8475,1.8900000000000006,3.1224999999999987,10.682500000000001,False,False,OK
E12000002,North West,E06000008,Blackburn with Darwen,2005,3.74,5.9575,7.8475,1.8900000000000006,3.1224999999999987,10.682500000000001,False,False,OK
E12000002,North West,E06000009,Blackpool,2005,5.74,5.9575,7.8475,1.8900000000000006,3.1224999999999987,10.682500000000001,False,False,OK
E12000002,North West,E06000049,Cheshire East,2005,5.92,5.9575,7.8475,1.8900000000000006,3.1224999999999987,10.682500000000001,False,False,OK
E12000002,North West,E06000050,Cheshire West and Chester,2005,6.03,5.9575,7.8475,1.8900000000000006,3.1224999999999987,10.682500000000001,False,False,OK
E12000002,North West,E06000063,Cumberland,2005,4.3,5.9575,7.8475,1.8900000000000006,3.1224999999999987,10.682500000000001,False,False,OK
E12000002,North West,E06000064,Westmorland and Furness,2005,6.66,5.9575,7.8475,1.8900000000000006,3.1224999999999987,10.682500000000001,False,False,OK
E12000002,North West,E07000117,Burnley,2005,2.24,5.9575,7.8475,1.8900000000000006,3.1224999999999987,10.682500000000001,True,False,Statistical outlier
E12000002,North West,E07000118,Chorley,2005,5.99,5.9575,7.8475,1.8900000000000006,3.1224999999999987,10.682500000000001,False,False,OK
E12000002,North West,E07000119,Fylde,2005,6.19,5.9575,7.8475,1.8900000000000006,3.1224999999999987,10.682500000000001,False,False,OK
E12000002,North West,E07000120,Hyndburn,2005,3.9,5.9575,7.8475,1.8900000000000006,3.1224999999999987,10.682500000000001,False,False,OK
E12000002,North West,E07000121,Lancaster,2005,5.36,5.9575,7.8475,1.8900000000000006,3.1224999999999987,10.682500000000001,False,False,OK
E12000002,North West,E07000122,Pendle,2005,3.2,5.9575,7.8475,1.8900000000000006,3.1224999999999987,10.682500000000001,False,False,OK
E12000002,North West,E07000123,Preston,2005,5.45,5.9575,7.8475,1.8900000000000006,3.1224999999999987,10.682500000000001,False,False,OK
E12000002,North West,E07000124,Ribble Valley,2005,6.62,5.9575,7.8475,1.8900000000000006,3.1224999999999987,10.682500000000001,False,False,OK
E12000002,North West,E07000125,Rossendale,2005,4.71,5.9575,7.8475,1.8900000000000006,3.1224999999999987,10.682500000000001,False,False,OK
E12000002,North West,E07000126,South Ribble,2005,5.99,5.9575,7.8475,1.8900000000000006,3.1224999999999987,10.682500000000001,False,False,OK
E12000002,North West,E07000127,West Lancashire,2005,6.07,5.9575,7.8475,1.8900000000000006,3.1224999999999987,10.682500000000001,False,False,OK
E12000002,North West,E07000128,Wyre,2005,5.91,5.9575,7.8475,1.8900000000000006,3.1224999999999987,10.682500000000001,False,False,OK
E12000002,North West,E08000001,Bolton,2005,4.79,5.9575,7.8475,1.8900000000000006,3.1224999999999987,10.682500000000001,False,False,OK
E12000002,North West,E08000002,Bury,2005,5.11,5.9575,7.8475,1.8900000000000006,3.1224999999999987,10.682500000000001,False,False,OK
E12000002,North West,E08000003,Manchester,2005,5.56,5.9575,7.8475,1.8900000000000006,3.1224999999999987,10.682500000000001,False,False,OK
E12000002,North West,E08000004,Oldham,2005,4.5,5.9575,7.8475,1.8900000000000006,3.1224999999999987,10.682500000000001,False,False,OK
E12000002,North West,E08000005,Rochdale,2005,4.52,5.9575,7.8475,1.8900000000000006,3.1224999999999987,10.682500000000001,False,False,OK
E12000002,North West,E08000006,Salford,2005,5.06,5.9575,7.8475,1.8900000000000006,3.1224999999999987,10.682500000000001,False,False,OK
E12000002,North West,E08000007,Stockport,2005,6.33,5.9575,7.8475,1.8900000000000006,3.1224999999999987,10.682500000000001,False,False,OK
E12000002,North West,E08000008,Tameside,2005,4.87,5.9575,7.8475,1.8900000000000006,3.1224999999999987,10.682500000000001,False,False,OK
E12000002,North West,E08000009,Trafford,2005,6.7,5.9575,7.8475,1.8900000000000006,3.1224999999999987,10.682500000000001,False,False,OK
E12000002,North West,E08000010,Wigan,2005,4.74,5.9575,7.8475,1.8900000000000006,3.1224999999999987,10.682500000000001,False,False,OK
E12000002,North West,E08000011,Knowsley,2005,6.0,5.9575,7.8475,1.8900000000000006,3.1224999999999987,10.682500000000001,False,False,OK
E12000002,North West,E08000012,Liverpool,2005,4.89,5.9575,7.8475,1.8900000000000006,3.1224999999999987,10.682500000000001,False,False,OK
E12000002,North West,E08000013,St. Helens,2005,5.41,5.9575,7.8475,1.8900000000000006,3.1224999999999987,10.682500000000001,False,False,OK
E12000002,North West,E08000014,Sefton,2005,5.99,5.9575,7.8475,1.8900000000000006,3.1224999999999987,10.682500000000001,False,False,OK
E12000002,North West,E08000015,Wirral,2005,5.08,5.9575,7.8475,1.8900000000000006,3.1224999999999987,10.682500000000001,False,False,OK
E12000003,Yorkshire and The Humber,E06000010,"Kingston upon Hull, City of",2005,3.58,5.9575,7.8475,1.8900000000000006,3.1224999999999987,10.682500000000001,False,False,OK
E12000003,Yorkshire and The Humber,E06000011,East Riding of Yorkshire,2005,5.55,5.9575,7.8475,1.8900000000000006,3.1224999999999987,10.682500000000001,False,False,OK
E12000003,Yorkshire and The Humber,E06000012,North East Lincolnshire,2005,4.08,5.9575,7.8475,1.8900000000000006,3.1224999999999987,10.682500000000001,False,False,OK
E12000003,Yorkshire and The Humber,E06000013,North Lincolnshire,2005,4.29,5.9575,7.8475,1.8900000000000006,3.1224999999999987,10.682500000000001,False,False,OK
E12000003,Yorkshire and The Humber,E06000014,York,2005,6.71,5.9575,7.8475,1.8900000000000006,3.1224999999999987,10.682500000000001,False,False,OK
E12000003,Yorkshire and The Humber,E06000065,North Yorkshire,2005,7.54,5.9575,7.8475,1.8900000000000006,3.1224999999999987,10.682500000000001,False,False,OK
E12000003,Yorkshire and The Humber,E08000017,Doncaster,2005,5.1,5.9575,7.8475,1.8900000000000006,3.1224999999999987,10.682500000000001,False,False,OK
E12000003,Yorkshire and The Humber,E08000018,Rotherham,2005,4.85,5.9575,7.8475,1.8900000000000006,3.1224999999999987,10.682500000000001,False,False,OK
E12000003,Yorkshire and The Humber,E08000032,Bradford,2005,5.1,5.9575,7.8475,1.8900000000000006,3.1224999999999987,10.682500000000001,False,False,OK
E12000003,Yorkshire and The Humber,E08000033,Calderdale,2005,5.21,5.9575,7.8475,1.8900000000000006,3.1224999999999987,10.682500000000001,False,False,OK
E12000003,Yorkshire and The Humber,E08000034,Kirklees,2005,5.06,5.9575,7.8475,1.8900000000000006,3.1224999999999987,10.682500000000001,False,False,OK
E12000003,Yorkshire and The Humber,E08000035,Leeds,2005,5.99,5.9575,7.8475,1.8900000000000006,3.1224999999999987,10.682500000000001,False,False,OK
E12000003,Yorkshire and The Humber,E08000036,Wakefield,2005,5.61,5.9575,7.8475,1.8900000000000006,3.1224999999999987,10.682500000000001,False,False,OK
E12000003,Yorkshire and The Humber,E08000038,Barnsley,2005,4.62,5.9575,7.8475,1.8900000000000006,3.1224999999999987,10.682500000000001,False,False,OK
E12000003,Yorkshire and The Humber,E08000039,Sheffield,2005,5.31,5.9575,7.8475,1.8900000000000006,3.1224999999999987,10.682500000000001,False,False,OK
E12000004,East Midlands,E06000015,Derby,2005,5.05,5.9575,7.8475,1.8900000000000006,3.1224999999999987,10.682500000000001,False,False,OK
E12000004,East Midlands,E06000016,Leicester,2005,6.27,5.9575,7.8475,1.8900000000000006,3.1224999999999987,10.682500000000001,False,False,OK
E12000004,East Midlands,E06000017,Rutland,2005,8.85,5.9575,7.8475,1.8900000000000006,3.1224999999999987,10.682500000000001,False,False,OK
E12000004,East Midlands,E06000018,Nottingham,2005,5.27,5.9575,7.8475,1.8900000000000006,3.1224999999999987,10.682500000000001,False,False,OK
E12000004,East Midlands,E06000061,North Northamptonshire,2005,6.08,5.9575,7.8475,1.8900000000000006,3.1224999999999987,10.682500000000001,False,False,OK
E12000004,East Midlands,E06000062,West Northamptonshire,2005,6.06,5.9575,7.8475,1.8900000000000006,3.1224999999999987,10.682500000000001,False,False,OK
E12000004,East Midlands,E07000032,Amber Valley,2005,5.15,5.9575,7.8475,1.8900000000000006,3.1224999999999987,10.682500000000001,False,False,OK
E12000004,East Midlands,E07000033,Bolsover,2005,4.84,5.9575,7.8475,1.8900000000000006,3.1224999999999987,10.682500000000001,False,False,OK
E12000004,East Midlands,E07000034,Chesterfield,2005,5.17,5.9575,7.8475,1.8900000000000006,3.1224999999999987,10.682500000000001,False,False,OK
E12000004,East Midlands,E07000035,Derbyshire Dales,2005,7.66,5.9575,7.8475,1.8900000000000006,3.1224999999999987,10.682500000000001,False,False,OK
E12000004,East Midlands,E07000036,Erewash,2005,5.42,5.9575,7.8475,1.8900000000000006,3.1224999999999987,10.682500000000001,False,False,OK
E12000004,East Midlands,E07000037,High Peak,2005,6.15,5.9575,7.8475,1.8900000000000006,3.1224999999999987,10.682500000000001,False,False,OK
E12000004,East Midlands,E07000038,North East Derbyshire,2005,6.07,5.9575,7.8475,1.8900000000000006,3.1224999999999987,10.682500000000001,False,False,OK
E12000004,East Midlands,E07000039,South Derbyshire,2005,6.26,5.9575,7.8475,1.8900000000000006,3.1224999999999987,10.682500000000001,False,False,OK
E12000004,East Midlands,E07000129,Blaby,2005,5.96,5.9575,7.8475,1.8900000000000006,3.1224999999999987,10.682500000000001,False,False,OK
E12000004,East Midlands,E07000130,Charnwood,2005,6.39,5.9575,7.8475,1.8900000000000006,3.1224999999999987,10.682500000000001,False,False,OK
E12000004,East Midlands,E07000131,Harborough,2005,7.09,5.9575,7.8475,1.8900000000000006,3.1224999999999987,10.682500000000001,False,False,OK
E12000004,East Midlands,E07000132,Hinckley and Bosworth,2005,5.97,5.9575,7.8475,1.8900000000000006,3.1224999999999987,10.682500000000001,False,False,OK
E12000004,East Midlands,E07000133,Melton,2005,5.96,5.9575,7.8475,1.8900000000000006,3.1224999999999987,10.682500000000001,False,False,OK
E12000004,East Midlands,E07000134,North West Leicestershire,2005,6.34,5.9575,7.8475,1.8900000000000006,3.1224999999999987,10.682500000000001,False,False,OK
E12000004,East Midlands,E07000135,Oadby and Wigston,2005,6.8,5.9575,7.8475,1.8900000000000006,3.1224999999999987,10.682500000000001,False,False,OK
E12000004,East Midlands,E07000136,Boston,2005,6.46,5.9575,7.8475,1.8900000000000006,3.1224999999999987,10.682500000000001,False,False,OK
E12000004,East Midlands,E07000137,East Lindsey,2005,6.83,5.9575,7.8475,1.8900000000000006,3.1224999999999987,10.682500000000001,False,False,OK
E12000004,East Midlands,E07000138,Lincoln,2005,5.51,5.9575,7.8475,1.8900000000000006,3.1224999999999987,10.682500000000001,False,False,OK
E12000004,East Midlands,E07000139,North Kesteven,2005,7.1,5.9575,7.8475,1.8900000000000006,3.1224999999999987,10.682500000000001,False,False,OK
E12000004,East Midlands,E07000140,South Holland,2005,6.55,5.9575,7.8475,1.8900000000000006,3.1224999999999987,10.682500000000001,False,False,OK
E12000004,East Midlands,E07000141,South Kesteven,2005,6.6,5.9575,7.8475,1.8900000000000006,3.1224999999999987,10.682500000000001,False,False,OK
E12000004,East Midlands,E07000142,West Lindsey,2005,6.34,5.9575,7.8475,1.8900000000000006,3.1224999999999987,10.682500000000001,False,False,OK
E12000004,East Midlands,E07000170,Ashfield,2005,5.14,5.9575,7.8475,1.8900000000000006,3.1224999999999987,10.682500000000001,False,False,OK
E12000004,East Midlands,E07000171,Bassetlaw,2005,5.56,5.9575,7.8475,1.8900000000000006,3.1224999999999987,10.682500000000001,False,False,OK
E12000004,East Midlands,E07000172,Broxtowe,2005,6.2,5.9575,7.8475,1.8900000000000006,3.1224999999999987,10.682500000000001,False,False,OK
E12000004,East Midlands,E07000173,Gedling,2005,5.61,5.9575,7.8475,1.8900000000000006,3.1224999999999987,10.682500000000001,False,False,OK
E12000004,East Midlands,E07000174,Mansfield,2005,5.12,5.9575,7.8475,1.8900000000000006,3.1224999999999987,10.682500000000001,False,False,OK
E12000004,East Midlands,E07000175,Newark and Sherwood,2005,6.18,5.9575,7.8475,1.8900000000000006,3.1224999999999987,10.682500000000001,False,False,OK
E12000004,East Midlands,E07000176,Rushcliffe,2005,6.46,5.9575,7.8475,1.8900000000000006,3.1224999999999987,10.682500000000001,False,False,OK
E12000005,West Midlands,E06000019,"Herefordshire, County of",2005,8.41,5.9575,7.8475,1.8900000000000006,3.1224999999999987,10.682500000000001,False,False,OK
E12000005,West Midlands,E06000020,Telford and Wrekin,2005,5.96,5.9575,7.8475,1.8900000000000006,3.1224999999999987,10.682500000000001,False,False,OK
E12000005,West Midlands,E06000021,Stoke-on-Trent,2005,4.34,5.9575,7.8475,1.8900000000000006,3.1224999999999987,10.682500000000001,False,False,OK
E12000005,West Midlands,E06000051,Shropshire,2005,7.21,5.9575,7.8475,1.8900000000000006,3.1224999999999987,10.682500000000001,False,False,OK
E12000005,West Midlands,E07000192,Cannock Chase,2005,5.54,5.9575,7.8475,1.8900000000000006,3.1224999999999987,10.682500000000001,False,False,OK
E12000005,West Midlands,E07000193,East Staffordshire,2005,5.66,5.9575,7.8475,1.8900000000000006,3.1224999999999987,10.682500000000001,False,False,OK
E12000005,West Midlands,E07000194,Lichfield,2005,7.18,5.9575,7.8475,1.8900000000000006,3.1224999999999987,10.682500000000001,False,False,OK
E12000005,West Midlands,E07000195,Newcastle-under-Lyme,2005,5.2,5.9575,7.8475,1.8900000000000006,3.1224999999999987,10.682500000000001,False,False,OK
E12000005,West Midlands,E07000196,South Staffordshire,2005,6.55,5.9575,7.8475,1.8900000000000006,3.1224999999999987,10.682500000000001,False,False,OK
E12000005,West Midlands,E07000197,Stafford,2005,6.61,5.9575,7.8475,1.8900000000000006,3.1224999999999987,10.682500000000001,False,False,OK
E12000005,West Midlands,E07000198,Staffordshire Moorlands,2005,5.64,5.9575,7.8475,1.8900000000000006,3.1224999999999987,10.682500000000001,False,False,OK
E12000005,West Midlands,E07000199,Tamworth,2005,5.4,5.9575,7.8475,1.8900000000000006,3.1224999999999987,10.682500000000001,False,False,OK
E12000005,West Midlands,E07000218,North Warwickshire,2005,5.94,5.9575,7.8475,1.8900000000000006,3.1224999999999987,10.682500000000001,False,False,OK
E12000005,West Midlands,E07000219,Nuneaton and Bedworth,2005,5.51,5.9575,7.8475,1.8900000000000006,3.1224999999999987,10.682500000000001,False,False,OK
E12000005,West Midlands,E07000220,Rugby,2005,5.98,5.9575,7.8475,1.8900000000000006,3.1224999999999987,10.682500000000001,False,False,OK
E12000005,West Midlands,E07000221,Stratford-on-Avon,2005,7.95,5.9575,7.8475,1.8900000000000006,3.1224999999999987,10.682500000000001,False,False,OK
E12000005,West Midlands,E07000222,Warwick,2005,6.97,5.9575,7.8475,1.8900000000000006,3.1224999999999987,10.682500000000001,False,False,OK
E12000005,West Midlands,E07000234,Bromsgrove,2005,7.07,5.9575,7.8475,1.8900000000000006,3.1224999999999987,10.682500000000001,False,False,OK
E12000005,West Midlands,E07000235,Malvern Hills,2005,8.03,5.9575,7.8475,1.8900000000000006,3.1224999999999987,10.682500000000001,False,False,OK
E12000005,West Midlands,E07000236,Redditch,2005,6.38,5.9575,7.8475,1.8900000000000006,3.1224999999999987,10.682500000000001,False,False,OK
E12000005,West Midlands,E07000237,Worcester,2005,6.29,5.9575,7.8475,1.8900000000000006,3.1224999999999987,10.682500000000001,False,False,OK
E12000005,West Midlands,E07000238,Wychavon,2005,8.5,5.9575,7.8475,1.8900000000000006,3.1224999999999987,10.682500000000001,False,False,OK
E12000005,West Midlands,E07000239,Wyre Forest,2005,7.33,5.9575,7.8475,1.8900000000000006,3.1224999999999987,10.682500000000001,False,False,OK
E12000005,West Midlands,E08000025,Birmingham,2005,5.95,5.9575,7.8475,1.8900000000000006,3.1224999999999987,10.682500000000001,False,False,OK
E12000005,West Midlands,E08000026,Coventry,2005,5.17,5.9575,7.8475,1.8900000000000006,3.1224999999999987,10.682500000000001,False,False,OK
E12000005,West Midlands,E08000027,Dudley,2005,6.15,5.9575,7.8475,1.8900000000000006,3.1224999999999987,10.682500000000001,False,False,OK
E12000005,West Midlands,E08000028,Sandwell,2005,5.47,5.9575,7.8475,1.8900000000000006,3.1224999999999987,10.682500000000001,False,False,OK
E12000005,West Midlands,E08000029,Solihull,2005,7.69,5.9575,7.8475,1.8900000000000006,3.1224999999999987,10.682500000000001,False,False,OK
E12000005,West Midlands,E08000030,Walsall,2005,6.11,5.9575,7.8475,1.8900000000000006,3.1224999999999987,10.682500000000001,False,False,OK
E12000005,West Midlands,E08000031,Wolverhampton,2005,5.56,5.9575,7.8475,1.8900000000000006,3.1224999999999987,10.682500000000001,False,False,OK
E12000006,East of England,E06000031,Peterborough,2005,6.03,5.9575,7.8475,1.8900000000000006,3.1224999999999987,10.682500000000001,False,False,OK
E12000006,East of England,E06000032,Luton,2005,6.24,5.9575,7.8475,1.8900000000000006,3.1224999999999987,10.682500000000001,False,False,OK
E12000006,East of England,E06000033,Southend-on-Sea,2005,6.54,5.9575,7.8475,1.8900000000000006,3.1224999999999987,10.682500000000001,False,False,OK
E12000006,East of England,E06000034,Thurrock,2005,6.57,5.9575,7.8475,1.8900000000000006,3.1224999999999987,10.682500000000001,False,False,OK
E12000006,East of England,E06000055,Bedford,2005,6.72,5.9575,7.8475,1.8900000000000006,3.1224999999999987,10.682500000000001,False,False,OK
E12000006,East of England,E06000056,Central Bedfordshire,2005,6.12,5.9575,7.8475,1.8900000000000006,3.1224999999999987,10.682500000000001,False,False,OK
E12000006,East of England,E07000008,Cambridge,2005,8.66,5.9575,7.8475,1.8900000000000006,3.1224999999999987,10.682500000000001,False,False,OK
E12000006,East of England,E07000009,East Cambridgeshire,2005,7.75,5.9575,7.8475,1.8900000000000006,3.1224999999999987,10.682500000000001,False,False,OK
E12000006,East of England,E07000010,Fenland,2005,6.16,5.9575,7.8475,1.8900000000000006,3.1224999999999987,10.682500000000001,False,False,OK
E12000006,East of England,E07000011,Huntingdonshire,2005,6.45,5.9575,7.8475,1.8900000000000006,3.1224999999999987,10.682500000000001,False,False,OK
E12000006,East of England,E07000012,South Cambridgeshire,2005,7.67,5.9575,7.8475,1.8900000000000006,3.1224999999999987,10.682500000000001,False,False,OK
E12000006,East of England,E07000066,Basildon,2005,6.57,5.9575,7.8475,1.8900000000000006,3.1224999999999987,10.682500000000001,False,False,OK
E12000006,East of England,E07000067,Braintree,2005,7.0,5.9575,7.8475,1.8900000000000006,3.1224999999999987,10.682500000000001,False,False,OK
E12000006,East of England,E07000068,Brentwood,2005,7.12,5.9575,7.8475,1.8900000000000006,3.1224999999999987,10.682500000000001,False,False,OK
E12000006,East of England,E07000069,Castle Point,2005,6.45,5.9575,7.8475,1.8900000000000006,3.1224999999999987,10.682500000000001,False,False,OK
E12000006,East of England,E07000070,Chelmsford,2005,6.95,5.9575,7.8475,1.8900000000000006,3.1224999999999987,10.682500000000001,False,False,OK
E12000006,East of England,E07000071,Colchester,2005,6.5,5.9575,7.8475,1.8900000000000006,3.1224999999999987,10.682500000000001,False,False,OK
E12000006,East of England,E07000072,Epping Forest,2005,7.76,5.9575,7.8475,1.8900000000000006,3.1224999999999987,10.682500000000001,False,False,OK
E12000006,East of England,E07000073,Harlow,2005,7.28,5.9575,7.8475,1.8900000000000006,3.1224999999999987,10.682500000000001,False,False,OK
E12000006,East of England,E07000074,Maldon,2005,7.4,5.9575,7.8475,1.8900000000000006,3.1224999999999987,10.682500000000001,False,False,OK
E12000006,East of England,E07000075,Rochford,2005,7.5,5.9575,7.8475,1.8900000000000006,3.1224999999999987,10.682500000000001,False,False,OK
E12000006,East of England,E07000076,Tendring,2005,7.06,5.9575,7.8475,1.8900000000000006,3.1224999999999987,10.682500000000001,False,False,OK
E12000006,East of England,E07000077,Uttlesford,2005,9.52,5.9575,7.8475,1.8900000000000006,3.1224999999999987,10.682500000000001,False,False,OK
E12000006,East of England,E07000095,Broxbourne,2005,7.07,5.9575,7.8475,1.8900000000000006,3.1224999999999987,10.682500000000001,False,False,OK
E12000006,East of England,E07000096,Dacorum,2005,7.61,5.9575,7.8475,1.8900000000000006,3.1224999999999987,10.682500000000001,False,False,OK
E12000006,East of England,E07000098,Hertsmere,2005,8.3,5.9575,7.8475,1.8900000000000006,3.1224999999999987,10.682500000000001,False,False,OK
E12000006,East of England,E07000099,North Hertfordshire,2005,7.04,5.9575,7.8475,1.8900000000000006,3.1224999999999987,10.682500000000001,False,False,OK
E12000006,East of England,E07000102,Three Rivers,2005,8.69,5.9575,7.8475,1.8900000000000006,3.1224999999999987,10.682500000000001,False,False,OK
E12000006,East of England,E07000103,Watford,2005,6.5,5.9575,7.8475,1.8900000000000006,3.1224999999999987,10.682500000000001,False,False,OK
E12000006,East of England,E07000143,Breckland,2005,7.08,5.9575,7.8475,1.8900000000000006,3.1224999999999987,10.682500000000001,False,False,OK
E12000006,East of England,E07000144,Broadland,2005,7.69,5.9575,7.8475,1.8900000000000006,3.1224999999999987,10.682500000000001,False,False,OK
E12000006,East of England,E07000145,Great Yarmouth,2005,6.45,5.9575,7.8475,1.8900000000000006,3.1224999999999987,10.682500000000001,False,False,OK
E12000006,East of England,E07000146,King's Lynn and West Norfolk,2005,7.41,5.9575,7.8475,1.8900000000000006,3.1224999999999987,10.682500000000001,False,False,OK
E12000006,East of England,E07000147,North Norfolk,2005,8.97,5.9575,7.8475,1.8900000000000006,3.1224999999999987,10.682500000000001,False,False,OK
E12000006,East of England,E07000148,Norwich,2005,6.41,5.9575,7.8475,1.8900000000000006,3.1224999999999987,10.682500000000001,False,False,OK
E12000006,East of England,E07000149,South Norfolk,2005,7.23,5.9575,7.8475,1.8900000000000006,3.1224999999999987,10.682500000000001,False,False,OK
E12000006,East of England,E07000200,Babergh,2005,7.96,5.9575,7.8475,1.8900000000000006,3.1224999999999987,10.682500000000001,False,False,OK
E12000006,East of England,E07000202,Ipswich,2005,6.48,5.9575,7.8475,1.8900000000000006,3.1224999999999987,10.682500000000001,False,False,OK
E12000006,East of England,E07000203,Mid Suffolk,2005,7.63,5.9575,7.8475,1.8900000000000006,3.1224999999999987,10.682500000000001,False,False,OK
E12000006,East of England,E07000240,St Albans,2005,7.94,5.9575,7.8475,1.8900000000000006,3.1224999999999987,10.682500000000001,False,False,OK
E12000006,East of England,E07000241,Welwyn Hatfield,2005,7.68,5.9575,7.8475,1.8900000000000006,3.1224999999999987,10.682500000000001,False,False,OK
E12000006,East of England,E07000242,East Hertfordshire,2005,7.33,5.9575,7.8475,1.8900000000000006,3.1224999999999987,10.682500000000001,False,False,OK
E12000006,East of England,E07000243,Stevenage,2005,7.02,5.9575,7.8475,1.8900000000000006,3.1224999999999987,10.682500000000001,False,False,OK
E12000006,East of England,E07000244,East Suffolk,2005,6.79,5.9575,7.8475,1.8900000000000006,3.1224999999999987,10.682500000000001,False,False,OK
E12000006,East of England,E07000245,West Suffolk,2005,7.73,5.9575,7.8475,1.8900000000000006,3.1224999999999987,10.682500000000001,False,False,OK
E12000007,London,E09000001,City of London,2005,,5.9575,7.8475,1.8900000000000006,3.1224999999999987,10.682500000000001,False,True,Missing ratio value
E12000007,London,E09000002,Barking and Dagenham,2005,7.15,5.9575,7.8475,1.8900000000000006,3.1224999999999987,10.682500000000001,False,False,OK
E12000007,London,E09000003,Barnet,2005,8.46,5.9575,7.8475,1.8900000000000006,3.1224999999999987,10.682500000000001,False,False,OK
E12000007,London,E09000004,Bexley,2005,6.73,5.9575,7.8475,1.8900000000000006,3.1224999999999987,10.682500000000001,False,False,OK
E12000007,London,E09000005,Brent,2005,9.59,5.9575,7.8475,1.8900000000000006,3.1224999999999987,10.682500000000001,False,False,OK
E12000007,London,E09000006,Bromley,2005,7.45,5.9575,7.8475,1.8900000000000006,3.1224999999999987,10.682500000000001,False,False,OK
E12000007,London,E09000007,Camden,2005,10.29,5.9575,7.8475,1.8900000000000006,3.1224999999999987,10.682500000000001,False,False,OK
E12000007,London,E09000008,Croydon,2005,7.35,5.9575,7.8475,1.8900000000000006,3.1224999999999987,10.682500000000001,False,False,OK
E12000007,London,E09000009,Ealing,2005,8.96,5.9575,7.8475,1.8900000000000006,3.1224999999999987,10.682500000000001,False,False,OK
E12000007,London,E09000010,Enfield,2005,7.83,5.9575,7.8475,1.8900000000000006,3.1224999999999987,10.682500000000001,False,False,OK
E12000007,London,E09000011,Greenwich,2005,7.41,5.9575,7.8475,1.8900000000000006,3.1224999999999987,10.682500000000001,False,False,OK
E12000007,London,E09000012,Hackney,2005,8.25,5.9575,7.8475,1.8900000000000006,3.1224999999999987,10.682500000000001,False,False,OK
E12000007,London,E09000013,Hammersmith and Fulham,2005,10.79,5.9575,7.8475,1.8900000000000006,3.1224999999999987,10.682500000000001,True,False,Statistical outlier
E12000007,London,E09000014,Haringey,2005,8.15,5.9575,7.8475,1.8900000000000006,3.1224999999999987,10.682500000000001,False,False,OK
E12000007,London,E09000015,Harrow,2005,9.29,5.9575,7.8475,1.8900000000000006,3.1224999999999987,10.682500000000001,False,False,OK
E12000007,London,E09000016,Havering,2005,6.73,5.9575,7.8475,1.8900000000000006,3.1224999999999987,10.682500000000001,False,False,OK
E12000007,London,E09000017,Hillingdon,2005,7.87,5.9575,7.8475,1.8900000000000006,3.1224999999999987,10.682500000000001,False,False,OK
E12000007,London,E09000018,Hounslow,2005,8.4,5.9575,7.8475,1.8900000000000006,3.1224999999999987,10.682500000000001,False,False,OK
E12000007,London,E09000019,Islington,2005,8.97,5.9575,7.8475,1.8900000000000006,3.1224999999999987,10.682500000000001,False,False,OK
E12000007,London,E09000020,Kensington and Chelsea,2005,10.86,5.9575,7.8475,1.8900000000000006,3.1224999999999987,10.682500000000001,True,False,Statistical outlier
E12000007,London,E09000021,Kingston upon Thames,2005,8.38,5.9575,7.8475,1.8900000000000006,3.1224999999999987,10.682500000000001,False,False,OK
E12000007,London,E09000022,Lambeth,2005,8.21,5.9575,7.8475,1.8900000000000006,3.1224999999999987,10.682500000000001,False,False,OK
E12000007,London,E09000023,Lewisham,2005,6.94,5.9575,7.8475,1.8900000000000006,3.1224999999999987,10.682500000000001,False,False,OK
E12000007,London,E09000024,Merton,2005,7.84,5.9575,7.8475,1.8900000000000006,3.1224999999999987,10.682500000000001,False,False,OK
E12000007,London,E09000025,Newham,2005,8.09,5.9575,7.8475,1.8900000000000006,3.1224999999999987,10.682500000000001,False,False,OK
E12000007,London,E09000026,Redbridge,2005,7.96,5.9575,7.8475,1.8900000000000006,3.1224999999999987,10.682500000000001,False,False,OK
E12000007,London,E09000027,Richmond upon Thames,2005,8.41,5.9575,7.8475,1.8900000000000006,3.1224999999999987,10.682500000000001,False,False,OK
E12000007,London,E09000028,Southwark,2005,8.51,5.9575,7.8475,1.8900000000000006,3.1224999999999987,10.682500000000001,False,False,OK
E12000007,London,E09000029,Sutton,2005,7.38,5.9575,7.8475,1.8900000000000006,3.1224999999999987,10.682500000000001,False,False,OK
E12000007,London,E09000030,Tower Hamlets,2005,8.35,5.9575,7.8475,1.8900000000000006,3.1224999999999987,10.682500000000001,False,False,OK
E12000007,London,E09000031,Waltham Forest,2005,7.55,5.9575,7.8475,1.8900000000000006,3.1224999999999987,10.682500000000001,False,False,OK
E12000007,London,E09000032,Wandsworth,2005,8.59,5.9575,7.8475,1.8900000000000006,3.1224999999999987,10.682500000000001,False,False,OK
E12000007,London,E09000033,Westminster,2005,11.3,5.9575,7.8475,1.8900000000000006,3.1224999999999987,10.682500000000001,True,False,Statistical outlier
E12000008,South East,E06000035,Medway,2005,6.18,5.9575,7.8475,1.8900000000000006,3.1224999999999987,10.682500000000001,False,False,OK
E12000008,South East,E06000036,Bracknell Forest,2005,6.61,5.9575,7.8475,1.8900000000000006,3.1224999999999987,10.682500000000001,False,False,OK
E12000008,South East,E06000037,West Berkshire,2005,7.63,5.9575,7.8475,1.8900000000000006,3.1224999999999987,10.682500000000001,False,False,OK
E12000008,South East,E06000038,Reading,2005,7.05,5.9575,7.8475,1.8900000000000006,3.1224999999999987,10.682500000000001,False,False,OK
E12000008,South East,E06000039,Slough,2005,7.7,5.9575,7.8475,1.8900000000000006,3.1224999999999987,10.682500000000001,False,False,OK
E12000008,South East,E06000040,Windsor and Maidenhead,2005,8.22,5.9575,7.8475,1.8900000000000006,3.1224999999999987,10.682500000000001,False,False,OK
E12000008,South East,E06000041,Wokingham,2005,7.49,5.9575,7.8475,1.8900000000000006,3.1224999999999987,10.682500000000001,False,False,OK
E12000008,South East,E06000042,Milton Keynes,2005,6.8,5.9575,7.8475,1.8900000000000006,3.1224999999999987,10.682500000000001,False,False,OK
E12000008,South East,E06000043,Brighton and Hove,2005,8.16,5.9575,7.8475,1.8900000000000006,3.1224999999999987,10.682500000000001,False,False,OK
E12000008,South East,E06000044,Portsmouth,2005,6.33,5.9575,7.8475,1.8900000000000006,3.1224999999999987,10.682500000000001,False,False,OK
E12000008,South East,E06000045,Southampton,2005,6.85,5.9575,7.8475,1.8900000000000006,3.1224999999999987,10.682500000000001,False,False,OK
E12000008,South East,E06000046,Isle of Wight,2005,7.49,5.9575,7.8475,1.8900000000000006,3.1224999999999987,10.682500000000001,False,False,OK
E12000008,South East,E06000060,Buckinghamshire,2005,8.32,5.9575,7.8475,1.8900000000000006,3.1224999999999987,10.682500000000001,False,False,OK
E12000008,South East,E07000061,Eastbourne,2005,7.34,5.9575,7.8475,1.8900000000000006,3.1224999999999987,10.682500000000001,False,False,OK
E12000008,South East,E07000062,Hastings,2005,7.05,5.9575,7.8475,1.8900000000000006,3.1224999999999987,10.682500000000001,False,False,OK
E12000008,South East,E07000063,Lewes,2005,8.33,5.9575,7.8475,1.8900000000000006,3.1224999999999987,10.682500000000001,False,False,OK
E12000008,South East,E07000064,Rother,2005,8.36,5.9575,7.8475,1.8900000000000006,3.1224999999999987,10.682500000000001,False,False,OK
E12000008,South East,E07000065,Wealden,2005,8.93,5.9575,7.8475,1.8900000000000006,3.1224999999999987,10.682500000000001,False,False,OK
E12000008,South East,E07000084,Basingstoke and Deane,2005,7.41,5.9575,7.8475,1.8900000000000006,3.1224999999999987,10.682500000000001,False,False,OK
E12000008,South East,E07000085,East Hampshire,2005,8.47,5.9575,7.8475,1.8900000000000006,3.1224999999999987,10.682500000000001,False,False,OK
E12000008,South East,E07000086,Eastleigh,2005,7.43,5.9575,7.8475,1.8900000000000006,3.1224999999999987,10.682500000000001,False,False,OK
E12000008,South East,E07000087,Fareham,2005,7.58,5.9575,7.8475,1.8900000000000006,3.1224999999999987,10.682500000000001,False,False,OK
E12000008,South East,E07000088,Gosport,2005,6.52,5.9575,7.8475,1.8900000000000006,3.1224999999999987,10.682500000000001,False,False,OK
E12000008,South East,E07000089,Hart,2005,7.55,5.9575,7.8475,1.8900000000000006,3.1224999999999987,10.682500000000001,False,False,OK
E12000008,South East,E07000090,Havant,2005,7.34,5.9575,7.8475,1.8900000000000006,3.1224999999999987,10.682500000000001,False,False,OK
E12000008,South East,E07000091,New Forest,2005,9.93,5.9575,7.8475,1.8900000000000006,3.1224999999999987,10.682500000000001,False,False,OK
E12000008,South East,E07000092,Rushmoor,2005,7.01,5.9575,7.8475,1.8900000000000006,3.1224999999999987,10.682500000000001,False,False,OK
E12000008,South East,E07000093,Test Valley,2005,7.89,5.9575,7.8475,1.8900000000000006,3.1224999999999987,10.682500000000001,False,False,OK
E12000008,South East,E07000094,Winchester,2005,8.35,5.9575,7.8475,1.8900000000000006,3.1224999999999987,10.682500000000001,False,False,OK
E12000008,South East,E07000105,Ashford,2005,7.49,5.9575,7.8475,1.8900000000000006,3.1224999999999987,10.682500000000001,False,False,OK
E12000008,South East,E07000106,Canterbury,2005,6.94,5.9575,7.8475,1.8900000000000006,3.1224999999999987,10.682500000000001,False,False,OK
E12000008,South East,E07000107,Dartford,2005,6.8,5.9575,7.8475,1.8900000000000006,3.1224999999999987,10.682500000000001,False,False,OK
E12000008,South East,E07000108,Dover,2005,6.8,5.9575,7.8475,1.8900000000000006,3.1224999999999987,10.682500000000001,False,False,OK
E12000008,South East,E07000109,Gravesham,2005,6.38,5.9575,7.8475,1.8900000000000006,3.1224999999999987,10.682500000000001,False,False,OK
E12000008,South East,E07000110,Maidstone,2005,7.24,5.9575,7.8475,1.8900000000000006,3.1224999999999987,10.682500000000001,False,False,OK
E12000008,South East,E07000111,Sevenoaks,2005,8.58,5.9575,7.8475,1.8900000000000006,3.1224999999999987,10.682500000000001,False,False,OK
E12000008,South East,E07000112,Folkestone and Hythe,2005,7.02,5.9575,7.8475,1.8900000000000006,3.1224999999999987,10.682500000000001,False,False,OK
E12000008,South East,E07000113,Swale,2005,6.15,5.9575,7.8475,1.8900000000000006,3.1224999999999987,10.682500000000001,False,False,OK
E12000008,South East,E07000114,Thanet,2005,7.03,5.9575,7.8475,1.8900000000000006,3.1224999999999987,10.682500000000001,False,False,OK
E12000008,South East,E07000115,Tonbridge and Malling,2005,8.5,5.9575,7.8475,1.8900000000000006,3.1224999999999987,10.682500000000001,False,False,OK
E12000008,South East,E07000116,Tunbridge Wells,2005,8.19,5.9575,7.8475,1.8900000000000006,3.1224999999999987,10.682500000000001,False,False,OK
E12000008,South East,E07000177,Cherwell,2005,7.3,5.9575,7.8475,1.8900000000000006,3.1224999999999987,10.682500000000001,False,False,OK
E12000008,South East,E07000178,Oxford,2005,9.64,5.9575,7.8475,1.8900000000000006,3.1224999999999987,10.682500000000001,False,False,OK
E12000008,South East,E07000179,South Oxfordshire,2005,8.21,5.9575,7.8475,1.8900000000000006,3.1224999999999987,10.682500000000001,False,False,OK
E12000008,South East,E07000180,Vale of White Horse,2005,7.75,5.9575,7.8475,1.8900000000000006,3.1224999999999987,10.682500000000001,False,False,OK
E12000008,South East,E07000181,West Oxfordshire,2005,8.09,5.9575,7.8475,1.8900000000000006,3.1224999999999987,10.682500000000001,False,False,OK
E12000008,South East,E07000207,Elmbridge,2005,8.28,5.9575,7.8475,1.8900000000000006,3.1224999999999987,10.682500000000001,False,False,OK
E12000008,South East,E07000208,Epsom and Ewell,2005,8.79,5.9575,7.8475,1.8900000000000006,3.1224999999999987,10.682500000000001,False,False,OK
E12000008,South East,E07000209,Guildford,2005,8.16,5.9575,7.8475,1.8900000000000006,3.1224999999999987,10.682500000000001,False,False,OK
E12000008,South East,E07000210,Mole Valley,2005,8.9,5.9575,7.8475,1.8900000000000006,3.1224999999999987,10.682500000000001,False,False,OK
E12000008,South East,E07000211,Reigate and Banstead,2005,8.14,5.9575,7.8475,1.8900000000000006,3.1224999999999987,10.682500000000001,False,False,OK
E12000008,South East,E07000212,Runnymede,2005,7.96,5.9575,7.8475,1.8900000000000006,3.1224999999999987,10.682500000000001,False,False,OK
E12000008,South East,E07000213,Spelthorne,2005,6.97,5.9575,7.8475,1.8900000000000006,3.1224999999999987,10.682500000000001,False,False,OK
E12000008,South East,E07000214,Surrey Heath,2005,7.4,5.9575,7.8475,1.8900000000000006,3.1224999999999987,10.682500000000001,False,False,OK
E12000008,South East,E07000215,Tandridge,2005,8.9,5.9575,7.8475,1.8900000000000006,3.1224999999999987,10.682500000000001,False,False,OK
E12000008,South East,E07000216,Waverley,2005,8.21,5.9575,7.8475,1.8900000000000006,3.1224999999999987,10.682500000000001,False,False,OK
E12000008,South East,E07000217,Woking,2005,8.13,5.9575,7.8475,1.8900000000000006,3.1224999999999987,10.682500000000001,False,False,OK
E12000008,South East,E07000223,Adur,2005,9.1,5.9575,7.8475,1.8900000000000006,3.1224999999999987,10.682500000000001,False,False,OK
E12000008,South East,E07000224,Arun,2005,8.77,5.9575,7.8475,1.8900000000000006,3.1224999999999987,10.682500000000001,False,False,OK
E12000008,South East,E07000225,Chichester,2005,9.65,5.9575,7.8475,1.8900000000000006,3.1224999999999987,10.682500000000001,False,False,OK
E12000008,South East,E07000226,Crawley,2005,7.23,5.9575,7.8475,1.8900000000000006,3.1224999999999987,10.682500000000001,False,False,OK
E12000008,South East,E07000227,Horsham,2005,8.27,5.9575,7.8475,1.8900000000000006,3.1224999999999987,10.682500000000001,False,False,OK
E12000008,South East,E07000228,Mid Sussex,2005,8.12,5.9575,7.8475,1.8900000000000006,3.1224999999999987,10.682500000000001,False,False,OK
E12000008,South East,E07000229,Worthing,2005,8.05,5.9575,7.8475,1.8900000000000006,3.1224999999999987,10.682500000000001,False,False,OK
E12000009,South West,E06000022,Bath and North East Somerset,2005,8.57,5.9575,7.8475,1.8900000000000006,3.1224999999999987,10.682500000000001,False,False,OK
E12000009,South West,E06000023,"Bristol, City of",2005,6.8,5.9575,7.8475,1.8900000000000006,3.1224999999999987,10.682500000000001,False,False,OK
E12000009,South West,E06000024,North Somerset,2005,6.54,5.9575,7.8475,1.8900000000000006,3.1224999999999987,10.682500000000001,False,False,OK
E12000009,South West,E06000025,South Gloucestershire,2005,6.66,5.9575,7.8475,1.8900000000000006,3.1224999999999987,10.682500000000001,False,False,OK
E12000009,South West,E06000026,Plymouth,2005,6.56,5.9575,7.8475,1.8900000000000006,3.1224999999999987,10.682500000000001,False,False,OK
E12000009,South West,E06000027,Torbay,2005,8.29,5.9575,7.8475,1.8900000000000006,3.1224999999999987,10.682500000000001,False,False,OK
E12000009,South West,E06000030,Swindon,2005,6.14,5.9575,7.8475,1.8900000000000006,3.1224999999999987,10.682500000000001,False,False,OK
E12000009,South West,E06000052,Cornwall,2005,9.21,5.9575,7.8475,1.8900000000000006,3.1224999999999987,10.682500000000001,False,False,OK
E12000009,South West,E06000053,Isles of Scilly,2005,,5.9575,7.8475,1.8900000000000006,3.1224999999999987,10.682500000000001,False,True,Missing ratio value
E12000009,South West,E06000054,Wiltshire,2005,7.7,5.9575,7.8475,1.8900000000000006,3.1224999999999987,10.682500000000001,False,False,OK
E12000009,South West,E06000058,"Bournemouth, Christchurch and Poole",2005,8.66,5.9575,7.8475,1.8900000000000006,3.1224999999999987,10.682500000000001,False,False,OK
E12000009,South West,E06000059,Dorset,2005,9.53,5.9575,7.8475,1.8900000000000006,3.1224999999999987,10.682500000000001,False,False,OK
E12000009,South West,E06000066,Somerset,2005,7.62,5.9575,7.8475,1.8900000000000006,3.1224999999999987,10.682500000000001,False,False,OK
E12000009,South West,E07000040,East Devon,2005,9.53,5.9575,7.8475,1.8900000000000006,3.1224999999999987,10.682500000000001,False,False,OK
E12000009,South West,E07000041,Exeter,2005,8.06,5.9575,7.8475,1.8900000000000006,3.1224999999999987,10.682500000000001,False,False,OK
E12000009,South West,E07000042,Mid Devon,2005,8.12,5.9575,7.8475,1.8900000000000006,3.1224999999999987,10.682500000000001,False,False,OK
E12000009,South West,E07000043,North Devon,2005,10.88,5.9575,7.8475,1.8900000000000006,3.1224999999999987,10.682500000000001,True,False,Statistical outlier
E12000009,South West,E07000044,South Hams,2005,9.54,5.9575,7.8475,1.8900000000000006,3.1224999999999987,10.682500000000001,False,False,OK
E12000009,South West,E07000045,Teignbridge,2005,9.2,5.9575,7.8475,1.8900000000000006,3.1224999999999987,10.682500000000001,False,False,OK
E12000009,South West,E07000046,Torridge,2005,9.87,5.9575,7.8475,1.8900000000000006,3.1224999999999987,10.682500000000001,False,False,OK
E12000009,South West,E07000047,West Devon,2005,8.18,5.9575,7.8475,1.8900000000000006,3.1224999999999987,10.682500000000001,False,False,OK
E12000009,South West,E07000078,Cheltenham,2005,7.06,5.9575,7.8475,1.8900000000000006,3.1224999999999987,10.682500000000001,False,False,OK
E12000009,South West,E07000079,Cotswold,2005,10.37,5.9575,7.8475,1.8900000000000006,3.1224999999999987,10.682500000000001,False,False,OK
E12000009,South West,E07000080,Forest of Dean,2005,7.58,5.9575,7.8475,1.8900000000000006,3.1224999999999987,10.682500000000001,False,False,OK
E12000009,South West,E07000081,Gloucester,2005,6.41,5.9575,7.8475,1.8900000000000006,3.1224999999999987,10.682500000000001,False,False,OK
E12000009,South West,E07000082,Stroud,2005,7.69,5.9575,7.8475,1.8900000000000006,3.1224999999999987,10.682500000000001,False,False,OK
E12000009,South West,E07000083,Tewkesbury,2005,7.02,5.9575,7.8475,1.8900000000000006,3.1224999999999987,10.682500000000001,False,False,OK
W92000004,Wales,W06000001,Isle of Anglesey,2005,6.35,5.9575,7.8475,1.8900000000000006,3.1224999999999987,10.682500000000001,False,False,OK
W92000004,Wales,W06000002,Gwynedd,2005,6.57,5.9575,7.8475,1.8900000000000006,3.1224999999999987,10.682500000000001,False,False,OK
W92000004,Wales,W06000003,Conwy,2005,6.98,5.9575,7.8475,1.8900000000000006,3.1224999999999987,10.682500000000001,False,False,OK
W92000004,Wales,W06000004,Denbighshire,2005,6.25,5.9575,7.8475,1.8900000000000006,3.1224999999999987,10.682500000000001,False,False,OK
W92000004,Wales,W06000005,Flintshire,2005,5.62,5.9575,7.8475,1.8900000000000006,3.1224999999999987,10.682500000000001,False,False,OK
W92000004,Wales,W06000006,Wrexham,2005,5.77,5.9575,7.8475,1.8900000000000006,3.1224999999999987,10.682500000000001,False,False,OK
W92000004,Wales,W06000008,Ceredigion,2005,7.92,5.9575,7.8475,1.8900000000000006,3.1224999999999987,10.682500000000001,False,False,OK
W92000004,Wales,W06000009,Pembrokeshire,2005,7.63,5.9575,7.8475,1.8900000000000006,3.1224999999999987,10.682500000000001,False,False,OK
W92000004,Wales,W06000010,Carmarthenshire,2005,6.16,5.9575,7.8475,1.8900000000000006,3.1224999999999987,10.682500000000001,False,False,OK
W92000004,Wales,W06000011,Swansea,2005,5.7,5.9575,7.8475,1.8900000000000006,3.1224999999999987,10.682500000000001,False,False,OK
W92000004,Wales,W06000012,Neath Port Talbot,2005,4.16,5.9575,7.8475,1.8900000000000006,3.1224999999999987,10.682500000000001,False,False,OK
W92000004,Wales,W06000013,Bridgend,2005,5.18,5.9575,7.8475,1.8900000000000006,3.1224999999999987,10.682500000000001,False,False,OK
W92000004,Wales,W06000014,Vale of Glamorgan,2005,5.98,5.9575,7.8475,1.8900000000000006,3.1224999999999987,10.682500000000001,False,False,OK
W92000004,Wales,W06000015,Cardiff,2005,6.48,5.9575,7.8475,1.8900000000000006,3.1224999999999987,10.682500000000001,False,False,OK
W92000004,Wales,W06000016,Rhondda Cynon Taf,2005,4.24,5.9575,7.8475,1.8900000000000006,3.1224999999999987,10.682500000000001,False,False,OK
W92000004,Wales,W06000018,Caerphilly,2005,5.02,5.9575,7.8475,1.8900000000000006,3.1224999999999987,10.682500000000001,False,False,OK
W92000004,Wales,W06000019,Blaenau Gwent,2005,4.3,5.9575,7.8475,1.8900000000000006,3.1224999999999987,10.682500000000001,False,False,OK
W92000004,Wales,W06000020,Torfaen,2005,4.44,5.9575,7.8475,1.8900000000000006,3.1224999999999987,10.682500000000001,False,False,OK
W92000004,Wales,W06000021,Monmouthshire,2005,7.42,5.9575,7.8475,1.8900000000000006,3.1224999999999987,10.682500000000001,False,False,OK
W92000004,Wales,W06000022,Newport,2005,5.57,5.9575,7.8475,1.8900000000000006,3.1224999999999987,10.682500000000001,False,False,OK
W92000004,Wales,W06000023,Powys,2005,7.37,5.9575,7.8475,1.8900000000000006,3.1224999999999987,10.682500000000001,False,False,OK
W92000004,Wales,W06000024,Merthyr Tydfil,2005,3.85,5.9575,7.8475,1.8900000000000006,3.1224999999999987,10.682500000000001,False,False,OK
E12000001,North East,E06000001,Hartlepool,2006,4.14,6.05,8.01,1.96,3.11,10.95,False,False,OK
E12000001,North East,E06000002,Middlesbrough,2006,5.17,6.05,8.01,1.96,3.11,10.95,False,False,OK
E12000001,North East,E06000003,Redcar and Cleveland,2006,5.66,6.05,8.01,1.96,3.11,10.95,False,False,OK
E12000001,North East,E06000004,Stockton-on-Tees,2006,5.53,6.05,8.01,1.96,3.11,10.95,False,False,OK
E12000001,North East,E06000005,Darlington,2006,5.94,6.05,8.01,1.96,3.11,10.95,False,False,OK
E12000001,North East,E06000047,County Durham,2006,5.28,6.05,8.01,1.96,3.11,10.95,False,False,OK
E12000001,North East,E06000057,Northumberland,2006,6.14,6.05,8.01,1.96,3.11,10.95,False,False,OK
E12000001,North East,E08000021,Newcastle upon Tyne,2006,6.54,6.05,8.01,1.96,3.11,10.95,False,False,OK
E12000001,North East,E08000022,North Tyneside,2006,6.32,6.05,8.01,1.96,3.11,10.95,False,False,OK
E12000001,North East,E08000023,South Tyneside,2006,5.2,6.05,8.01,1.96,3.11,10.95,False,False,OK
E12000001,North East,E08000024,Sunderland,2006,5.36,6.05,8.01,1.96,3.11,10.95,False,False,OK
E12000001,North East,E08000037,Gateshead,2006,6.06,6.05,8.01,1.96,3.11,10.95,False,False,OK
E12000002,North West,E06000006,Halton,2006,5.83,6.05,8.01,1.96,3.11,10.95,False,False,OK
E12000002,North West,E06000007,Warrington,2006,5.43,6.05,8.01,1.96,3.11,10.95,False,False,OK
E12000002,North West,E06000008,Blackburn with Darwen,2006,4.09,6.05,8.01,1.96,3.11,10.95,False,False,OK
E12000002,North West,E06000009,Blackpool,2006,6.19,6.05,8.01,1.96,3.11,10.95,False,False,OK
E12000002,North West,E06000049,Cheshire East,2006,6.39,6.05,8.01,1.96,3.11,10.95,False,False,OK
E12000002,North West,E06000050,Cheshire West and Chester,2006,6.42,6.05,8.01,1.96,3.11,10.95,False,False,OK
E12000002,North West,E06000063,Cumberland,2006,5.09,6.05,8.01,1.96,3.11,10.95,False,False,OK
E12000002,North West,E06000064,Westmorland and Furness,2006,6.62,6.05,8.01,1.96,3.11,10.95,False,False,OK
E12000002,North West,E07000117,Burnley,2006,3.0,6.05,8.01,1.96,3.11,10.95,True,False,Statistical outlier
E12000002,North West,E07000118,Chorley,2006,6.08,6.05,8.01,1.96,3.11,10.95,False,False,OK
E12000002,North West,E07000119,Fylde,2006,7.17,6.05,8.01,1.96,3.11,10.95,False,False,OK
E12000002,North West,E07000120,Hyndburn,2006,4.55,6.05,8.01,1.96,3.11,10.95,False,False,OK
E12000002,North West,E07000121,Lancaster,2006,5.5,6.05,8.01,1.96,3.11,10.95,False,False,OK
E12000002,North West,E07000122,Pendle,2006,3.9,6.05,8.01,1.96,3.11,10.95,False,False,OK
E12000002,North West,E07000123,Preston,2006,6.24,6.05,8.01,1.96,3.11,10.95,False,False,OK
E12000002,North West,E07000124,Ribble Valley,2006,7.68,6.05,8.01,1.96,3.11,10.95,False,False,OK
E12000002,North West,E07000125,Rossendale,2006,4.75,6.05,8.01,1.96,3.11,10.95,False,False,OK
E12000002,North West,E07000126,South Ribble,2006,5.92,6.05,8.01,1.96,3.11,10.95,False,False,OK
E12000002,North West,E07000127,West Lancashire,2006,6.23,6.05,8.01,1.96,3.11,10.95,False,False,OK
E12000002,North West,E07000128,Wyre,2006,6.17,6.05,8.01,1.96,3.11,10.95,False,False,OK
E12000002,North West,E08000001,Bolton,2006,5.5,6.05,8.01,1.96,3.11,10.95,False,False,OK
E12000002,North West,E08000002,Bury,2006,5.43,6.05,8.01,1.96,3.11,10.95,False,False,OK
E12000002,North West,E08000003,Manchester,2006,6.27,6.05,8.01,1.96,3.11,10.95,False,False,OK
E12000002,North West,E08000004,Oldham,2006,5.04,6.05,8.01,1.96,3.11,10.95,False,False,OK
E12000002,North West,E08000005,Rochdale,2006,4.81,6.05,8.01,1.96,3.11,10.95,False,False,OK
E12000002,North West,E08000006,Salford,2006,5.31,6.05,8.01,1.96,3.11,10.95,False,False,OK
E12000002,North West,E08000007,Stockport,2006,6.38,6.05,8.01,1.96,3.11,10.95,False,False,OK
E12000002,North West,E08000008,Tameside,2006,5.58,6.05,8.01,1.96,3.11,10.95,False,False,OK
E12000002,North West,E08000009,Trafford,2006,6.86,6.05,8.01,1.96,3.11,10.95,False,False,OK
E12000002,North West,E08000010,Wigan,2006,5.23,6.05,8.01,1.96,3.11,10.95,False,False,OK
E12000002,North West,E08000011,Knowsley,2006,6.06,6.05,8.01,1.96,3.11,10.95,False,False,OK
E12000002,North West,E08000012,Liverpool,2006,5.45,6.05,8.01,1.96,3.11,10.95,False,False,OK
E12000002,North West,E08000013,St. Helens,2006,5.57,6.05,8.01,1.96,3.11,10.95,False,False,OK
E12000002,North West,E08000014,Sefton,2006,6.57,6.05,8.01,1.96,3.11,10.95,False,False,OK
E12000002,North West,E08000015,Wirral,2006,5.63,6.05,8.01,1.96,3.11,10.95,False,False,OK
E12000003,Yorkshire and The Humber,E06000010,"Kingston upon Hull, City of",2006,4.23,6.05,8.01,1.96,3.11,10.95,False,False,OK
E12000003,Yorkshire and The Humber,E06000011,East Riding of Yorkshire,2006,5.63,6.05,8.01,1.96,3.11,10.95,False,False,OK
E12000003,Yorkshire and The Humber,E06000012,North East Lincolnshire,2006,4.7,6.05,8.01,1.96,3.11,10.95,False,False,OK
E12000003,Yorkshire and The Humber,E06000013,North Lincolnshire,2006,4.64,6.05,8.01,1.96,3.11,10.95,False,False,OK
E12000003,Yorkshire and The Humber,E06000014,York,2006,7.19,6.05,8.01,1.96,3.11,10.95,False,False,OK
E12000003,Yorkshire and The Humber,E06000065,North Yorkshire,2006,7.72,6.05,8.01,1.96,3.11,10.95,False,False,OK
E12000003,Yorkshire and The Humber,E08000017,Doncaster,2006,5.17,6.05,8.01,1.96,3.11,10.95,False,False,OK
E12000003,Yorkshire and The Humber,E08000018,Rotherham,2006,5.41,6.05,8.01,1.96,3.11,10.95,False,False,OK
E12000003,Yorkshire and The Humber,E08000032,Bradford,2006,5.82,6.05,8.01,1.96,3.11,10.95,False,False,OK
E12000003,Yorkshire and The Humber,E08000033,Calderdale,2006,5.32,6.05,8.01,1.96,3.11,10.95,False,False,OK
E12000003,Yorkshire and The Humber,E08000034,Kirklees,2006,5.37,6.05,8.01,1.96,3.11,10.95,False,False,OK
E12000003,Yorkshire and The Humber,E08000035,Leeds,2006,6.18,6.05,8.01,1.96,3.11,10.95,False,False,OK
E12000003,Yorkshire and The Humber,E08000036,Wakefield,2006,5.65,6.05,8.01,1.96,3.11,10.95,False,False,OK
E12000003,Yorkshire and The Humber,E08000038,Barnsley,2006,4.99,6.05,8.01,1.96,3.11,10.95,False,False,OK
E12000003,Yorkshire and The Humber,E08000039,Sheffield,2006,5.61,6.05,8.01,1.96,3.11,10.95,False,False,OK
E12000004,East Midlands,E06000015,Derby,2006,5.27,6.05,8.01,1.96,3.11,10.95,False,False,OK
E12000004,East Midlands,E06000016,Leicester,2006,6.27,6.05,8.01,1.96,3.11,10.95,False,False,OK
E12000004,East Midlands,E06000017,Rutland,2006,9.3,6.05,8.01,1.96,3.11,10.95,False,False,OK
E12000004,East Midlands,E06000018,Nottingham,2006,5.4,6.05,8.01,1.96,3.11,10.95,False,False,OK
E12000004,East Midlands,E06000061,North Northamptonshire,2006,6.05,6.05,8.01,1.96,3.11,10.95,False,False,OK
E12000004,East Midlands,E06000062,West Northamptonshire,2006,6.28,6.05,8.01,1.96,3.11,10.95,False,False,OK
E12000004,East Midlands,E07000032,Amber Valley,2006,5.57,6.05,8.01,1.96,3.11,10.95,False,False,OK
E12000004,East Midlands,E07000033,Bolsover,2006,4.77,6.05,8.01,1.96,3.11,10.95,False,False,OK
E12000004,East Midlands,E07000034,Chesterfield,2006,5.43,6.05,8.01,1.96,3.11,10.95,False,False,OK
E12000004,East Midlands,E07000035,Derbyshire Dales,2006,8.4,6.05,8.01,1.96,3.11,10.95,False,False,OK
E12000004,East Midlands,E07000036,Erewash,2006,5.42,6.05,8.01,1.96,3.11,10.95,False,False,OK
E12000004,East Midlands,E07000037,High Peak,2006,6.23,6.05,8.01,1.96,3.11,10.95,False,False,OK
E12000004,East Midlands,E07000038,North East Derbyshire,2006,6.33,6.05,8.01,1.96,3.11,10.95,False,False,OK
E12000004,East Midlands,E07000039,South Derbyshire,2006,6.34,6.05,8.01,1.96,3.11,10.95,False,False,OK
E12000004,East Midlands,E07000129,Blaby,2006,6.55,6.05,8.01,1.96,3.11,10.95,False,False,OK
E12000004,East Midlands,E07000130,Charnwood,2006,6.14,6.05,8.01,1.96,3.11,10.95,False,False,OK
E12000004,East Midlands,E07000131,Harborough,2006,7.47,6.05,8.01,1.96,3.11,10.95,False,False,OK
E12000004,East Midlands,E07000132,Hinckley and Bosworth,2006,6.08,6.05,8.01,1.96,3.11,10.95,False,False,OK
E12000004,East Midlands,E07000133,Melton,2006,6.66,6.05,8.01,1.96,3.11,10.95,False,False,OK
E12000004,East Midlands,E07000134,North West Leicestershire,2006,6.35,6.05,8.01,1.96,3.11,10.95,False,False,OK
E12000004,East Midlands,E07000135,Oadby and Wigston,2006,6.71,6.05,8.01,1.96,3.11,10.95,False,False,OK
E12000004,East Midlands,E07000136,Boston,2006,6.29,6.05,8.01,1.96,3.11,10.95,False,False,OK
E12000004,East Midlands,E07000137,East Lindsey,2006,6.98,6.05,8.01,1.96,3.11,10.95,False,False,OK
E12000004,East Midlands,E07000138,Lincoln,2006,5.98,6.05,8.01,1.96,3.11,10.95,False,False,OK
E12000004,East Midlands,E07000139,North Kesteven,2006,7.06,6.05,8.01,1.96,3.11,10.95,False,False,OK
E12000004,East Midlands,E07000140,South Holland,2006,6.57,6.05,8.01,1.96,3.11,10.95,False,False,OK
E12000004,East Midlands,E07000141,South Kesteven,2006,6.59,6.05,8.01,1.96,3.11,10.95,False,False,OK
E12000004,East Midlands,E07000142,West Lindsey,2006,6.21,6.05,8.01,1.96,3.11,10.95,False,False,OK
E12000004,East Midlands,E07000170,Ashfield,2006,5.37,6.05,8.01,1.96,3.11,10.95,False,False,OK
E12000004,East Midlands,E07000171,Bassetlaw,2006,5.46,6.05,8.01,1.96,3.11,10.95,False,False,OK
E12000004,East Midlands,E07000172,Broxtowe,2006,5.86,6.05,8.01,1.96,3.11,10.95,False,False,OK
E12000004,East Midlands,E07000173,Gedling,2006,6.09,6.05,8.01,1.96,3.11,10.95,False,False,OK
E12000004,East Midlands,E07000174,Mansfield,2006,5.31,6.05,8.01,1.96,3.11,10.95,False,False,OK
E12000004,East Midlands,E07000175,Newark and Sherwood,2006,5.89,6.05,8.01,1.96,3.11,10.95,False,False,OK
E12000004,East Midlands,E07000176,Rushcliffe,2006,6.4,6.05,8.01,1.96,3.11,10.95,False,False,OK
E12000005,West Midlands,E06000019,"Herefordshire, County of",2006,8.98,6.05,8.01,1.96,3.11,10.95,False,False,OK
E12000005,West Midlands,E06000020,Telford and Wrekin,2006,6.24,6.05,8.01,1.96,3.11,10.95,False,False,OK
E12000005,West Midlands,E06000021,Stoke-on-Trent,2006,4.54,6.05,8.01,1.96,3.11,10.95,False,False,OK
E12000005,West Midlands,E06000051,Shropshire,2006,7.7,6.05,8.01,1.96,3.11,10.95,False,False,OK
E12000005,West Midlands,E07000192,Cannock Chase,2006,5.41,6.05,8.01,1.96,3.11,10.95,False,False,OK
E12000005,West Midlands,E07000193,East Staffordshire,2006,5.8,6.05,8.01,1.96,3.11,10.95,False,False,OK
E12000005,West Midlands,E07000194,Lichfield,2006,7.0,6.05,8.01,1.96,3.11,10.95,False,False,OK
E12000005,West Midlands,E07000195,Newcastle-under-Lyme,2006,5.72,6.05,8.01,1.96,3.11,10.95,False,False,OK
E12000005,West Midlands,E07000196,South Staffordshire,2006,6.75,6.05,8.01,1.96,3.11,10.95,False,False,OK
E12000005,West Midlands,E07000197,Stafford,2006,6.59,6.05,8.01,1.96,3.11,10.95,False,False,OK
E12000005,West Midlands,E07000198,Staffordshire Moorlands,2006,5.69,6.05,8.01,1.96,3.11,10.95,False,False,OK
E12000005,West Midlands,E07000199,Tamworth,2006,5.88,6.05,8.01,1.96,3.11,10.95,False,False,OK
E12000005,West Midlands,E07000218,North Warwickshire,2006,6.41,6.05,8.01,1.96,3.11,10.95,False,False,OK
E12000005,West Midlands,E07000219,Nuneaton and Bedworth,2006,5.28,6.05,8.01,1.96,3.11,10.95,False,False,OK
E12000005,West Midlands,E07000220,Rugby,2006,6.01,6.05,8.01,1.96,3.11,10.95,False,False,OK
E12000005,West Midlands,E07000221,Stratford-on-Avon,2006,7.96,6.05,8.01,1.96,3.11,10.95,False,False,OK
E12000005,West Midlands,E07000222,Warwick,2006,7.33,6.05,8.01,1.96,3.11,10.95,False,False,OK
E12000005,West Midlands,E07000234,Bromsgrove,2006,6.99,6.05,8.01,1.96,3.11,10.95,False,False,OK
E12000005,West Midlands,E07000235,Malvern Hills,2006,8.07,6.05,8.01,1.96,3.11,10.95,False,False,OK
E12000005,West Midlands,E07000236,Redditch,2006,6.88,6.05,8.01,1.96,3.11,10.95,False,False,OK
E12000005,West Midlands,E07000237,Worcester,2006,6.3,6.05,8.01,1.96,3.11,10.95,False,False,OK
E12000005,West Midlands,E07000238,Wychavon,2006,8.71,6.05,8.01,1.96,3.11,10.95,False,False,OK
E12000005,West Midlands,E07000239,Wyre Forest,2006,7.21,6.05,8.01,1.96,3.11,10.95,False,False,OK
E12000005,West Midlands,E08000025,Birmingham,2006,5.85,6.05,8.01,1.96,3.11,10.95,False,False,OK
E12000005,West Midlands,E08000026,Coventry,2006,5.41,6.05,8.01,1.96,3.11,10.95,False,False,OK
E12000005,West Midlands,E08000027,Dudley,2006,6.14,6.05,8.01,1.96,3.11,10.95,False,False,OK
E12000005,West Midlands,E08000028,Sandwell,2006,5.87,6.05,8.01,1.96,3.11,10.95,False,False,OK
E12000005,West Midlands,E08000029,Solihull,2006,7.46,6.05,8.01,1.96,3.11,10.95,False,False,OK
E12000005,West Midlands,E08000030,Walsall,2006,6.05,6.05,8.01,1.96,3.11,10.95,False,False,OK
E12000005,West Midlands,E08000031,Wolverhampton,2006,5.92,6.05,8.01,1.96,3.11,10.95,False,False,OK
E12000006,East of England,E06000031,Peterborough,2006,6.3,6.05,8.01,1.96,3.11,10.95,False,False,OK
E12000006,East of England,E06000032,Luton,2006,6.22,6.05,8.01,1.96,3.11,10.95,False,False,OK
E12000006,East of England,E06000033,Southend-on-Sea,2006,6.9,6.05,8.01,1.96,3.11,10.95,False,False,OK
E12000006,East of England,E06000034,Thurrock,2006,6.67,6.05,8.01,1.96,3.11,10.95,False,False,OK
E12000006,East of England,E06000055,Bedford,2006,7.04,6.05,8.01,1.96,3.11,10.95,False,False,OK
E12000006,East of England,E06000056,Central Bedfordshire,2006,6.45,6.05,8.01,1.96,3.11,10.95,False,False,OK
E12000006,East of England,E07000008,Cambridge,2006,8.3,6.05,8.01,1.96,3.11,10.95,False,False,OK
E12000006,East of England,E07000009,East Cambridgeshire,2006,7.04,6.05,8.01,1.96,3.11,10.95,False,False,OK
E12000006,East of England,E07000010,Fenland,2006,6.19,6.05,8.01,1.96,3.11,10.95,False,False,OK
E12000006,East of England,E07000011,Huntingdonshire,2006,6.8,6.05,8.01,1.96,3.11,10.95,False,False,OK
E12000006,East of England,E07000012,South Cambridgeshire,2006,7.81,6.05,8.01,1.96,3.11,10.95,False,False,OK
E12000006,East of England,E07000066,Basildon,2006,6.65,6.05,8.01,1.96,3.11,10.95,False,False,OK
E12000006,East of England,E07000067,Braintree,2006,7.16,6.05,8.01,1.96,3.11,10.95,False,False,OK
E12000006,East of England,E07000068,Brentwood,2006,6.93,6.05,8.01,1.96,3.11,10.95,False,False,OK
E12000006,East of England,E07000069,Castle Point,2006,6.87,6.05,8.01,1.96,3.11,10.95,False,False,OK
E12000006,East of England,E07000070,Chelmsford,2006,7.22,6.05,8.01,1.96,3.11,10.95,False,False,OK
E12000006,East of England,E07000071,Colchester,2006,6.65,6.05,8.01,1.96,3.11,10.95,False,False,OK
E12000006,East of England,E07000072,Epping Forest,2006,8.32,6.05,8.01,1.96,3.11,10.95,False,False,OK
E12000006,East of England,E07000073,Harlow,2006,7.15,6.05,8.01,1.96,3.11,10.95,False,False,OK
E12000006,East of England,E07000074,Maldon,2006,7.15,6.05,8.01,1.96,3.11,10.95,False,False,OK
E12000006,East of England,E07000075,Rochford,2006,7.06,6.05,8.01,1.96,3.11,10.95,False,False,OK
E12000006,East of England,E07000076,Tendring,2006,7.24,6.05,8.01,1.96,3.11,10.95,False,False,OK
E12000006,East of England,E07000077,Uttlesford,2006,8.46,6.05,8.01,1.96,3.11,10.95,False,False,OK
E12000006,East of England,E07000095,Broxbourne,2006,7.41,6.05,8.01,1.96,3.11,10.95,False,False,OK
E12000006,East of England,E07000096,Dacorum,2006,7.79,6.05,8.01,1.96,3.11,10.95,False,False,OK
E12000006,East of England,E07000098,Hertsmere,2006,8.45,6.05,8.01,1.96,3.11,10.95,False,False,OK
E12000006,East of England,E07000099,North Hertfordshire,2006,7.45,6.05,8.01,1.96,3.11,10.95,False,False,OK
E12000006,East of England,E07000102,Three Rivers,2006,8.84,6.05,8.01,1.96,3.11,10.95,False,False,OK
E12000006,East of England,E07000103,Watford,2006,6.58,6.05,8.01,1.96,3.11,10.95,False,False,OK
E12000006,East of England,E07000143,Breckland,2006,7.44,6.05,8.01,1.96,3.11,10.95,False,False,OK
E12000006,East of England,E07000144,Broadland,2006,7.62,6.05,8.01,1.96,3.11,10.95,False,False,OK
E12000006,East of England,E07000145,Great Yarmouth,2006,6.24,6.05,8.01,1.96,3.11,10.95,False,False,OK
E12000006,East of England,E07000146,King's Lynn and West Norfolk,2006,7.41,6.05,8.01,1.96,3.11,10.95,False,False,OK
E12000006,East of England,E07000147,North Norfolk,2006,9.55,6.05,8.01,1.96,3.11,10.95,False,False,OK
E12000006,East of England,E07000148,Norwich,2006,6.29,6.05,8.01,1.96,3.11,10.95,False,False,OK
E12000006,East of England,E07000149,South Norfolk,2006,7.92,6.05,8.01,1.96,3.11,10.95,False,False,OK
E12000006,East of England,E07000200,Babergh,2006,7.74,6.05,8.01,1.96,3.11,10.95,False,False,OK
E12000006,East of England,E07000202,Ipswich,2006,6.02,6.05,8.01,1.96,3.11,10.95,False,False,OK
E12000006,East of England,E07000203,Mid Suffolk,2006,7.44,6.05,8.01,1.96,3.11,10.95,False,False,OK
E12000006,East of England,E07000240,St Albans,2006,9.02,6.05,8.01,1.96,3.11,10.95,False,False,OK
E12000006,East of England,E07000241,Welwyn Hatfield,2006,7.58,6.05,8.01,1.96,3.11,10.95,False,False,OK
E12000006,East of England,E07000242,East Hertfordshire,2006,7.43,6.05,8.01,1.96,3.11,10.95,False,False,OK
E12000006,East of England,E07000243,Stevenage,2006,6.59,6.05,8.01,1.96,3.11,10.95,False,False,OK
E12000006,East of England,E07000244,East Suffolk,2006,6.67,6.05,8.01,1.96,3.11,10.95,False,False,OK
E12000006,East of England,E07000245,West Suffolk,2006,7.43,6.05,8.01,1.96,3.11,10.95,False,False,OK
E12000007,London,E09000001,City of London,2006,,6.05,8.01,1.96,3.11,10.95,False,True,Missing ratio value
E12000007,London,E09000002,Barking and Dagenham,2006,6.55,6.05,8.01,1.96,3.11,10.95,False,False,OK
E12000007,London,E09000003,Barnet,2006,9.12,6.05,8.01,1.96,3.11,10.95,False,False,OK
E12000007,London,E09000004,Bexley,2006,6.79,6.05,8.01,1.96,3.11,10.95,False,False,OK
E12000007,London,E09000005,Brent,2006,9.84,6.05,8.01,1.96,3.11,10.95,False,False,OK
E12000007,London,E09000006,Bromley,2006,7.54,6.05,8.01,1.96,3.11,10.95,False,False,OK
E12000007,London,E09000007,Camden,2006,10.38,6.05,8.01,1.96,3.11,10.95,False,False,OK
E12000007,London,E09000008,Croydon,2006,7.38,6.05,8.01,1.96,3.11,10.95,False,False,OK
E12000007,London,E09000009,Ealing,2006,8.88,6.05,8.01,1.96,3.11,10.95,False,False,OK
E12000007,London,E09000010,Enfield,2006,7.75,6.05,8.01,1.96,3.11,10.95,False,False,OK
E12000007,London,E09000011,Greenwich,2006,7.68,6.05,8.01,1.96,3.11,10.95,False,False,OK
E12000007,London,E09000012,Hackney,2006,9.48,6.05,8.01,1.96,3.11,10.95,False,False,OK
E12000007,London,E09000013,Hammersmith and Fulham,2006,10.8,6.05,8.01,1.96,3.11,10.95,False,False,OK
E12000007,London,E09000014,Haringey,2006,8.09,6.05,8.01,1.96,3.11,10.95,False,False,OK
E12000007,London,E09000015,Harrow,2006,9.26,6.05,8.01,1.96,3.11,10.95,False,False,OK
E12000007,London,E09000016,Havering,2006,7.02,6.05,8.01,1.96,3.11,10.95,False,False,OK
E12000007,London,E09000017,Hillingdon,2006,8.55,6.05,8.01,1.96,3.11,10.95,False,False,OK
E12000007,London,E09000018,Hounslow,2006,9.03,6.05,8.01,1.96,3.11,10.95,False,False,OK
E12000007,London,E09000019,Islington,2006,8.91,6.05,8.01,1.96,3.11,10.95,False,False,OK
E12000007,London,E09000020,Kensington and Chelsea,2006,11.19,6.05,8.01,1.96,3.11,10.95,True,False,Statistical outlier
E12000007,London,E09000021,Kingston upon Thames,2006,8.1,6.05,8.01,1.96,3.11,10.95,False,False,OK
E12000007,London,E09000022,Lambeth,2006,8.98,6.05,8.01,1.96,3.11,10.95,False,False,OK
E12000007,London,E09000023,Lewisham,2006,7.34,6.05,8.01,1.96,3.11,10.95,False,False,OK
E12000007,London,E09000024,Merton,2006,8.57,6.05,8.01,1.96,3.11,10.95,False,False,OK
E12000007,London,E09000025,Newham,2006,8.55,6.05,8.01,1.96,3.11,10.95,False,False,OK
E12000007,London,E09000026,Redbridge,2006,7.86,6.05,8.01,1.96,3.11,10.95,False,False,OK
E12000007,London,E09000027,Richmond upon Thames,2006,9.18,6.05,8.01,1.96,3.11,10.95,False,False,OK
E12000007,London,E09000028,Southwark,2006,8.18,6.05,8.01,1.96,3.11,10.95,False,False,OK
E12000007,London,E09000029,Sutton,2006,7.56,6.05,8.01,1.96,3.11,10.95,False,False,OK
E12000007,London,E09000030,Tower Hamlets,2006,8.56,6.05,8.01,1.96,3.11,10.95,False,False,OK
E12000007,London,E09000031,Waltham Forest,2006,7.64,6.05,8.01,1.96,3.11,10.95,False,False,OK
E12000007,London,E09000032,Wandsworth,2006,9.31,6.05,8.01,1.96,3.11,10.95,False,False,OK
E12000007,London,E09000033,Westminster,2006,12.32,6.05,8.01,1.96,3.11,10.95,True,False,Statistical outlier
E12000008,South East,E06000035,Medway,2006,5.82,6.05,8.01,1.96,3.11,10.95,False,False,OK
E12000008,South East,E06000036,Bracknell Forest,2006,6.93,6.05,8.01,1.96,3.11,10.95,False,False,OK
E12000008,South East,E06000037,West Berkshire,2006,7.53,6.05,8.01,1.96,3.11,10.95,False,False,OK
E12000008,South East,E06000038,Reading,2006,7.27,6.05,8.01,1.96,3.11,10.95,False,False,OK
E12000008,South East,E06000039,Slough,2006,7.58,6.05,8.01,1.96,3.11,10.95,False,False,OK
E12000008,South East,E06000040,Windsor and Maidenhead,2006,8.13,6.05,8.01,1.96,3.11,10.95,False,False,OK
E12000008,South East,E06000041,Wokingham,2006,7.44,6.05,8.01,1.96,3.11,10.95,False,False,OK
E12000008,South East,E06000042,Milton Keynes,2006,6.84,6.05,8.01,1.96,3.11,10.95,False,False,OK
E12000008,South East,E06000043,Brighton and Hove,2006,8.22,6.05,8.01,1.96,3.11,10.95,False,False,OK
E12000008,South East,E06000044,Portsmouth,2006,6.54,6.05,8.01,1.96,3.11,10.95,False,False,OK
E12000008,South East,E06000045,Southampton,2006,6.96,6.05,8.01,1.96,3.11,10.95,False,False,OK
E12000008,South East,E06000046,Isle of Wight,2006,7.73,6.05,8.01,1.96,3.11,10.95,False,False,OK
E12000008,South East,E06000060,Buckinghamshire,2006,8.54,6.05,8.01,1.96,3.11,10.95,False,False,OK
E12000008,South East,E07000061,Eastbourne,2006,8.08,6.05,8.01,1.96,3.11,10.95,False,False,OK
E12000008,South East,E07000062,Hastings,2006,7.2,6.05,8.01,1.96,3.11,10.95,False,False,OK
E12000008,South East,E07000063,Lewes,2006,8.41,6.05,8.01,1.96,3.11,10.95,False,False,OK
E12000008,South East,E07000064,Rother,2006,8.36,6.05,8.01,1.96,3.11,10.95,False,False,OK
E12000008,South East,E07000065,Wealden,2006,8.63,6.05,8.01,1.96,3.11,10.95,False,False,OK
E12000008,South East,E07000084,Basingstoke and Deane,2006,7.37,6.05,8.01,1.96,3.11,10.95,False,False,OK
E12000008,South East,E07000085,East Hampshire,2006,8.0,6.05,8.01,1.96,3.11,10.95,False,False,OK
E12000008,South East,E07000086,Eastleigh,2006,7.49,6.05,8.01,1.96,3.11,10.95,False,False,OK
E12000008,South East,E07000087,Fareham,2006,7.43,6.05,8.01,1.96,3.11,10.95,False,False,OK
E12000008,South East,E07000088,Gosport,2006,6.66,6.05,8.01,1.96,3.11,10.95,False,False,OK
E12000008,South East,E07000089,Hart,2006,6.9,6.05,8.01,1.96,3.11,10.95,False,False,OK
E12000008,South East,E07000090,Havant,2006,7.82,6.05,8.01,1.96,3.11,10.95,False,False,OK
E12000008,South East,E07000091,New Forest,2006,9.82,6.05,8.01,1.96,3.11,10.95,False,False,OK
E12000008,South East,E07000092,Rushmoor,2006,6.62,6.05,8.01,1.96,3.11,10.95,False,False,OK
E12000008,South East,E07000093,Test Valley,2006,8.25,6.05,8.01,1.96,3.11,10.95,False,False,OK
E12000008,South East,E07000094,Winchester,2006,8.54,6.05,8.01,1.96,3.11,10.95,False,False,OK
E12000008,South East,E07000105,Ashford,2006,7.64,6.05,8.01,1.96,3.11,10.95,False,False,OK
E12000008,South East,E07000106,Canterbury,2006,7.31,6.05,8.01,1.96,3.11,10.95,False,False,OK
E12000008,South East,E07000107,Dartford,2006,6.87,6.05,8.01,1.96,3.11,10.95,False,False,OK
E12000008,South East,E07000108,Dover,2006,6.82,6.05,8.01,1.96,3.11,10.95,False,False,OK
E12000008,South East,E07000109,Gravesham,2006,5.9,6.05,8.01,1.96,3.11,10.95,False,False,OK
E12000008,South East,E07000110,Maidstone,2006,7.24,6.05,8.01,1.96,3.11,10.95,False,False,OK
E12000008,South East,E07000111,Sevenoaks,2006,8.62,6.05,8.01,1.96,3.11,10.95,False,False,OK
E12000008,South East,E07000112,Folkestone and Hythe,2006,7.87,6.05,8.01,1.96,3.11,10.95,False,False,OK
E12000008,South East,E07000113,Swale,2006,6.57,6.05,8.01,1.96,3.11,10.95,False,False,OK
E12000008,South East,E07000114,Thanet,2006,7.45,6.05,8.01,1.96,3.11,10.95,False,False,OK
E12000008,South East,E07000115,Tonbridge and Malling,2006,8.31,6.05,8.01,1.96,3.11,10.95,False,False,OK
E12000008,South East,E07000116,Tunbridge Wells,2006,8.34,6.05,8.01,1.96,3.11,10.95,False,False,OK
E12000008,South East,E07000177,Cherwell,2006,7.63,6.05,8.01,1.96,3.11,10.95,False,False,OK
E12000008,South East,E07000178,Oxford,2006,9.28,6.05,8.01,1.96,3.11,10.95,False,False,OK
E12000008,South East,E07000179,South Oxfordshire,2006,8.8,6.05,8.01,1.96,3.11,10.95,False,False,OK
E12000008,South East,E07000180,Vale of White Horse,2006,7.81,6.05,8.01,1.96,3.11,10.95,False,False,OK
E12000008,South East,E07000181,West Oxfordshire,2006,8.6,6.05,8.01,1.96,3.11,10.95,False,False,OK
E12000008,South East,E07000207,Elmbridge,2006,8.49,6.05,8.01,1.96,3.11,10.95,False,False,OK
E12000008,South East,E07000208,Epsom and Ewell,2006,9.45,6.05,8.01,1.96,3.11,10.95,False,False,OK
E12000008,South East,E07000209,Guildford,2006,8.26,6.05,8.01,1.96,3.11,10.95,False,False,OK
E12000008,South East,E07000210,Mole Valley,2006,9.37,6.05,8.01,1.96,3.11,10.95,False,False,OK
E12000008,South East,E07000211,Reigate and Banstead,2006,8.05,6.05,8.01,1.96,3.11,10.95,False,False,OK
E12000008,South East,E07000212,Runnymede,2006,8.04,6.05,8.01,1.96,3.11,10.95,False,False,OK
E12000008,South East,E07000213,Spelthorne,2006,7.51,6.05,8.01,1.96,3.11,10.95,False,False,OK
E12000008,South East,E07000214,Surrey Heath,2006,7.62,6.05,8.01,1.96,3.11,10.95,False,False,OK
E12000008,South East,E07000215,Tandridge,2006,9.17,6.05,8.01,1.96,3.11,10.95,False,False,OK
E12000008,South East,E07000216,Waverley,2006,8.85,6.05,8.01,1.96,3.11,10.95,False,False,OK
E12000008,South East,E07000217,Woking,2006,8.6,6.05,8.01,1.96,3.11,10.95,False,False,OK
E12000008,South East,E07000223,Adur,2006,8.62,6.05,8.01,1.96,3.11,10.95,False,False,OK
E12000008,South East,E07000224,Arun,2006,8.64,6.05,8.01,1.96,3.11,10.95,False,False,OK
E12000008,South East,E07000225,Chichester,2006,9.41,6.05,8.01,1.96,3.11,10.95,False,False,OK
E12000008,South East,E07000226,Crawley,2006,6.7,6.05,8.01,1.96,3.11,10.95,False,False,OK
E12000008,South East,E07000227,Horsham,2006,8.29,6.05,8.01,1.96,3.11,10.95,False,False,OK
E12000008,South East,E07000228,Mid Sussex,2006,8.72,6.05,8.01,1.96,3.11,10.95,False,False,OK
E12000008,South East,E07000229,Worthing,2006,7.96,6.05,8.01,1.96,3.11,10.95,False,False,OK
E12000009,South West,E06000022,Bath and North East Somerset,2006,8.24,6.05,8.01,1.96,3.11,10.95,False,False,OK
E12000009,South West,E06000023,"Bristol, City of",2006,7.08,6.05,8.01,1.96,3.11,10.95,False,False,OK
E12000009,South West,E06000024,North Somerset,2006,6.61,6.05,8.01,1.96,3.11,10.95,False,False,OK
E12000009,South West,E06000025,South Gloucestershire,2006,6.81,6.05,8.01,1.96,3.11,10.95,False,False,OK
E12000009,South West,E06000026,Plymouth,2006,6.57,6.05,8.01,1.96,3.11,10.95,False,False,OK
E12000009,South West,E06000027,Torbay,2006,8.19,6.05,8.01,1.96,3.11,10.95,False,False,OK
E12000009,South West,E06000030,Swindon,2006,6.26,6.05,8.01,1.96,3.11,10.95,False,False,OK
E12000009,South West,E06000052,Cornwall,2006,9.26,6.05,8.01,1.96,3.11,10.95,False,False,OK
E12000009,South West,E06000053,Isles of Scilly,2006,,6.05,8.01,1.96,3.11,10.95,False,True,Missing ratio value
E12000009,South West,E06000054,Wiltshire,2006,7.83,6.05,8.01,1.96,3.11,10.95,False,False,OK
E12000009,South West,E06000058,"Bournemouth, Christchurch and Poole",2006,8.85,6.05,8.01,1.96,3.11,10.95,False,False,OK
E12000009,South West,E06000059,Dorset,2006,9.54,6.05,8.01,1.96,3.11,10.95,False,False,OK
E12000009,South West,E06000066,Somerset,2006,7.51,6.05,8.01,1.96,3.11,10.95,False,False,OK
E12000009,South West,E07000040,East Devon,2006,9.13,6.05,8.01,1.96,3.11,10.95,False,False,OK
E12000009,South West,E07000041,Exeter,2006,8.39,6.05,8.01,1.96,3.11,10.95,False,False,OK
E12000009,South West,E07000042,Mid Devon,2006,8.42,6.05,8.01,1.96,3.11,10.95,False,False,OK
E12000009,South West,E07000043,North Devon,2006,10.76,6.05,8.01,1.96,3.11,10.95,False,False,OK
E12000009,South West,E07000044,South Hams,2006,9.32,6.05,8.01,1.96,3.11,10.95,False,False,OK
E12000009,South West,E07000045,Teignbridge,2006,9.61,6.05,8.01,1.96,3.11,10.95,False,False,OK
E12000009,South West,E07000046,Torridge,2006,9.54,6.05,8.01,1.96,3.11,10.95,False,False,OK
E12000009,South West,E07000047,West Devon,2006,8.76,6.05,8.01,1.96,3.11,10.95,False,False,OK
E12000009,South West,E07000078,Cheltenham,2006,6.89,6.05,8.01,1.96,3.11,10.95,False,False,OK
E12000009,South West,E07000079,Cotswold,2006,10.01,6.05,8.01,1.96,3.11,10.95,False,False,OK
E12000009,South West,E07000080,Forest of Dean,2006,7.51,6.05,8.01,1.96,3.11,10.95,False,False,OK
E12000009,South West,E07000081,Gloucester,2006,6.81,6.05,8.01,1.96,3.11,10.95,False,False,OK
E12000009,South West,E07000082,Stroud,2006,7.48,6.05,8.01,1.96,3.11,10.95,False,False,OK
E12000009,South West,E07000083,Tewkesbury,2006,6.88,6.05,8.01,1.96,3.11,10.95,False,False,OK
W92000004,Wales,W06000001,Isle of Anglesey,2006,6.89,6.05,8.01,1.96,3.11,10.95,False,False,OK
W92000004,Wales,W06000002,Gwynedd,2006,6.86,6.05,8.01,1.96,3.11,10.95,False,False,OK
W92000004,Wales,W06000003,Conwy,2006,7.19,6.05,8.01,1.96,3.11,10.95,False,False,OK
W92000004,Wales,W06000004,Denbighshire,2006,6.95,6.05,8.01,1.96,3.11,10.95,False,False,OK
W92000004,Wales,W06000005,Flintshire,2006,5.53,6.05,8.01,1.96,3.11,10.95,False,False,OK
W92000004,Wales,W06000006,Wrexham,2006,6.27,6.05,8.01,1.96,3.11,10.95,False,False,OK
W92000004,Wales,W06000008,Ceredigion,2006,8.53,6.05,8.01,1.96,3.11,10.95,False,False,OK
W92000004,Wales,W06000009,Pembrokeshire,2006,8.21,6.05,8.01,1.96,3.11,10.95,False,False,OK
W92000004,Wales,W06000010,Carmarthenshire,2006,6.51,6.05,8.01,1.96,3.11,10.95,False,False,OK
W92000004,Wales,W06000011,Swansea,2006,6.0,6.05,8.01,1.96,3.11,10.95,False,False,OK
W92000004,Wales,W06000012,Neath Port Talbot,2006,4.04,6.05,8.01,1.96,3.11,10.95,False,False,OK
W92000004,Wales,W06000013,Bridgend,2006,5.84,6.05,8.01,1.96,3.11,10.95,False,False,OK
W92000004,Wales,W06000014,Vale of Glamorgan,2006,6.05,6.05,8.01,1.96,3.11,10.95,False,False,OK
W92000004,Wales,W06000015,Cardiff,2006,6.87,6.05,8.01,1.96,3.11,10.95,False,False,OK
W92000004,Wales,W06000016,Rhondda Cynon Taf,2006,4.35,6.05,8.01,1.96,3.11,10.95,False,False,OK
W92000004,Wales,W06000018,Caerphilly,2006,5.72,6.05,8.01,1.96,3.11,10.95,False,False,OK
W92000004,Wales,W06000019,Blaenau Gwent,2006,4.37,6.05,8.01,1.96,3.11,10.95,False,False,OK
W92000004,Wales,W06000020,Torfaen,2006,4.79,6.05,8.01,1.96,3.11,10.95,False,False,OK
W92000004,Wales,W06000021,Monmouthshire,2006,7.29,6.05,8.01,1.96,3.11,10.95,False,False,OK
W92000004,Wales,W06000022,Newport,2006,5.85,6.05,8.01,1.96,3.11,10.95,False,False,OK
W92000004,Wales,W06000023,Powys,2006,7.76,6.05,8.01,1.96,3.11,10.95,False,False,OK
W92000004,Wales,W06000024,Merthyr Tydfil,2006,4.27,6.05,8.01,1.96,3.11,10.95,False,False,OK
E12000001,North East,E06000001,Hartlepool,2007,4.63,6.155,8.33,2.175,2.8925000000000005,11.5925,False,False,OK
E12000001,North East,E06000002,Middlesbrough,2007,5.4,6.155,8.33,2.175,2.8925000000000005,11.5925,False,False,OK
E12000001,North East,E06000003,Redcar and Cleveland,2007,5.52,6.155,8.33,2.175,2.8925000000000005,11.5925,False,False,OK
E12000001,North East,E06000004,Stockton-on-Tees,2007,5.64,6.155,8.33,2.175,2.8925000000000005,11.5925,False,False,OK
E12000001,North East,E06000005,Darlington,2007,5.45,6.155,8.33,2.175,2.8925000000000005,11.5925,False,False,OK
E12000001,North East,E06000047,County Durham,2007,5.11,6.155,8.33,2.175,2.8925000000000005,11.5925,False,False,OK
E12000001,North East,E06000057,Northumberland,2007,6.33,6.155,8.33,2.175,2.8925000000000005,11.5925,False,False,OK
E12000001,North East,E08000021,Newcastle upon Tyne,2007,6.82,6.155,8.33,2.175,2.8925000000000005,11.5925,False,False,OK
E12000001,North East,E08000022,North Tyneside,2007,6.43,6.155,8.33,2.175,2.8925000000000005,11.5925,False,False,OK
E12000001,North East,E08000023,South Tyneside,2007,5.59,6.155,8.33,2.175,2.8925000000000005,11.5925,False,False,OK
E12000001,North East,E08000024,Sunderland,2007,5.45,6.155,8.33,2.175,2.8925000000000005,11.5925,False,False,OK
E12000001,North East,E08000037,Gateshead,2007,5.98,6.155,8.33,2.175,2.8925000000000005,11.5925,False,False,OK
E12000002,North West,E06000006,Halton,2007,5.38,6.155,8.33,2.175,2.8925000000000005,11.5925,False,False,OK
E12000002,North West,E06000007,Warrington,2007,6.13,6.155,8.33,2.175,2.8925000000000005,11.5925,False,False,OK
E12000002,North West,E06000008,Blackburn with Darwen,2007,4.51,6.155,8.33,2.175,2.8925000000000005,11.5925,False,False,OK
E12000002,North West,E06000009,Blackpool,2007,6.06,6.155,8.33,2.175,2.8925000000000005,11.5925,False,False,OK
E12000002,North West,E06000049,Cheshire East,2007,6.62,6.155,8.33,2.175,2.8925000000000005,11.5925,False,False,OK
E12000002,North West,E06000050,Cheshire West and Chester,2007,6.31,6.155,8.33,2.175,2.8925000000000005,11.5925,False,False,OK
E12000002,North West,E06000063,Cumberland,2007,5.19,6.155,8.33,2.175,2.8925000000000005,11.5925,False,False,OK
E12000002,North West,E06000064,Westmorland and Furness,2007,7.03,6.155,8.33,2.175,2.8925000000000005,11.5925,False,False,OK
E12000002,North West,E07000117,Burnley,2007,3.86,6.155,8.33,2.175,2.8925000000000005,11.5925,False,False,OK
E12000002,North West,E07000118,Chorley,2007,6.1,6.155,8.33,2.175,2.8925000000000005,11.5925,False,False,OK
E12000002,North West,E07000119,Fylde,2007,6.75,6.155,8.33,2.175,2.8925000000000005,11.5925,False,False,OK
E12000002,North West,E07000120,Hyndburn,2007,5.02,6.155,8.33,2.175,2.8925000000000005,11.5925,False,False,OK
E12000002,North West,E07000121,Lancaster,2007,5.26,6.155,8.33,2.175,2.8925000000000005,11.5925,False,False,OK
E12000002,North West,E07000122,Pendle,2007,4.55,6.155,8.33,2.175,2.8925000000000005,11.5925,False,False,OK
E12000002,North West,E07000123,Preston,2007,5.87,6.155,8.33,2.175,2.8925000000000005,11.5925,False,False,OK
E12000002,North West,E07000124,Ribble Valley,2007,7.38,6.155,8.33,2.175,2.8925000000000005,11.5925,False,False,OK
E12000002,North West,E07000125,Rossendale,2007,5.37,6.155,8.33,2.175,2.8925000000000005,11.5925,False,False,OK
E12000002,North West,E07000126,South Ribble,2007,6.1,6.155,8.33,2.175,2.8925000000000005,11.5925,False,False,OK
E12000002,North West,E07000127,West Lancashire,2007,6.4,6.155,8.33,2.175,2.8925000000000005,11.5925,False,False,OK
E12000002,North West,E07000128,Wyre,2007,7.51,6.155,8.33,2.175,2.8925000000000005,11.5925,False,False,OK
E12000002,North West,E08000001,Bolton,2007,5.42,6.155,8.33,2.175,2.8925000000000005,11.5925,False,False,OK
E12000002,North West,E08000002,Bury,2007,5.36,6.155,8.33,2.175,2.8925000000000005,11.5925,False,False,OK
E12000002,North West,E08000003,Manchester,2007,6.21,6.155,8.33,2.175,2.8925000000000005,11.5925,False,False,OK
E12000002,North West,E08000004,Oldham,2007,5.31,6.155,8.33,2.175,2.8925000000000005,11.5925,False,False,OK
E12000002,North West,E08000005,Rochdale,2007,5.14,6.155,8.33,2.175,2.8925000000000005,11.5925,False,False,OK
E12000002,North West,E08000006,Salford,2007,5.65,6.155,8.33,2.175,2.8925000000000005,11.5925,False,False,OK
E12000002,North West,E08000007,Stockport,2007,6.35,6.155,8.33,2.175,2.8925000000000005,11.5925,False,False,OK
E12000002,North West,E08000008,Tameside,2007,5.9,6.155,8.33,2.175,2.8925000000000005,11.5925,False,False,OK
E12000002,North West,E08000009,Trafford,2007,6.71,6.155,8.33,2.175,2.8925000000000005,11.5925,False,False,OK
E12000002,North West,E08000010,Wigan,2007,5.4,6.155,8.33,2.175,2.8925000000000005,11.5925,False,False,OK
E12000002,North West,E08000011,Knowsley,2007,5.56,6.155,8.33,2.175,2.8925000000000005,11.5925,False,False,OK
E12000002,North West,E08000012,Liverpool,2007,5.6,6.155,8.33,2.175,2.8925000000000005,11.5925,False,False,OK
E12000002,North West,E08000013,St. Helens,2007,5.85,6.155,8.33,2.175,2.8925000000000005,11.5925,False,False,OK
E12000002,North West,E08000014,Sefton,2007,6.49,6.155,8.33,2.175,2.8925000000000005,11.5925,False,False,OK
E12000002,North West,E08000015,Wirral,2007,5.97,6.155,8.33,2.175,2.8925000000000005,11.5925,False,False,OK
E12000003,Yorkshire and The Humber,E06000010,"Kingston upon Hull, City of",2007,4.51,6.155,8.33,2.175,2.8925000000000005,11.5925,False,False,OK
E12000003,Yorkshire and The Humber,E06000011,East Riding of Yorkshire,2007,5.55,6.155,8.33,2.175,2.8925000000000005,11.5925,False,False,OK
E12000003,Yorkshire and The Humber,E06000012,North East Lincolnshire,2007,5.08,6.155,8.33,2.175,2.8925000000000005,11.5925,False,False,OK
E12000003,Yorkshire and The Humber,E06000013,North Lincolnshire,2007,4.76,6.155,8.33,2.175,2.8925000000000005,11.5925,False,False,OK
E12000003,Yorkshire and The Humber,E06000014,York,2007,7.03,6.155,8.33,2.175,2.8925000000000005,11.5925,False,False,OK
E12000003,Yorkshire and The Humber,E06000065,North Yorkshire,2007,7.91,6.155,8.33,2.175,2.8925000000000005,11.5925,False,False,OK
E12000003,Yorkshire and The Humber,E08000017,Doncaster,2007,5.37,6.155,8.33,2.175,2.8925000000000005,11.5925,False,False,OK
E12000003,Yorkshire and The Humber,E08000018,Rotherham,2007,5.39,6.155,8.33,2.175,2.8925000000000005,11.5925,False,False,OK
E12000003,Yorkshire and The Humber,E08000032,Bradford,2007,6.22,6.155,8.33,2.175,2.8925000000000005,11.5925,False,False,OK
E12000003,Yorkshire and The Humber,E08000033,Calderdale,2007,5.51,6.155,8.33,2.175,2.8925000000000005,11.5925,False,False,OK
E12000003,Yorkshire and The Humber,E08000034,Kirklees,2007,5.49,6.155,8.33,2.175,2.8925000000000005,11.5925,False,False,OK
E12000003,Yorkshire and The Humber,E08000035,Leeds,2007,6.42,6.155,8.33,2.175,2.8925000000000005,11.5925,False,False,OK
E12000003,Yorkshire and The Humber,E08000036,Wakefield,2007,5.73,6.155,8.33,2.175,2.8925000000000005,11.5925,False,False,OK
E12000003,Yorkshire and The Humber,E08000038,Barnsley,2007,5.36,6.155,8.33,2.175,2.8925000000000005,11.5925,False,False,OK
E12000003,Yorkshire and The Humber,E08000039,Sheffield,2007,5.81,6.155,8.33,2.175,2.8925000000000005,11.5925,False,False,OK
E12000004,East Midlands,E06000015,Derby,2007,6.08,6.155,8.33,2.175,2.8925000000000005,11.5925,False,False,OK
E12000004,East Midlands,E06000016,Leicester,2007,6.18,6.155,8.33,2.175,2.8925000000000005,11.5925,False,False,OK
E12000004,East Midlands,E06000017,Rutland,2007,8.76,6.155,8.33,2.175,2.8925000000000005,11.5925,False,False,OK
E12000004,East Midlands,E06000018,Nottingham,2007,5.07,6.155,8.33,2.175,2.8925000000000005,11.5925,False,False,OK
E12000004,East Midlands,E06000061,North Northamptonshire,2007,6.35,6.155,8.33,2.175,2.8925000000000005,11.5925,False,False,OK
E12000004,East Midlands,E06000062,West Northamptonshire,2007,6.46,6.155,8.33,2.175,2.8925000000000005,11.5925,False,False,OK
E12000004,East Midlands,E07000032,Amber Valley,2007,6.14,6.155,8.33,2.175,2.8925000000000005,11.5925,False,False,OK
E12000004,East Midlands,E07000033,Bolsover,2007,4.78,6.155,8.33,2.175,2.8925000000000005,11.5925,False,False,OK
E12000004,East Midlands,E07000034,Chesterfield,2007,5.71,6.155,8.33,2.175,2.8925000000000005,11.5925,False,False,OK
E12000004,East Midlands,E07000035,Derbyshire Dales,2007,8.59,6.155,8.33,2.175,2.8925000000000005,11.5925,False,False,OK
E12000004,East Midlands,E07000036,Erewash,2007,5.44,6.155,8.33,2.175,2.8925000000000005,11.5925,False,False,OK
E12000004,East Midlands,E07000037,High Peak,2007,7.0,6.155,8.33,2.175,2.8925000000000005,11.5925,False,False,OK
E12000004,East Midlands,E07000038,North East Derbyshire,2007,6.36,6.155,8.33,2.175,2.8925000000000005,11.5925,False,False,OK
E12000004,East Midlands,E07000039,South Derbyshire,2007,6.45,6.155,8.33,2.175,2.8925000000000005,11.5925,False,False,OK
E12000004,East Midlands,E07000129,Blaby,2007,6.79,6.155,8.33,2.175,2.8925000000000005,11.5925,False,False,OK
E12000004,East Midlands,E07000130,Charnwood,2007,6.72,6.155,8.33,2.175,2.8925000000000005,11.5925,False,False,OK
E12000004,East Midlands,E07000131,Harborough,2007,7.74,6.155,8.33,2.175,2.8925000000000005,11.5925,False,False,OK
E12000004,East Midlands,E07000132,Hinckley and Bosworth,2007,6.65,6.155,8.33,2.175,2.8925000000000005,11.5925,False,False,OK
E12000004,East Midlands,E07000133,Melton,2007,6.53,6.155,8.33,2.175,2.8925000000000005,11.5925,False,False,OK
E12000004,East Midlands,E07000134,North West Leicestershire,2007,6.6,6.155,8.33,2.175,2.8925000000000005,11.5925,False,False,OK
E12000004,East Midlands,E07000135,Oadby and Wigston,2007,7.52,6.155,8.33,2.175,2.8925000000000005,11.5925,False,False,OK
E12000004,East Midlands,E07000136,Boston,2007,6.08,6.155,8.33,2.175,2.8925000000000005,11.5925,False,False,OK
E12000004,East Midlands,E07000137,East Lindsey,2007,7.29,6.155,8.33,2.175,2.8925000000000005,11.5925,False,False,OK
E12000004,East Midlands,E07000138,Lincoln,2007,6.05,6.155,8.33,2.175,2.8925000000000005,11.5925,False,False,OK
E12000004,East Midlands,E07000139,North Kesteven,2007,7.52,6.155,8.33,2.175,2.8925000000000005,11.5925,False,False,OK
E12000004,East Midlands,E07000140,South Holland,2007,7.25,6.155,8.33,2.175,2.8925000000000005,11.5925,False,False,OK
E12000004,East Midlands,E07000141,South Kesteven,2007,6.81,6.155,8.33,2.175,2.8925000000000005,11.5925,False,False,OK
E12000004,East Midlands,E07000142,West Lindsey,2007,6.75,6.155,8.33,2.175,2.8925000000000005,11.5925,False,False,OK
E12000004,East Midlands,E07000170,Ashfield,2007,6.0,6.155,8.33,2.175,2.8925000000000005,11.5925,False,False,OK
E12000004,East Midlands,E07000171,Bassetlaw,2007,5.45,6.155,8.33,2.175,2.8925000000000005,11.5925,False,False,OK
E12000004,East Midlands,E07000172,Broxtowe,2007,6.07,6.155,8.33,2.175,2.8925000000000005,11.5925,False,False,OK
E12000004,East Midlands,E07000173,Gedling,2007,5.5,6.155,8.33,2.175,2.8925000000000005,11.5925,False,False,OK
E12000004,East Midlands,E07000174,Mansfield,2007,5.2,6.155,8.33,2.175,2.8925000000000005,11.5925,False,False,OK
E12000004,East Midlands,E07000175,Newark and Sherwood,2007,6.72,6.155,8.33,2.175,2.8925000000000005,11.5925,False,False,OK
E12000004,East Midlands,E07000176,Rushcliffe,2007,6.8,6.155,8.33,2.175,2.8925000000000005,11.5925,False,False,OK
E12000005,West Midlands,E06000019,"Herefordshire, County of",2007,8.9,6.155,8.33,2.175,2.8925000000000005,11.5925,False,False,OK
E12000005,West Midlands,E06000020,Telford and Wrekin,2007,5.95,6.155,8.33,2.175,2.8925000000000005,11.5925,False,False,OK
E12000005,West Midlands,E06000021,Stoke-on-Trent,2007,4.63,6.155,8.33,2.175,2.8925000000000005,11.5925,False,False,OK
E12000005,West Midlands,E06000051,Shropshire,2007,7.54,6.155,8.33,2.175,2.8925000000000005,11.5925,False,False,OK
E12000005,West Midlands,E07000192,Cannock Chase,2007,5.82,6.155,8.33,2.175,2.8925000000000005,11.5925,False,False,OK
E12000005,West Midlands,E07000193,East Staffordshire,2007,6.49,6.155,8.33,2.175,2.8925000000000005,11.5925,False,False,OK
E12000005,West Midlands,E07000194,Lichfield,2007,7.84,6.155,8.33,2.175,2.8925000000000005,11.5925,False,False,OK
E12000005,West Midlands,E07000195,Newcastle-under-Lyme,2007,5.29,6.155,8.33,2.175,2.8925000000000005,11.5925,False,False,OK
E12000005,West Midlands,E07000196,South Staffordshire,2007,7.34,6.155,8.33,2.175,2.8925000000000005,11.5925,False,False,OK
E12000005,West Midlands,E07000197,Stafford,2007,6.8,6.155,8.33,2.175,2.8925000000000005,11.5925,False,False,OK
E12000005,West Midlands,E07000198,Staffordshire Moorlands,2007,6.03,6.155,8.33,2.175,2.8925000000000005,11.5925,False,False,OK
E12000005,West Midlands,E07000199,Tamworth,2007,5.9,6.155,8.33,2.175,2.8925000000000005,11.5925,False,False,OK
E12000005,West Midlands,E07000218,North Warwickshire,2007,5.88,6.155,8.33,2.175,2.8925000000000005,11.5925,False,False,OK
E12000005,West Midlands,E07000219,Nuneaton and Bedworth,2007,5.4,6.155,8.33,2.175,2.8925000000000005,11.5925,False,False,OK
E12000005,West Midlands,E07000220,Rugby,2007,6.21,6.155,8.33,2.175,2.8925000000000005,11.5925,False,False,OK
E12000005,West Midlands,E07000221,Stratford-on-Avon,2007,8.17,6.155,8.33,2.175,2.8925000000000005,11.5925,False,False,OK
E12000005,West Midlands,E07000222,Warwick,2007,7.67,6.155,8.33,2.175,2.8925000000000005,11.5925,False,False,OK
E12000005,West Midlands,E07000234,Bromsgrove,2007,7.15,6.155,8.33,2.175,2.8925000000000005,11.5925,False,False,OK
E12000005,West Midlands,E07000235,Malvern Hills,2007,8.15,6.155,8.33,2.175,2.8925000000000005,11.5925,False,False,OK
E12000005,West Midlands,E07000236,Redditch,2007,7.18,6.155,8.33,2.175,2.8925000000000005,11.5925,False,False,OK
E12000005,West Midlands,E07000237,Worcester,2007,6.94,6.155,8.33,2.175,2.8925000000000005,11.5925,False,False,OK
E12000005,West Midlands,E07000238,Wychavon,2007,9.19,6.155,8.33,2.175,2.8925000000000005,11.5925,False,False,OK
E12000005,West Midlands,E07000239,Wyre Forest,2007,7.07,6.155,8.33,2.175,2.8925000000000005,11.5925,False,False,OK
E12000005,West Midlands,E08000025,Birmingham,2007,6.16,6.155,8.33,2.175,2.8925000000000005,11.5925,False,False,OK
E12000005,West Midlands,E08000026,Coventry,2007,6.0,6.155,8.33,2.175,2.8925000000000005,11.5925,False,False,OK
E12000005,West Midlands,E08000027,Dudley,2007,6.05,6.155,8.33,2.175,2.8925000000000005,11.5925,False,False,OK
E12000005,West Midlands,E08000028,Sandwell,2007,5.95,6.155,8.33,2.175,2.8925000000000005,11.5925,False,False,OK
E12000005,West Midlands,E08000029,Solihull,2007,7.56,6.155,8.33,2.175,2.8925000000000005,11.5925,False,False,OK
E12000005,West Midlands,E08000030,Walsall,2007,6.1,6.155,8.33,2.175,2.8925000000000005,11.5925,False,False,OK
E12000005,West Midlands,E08000031,Wolverhampton,2007,5.7,6.155,8.33,2.175,2.8925000000000005,11.5925,False,False,OK
E12000006,East of England,E06000031,Peterborough,2007,6.59,6.155,8.33,2.175,2.8925000000000005,11.5925,False,False,OK
E12000006,East of England,E06000032,Luton,2007,6.99,6.155,8.33,2.175,2.8925000000000005,11.5925,False,False,OK
E12000006,East of England,E06000033,Southend-on-Sea,2007,6.9,6.155,8.33,2.175,2.8925000000000005,11.5925,False,False,OK
E12000006,East of England,E06000034,Thurrock,2007,6.7,6.155,8.33,2.175,2.8925000000000005,11.5925,False,False,OK
E12000006,East of England,E06000055,Bedford,2007,6.66,6.155,8.33,2.175,2.8925000000000005,11.5925,False,False,OK
E12000006,East of England,E06000056,Central Bedfordshire,2007,6.66,6.155,8.33,2.175,2.8925000000000005,11.5925,False,False,OK
E12000006,East of England,E07000008,Cambridge,2007,9.21,6.155,8.33,2.175,2.8925000000000005,11.5925,False,False,OK
E12000006,East of England,E07000009,East Cambridgeshire,2007,7.41,6.155,8.33,2.175,2.8925000000000005,11.5925,False,False,OK
E12000006,East of England,E07000010,Fenland,2007,6.06,6.155,8.33,2.175,2.8925000000000005,11.5925,False,False,OK
E12000006,East of England,E07000011,Huntingdonshire,2007,7.1,6.155,8.33,2.175,2.8925000000000005,11.5925,False,False,OK
E12000006,East of England,E07000012,South Cambridgeshire,2007,8.16,6.155,8.33,2.175,2.8925000000000005,11.5925,False,False,OK
E12000006,East of England,E07000066,Basildon,2007,6.88,6.155,8.33,2.175,2.8925000000000005,11.5925,False,False,OK
E12000006,East of England,E07000067,Braintree,2007,7.1,6.155,8.33,2.175,2.8925000000000005,11.5925,False,False,OK
E12000006,East of England,E07000068,Brentwood,2007,7.25,6.155,8.33,2.175,2.8925000000000005,11.5925,False,False,OK
E12000006,East of England,E07000069,Castle Point,2007,7.44,6.155,8.33,2.175,2.8925000000000005,11.5925,False,False,OK
E12000006,East of England,E07000070,Chelmsford,2007,7.66,6.155,8.33,2.175,2.8925000000000005,11.5925,False,False,OK
E12000006,East of England,E07000071,Colchester,2007,6.65,6.155,8.33,2.175,2.8925000000000005,11.5925,False,False,OK
E12000006,East of England,E07000072,Epping Forest,2007,8.84,6.155,8.33,2.175,2.8925000000000005,11.5925,False,False,OK
E12000006,East of England,E07000073,Harlow,2007,6.83,6.155,8.33,2.175,2.8925000000000005,11.5925,False,False,OK
E12000006,East of England,E07000074,Maldon,2007,7.93,6.155,8.33,2.175,2.8925000000000005,11.5925,False,False,OK
E12000006,East of England,E07000075,Rochford,2007,7.08,6.155,8.33,2.175,2.8925000000000005,11.5925,False,False,OK
E12000006,East of England,E07000076,Tendring,2007,7.68,6.155,8.33,2.175,2.8925000000000005,11.5925,False,False,OK
E12000006,East of England,E07000077,Uttlesford,2007,8.33,6.155,8.33,2.175,2.8925000000000005,11.5925,False,False,OK
E12000006,East of England,E07000095,Broxbourne,2007,8.0,6.155,8.33,2.175,2.8925000000000005,11.5925,False,False,OK
E12000006,East of England,E07000096,Dacorum,2007,8.22,6.155,8.33,2.175,2.8925000000000005,11.5925,False,False,OK
E12000006,East of England,E07000098,Hertsmere,2007,9.2,6.155,8.33,2.175,2.8925000000000005,11.5925,False,False,OK
E12000006,East of England,E07000099,North Hertfordshire,2007,7.74,6.155,8.33,2.175,2.8925000000000005,11.5925,False,False,OK
E12000006,East of England,E07000102,Three Rivers,2007,8.03,6.155,8.33,2.175,2.8925000000000005,11.5925,False,False,OK
E12000006,East of England,E07000103,Watford,2007,6.96,6.155,8.33,2.175,2.8925000000000005,11.5925,False,False,OK
E12000006,East of England,E07000143,Breckland,2007,8.28,6.155,8.33,2.175,2.8925000000000005,11.5925,False,False,OK
E12000006,East of England,E07000144,Broadland,2007,8.31,6.155,8.33,2.175,2.8925000000000005,11.5925,False,False,OK
E12000006,East of England,E07000145,Great Yarmouth,2007,6.8,6.155,8.33,2.175,2.8925000000000005,11.5925,False,False,OK
E12000006,East of England,E07000146,King's Lynn and West Norfolk,2007,7.27,6.155,8.33,2.175,2.8925000000000005,11.5925,False,False,OK
E12000006,East of England,E07000147,North Norfolk,2007,9.08,6.155,8.33,2.175,2.8925000000000005,11.5925,False,False,OK
E12000006,East of England,E07000148,Norwich,2007,7.19,6.155,8.33,2.175,2.8925000000000005,11.5925,False,False,OK
E12000006,East of England,E07000149,South Norfolk,2007,7.99,6.155,8.33,2.175,2.8925000000000005,11.5925,False,False,OK
E12000006,East of England,E07000200,Babergh,2007,8.71,6.155,8.33,2.175,2.8925000000000005,11.5925,False,False,OK
E12000006,East of England,E07000202,Ipswich,2007,6.33,6.155,8.33,2.175,2.8925000000000005,11.5925,False,False,OK
E12000006,East of England,E07000203,Mid Suffolk,2007,7.77,6.155,8.33,2.175,2.8925000000000005,11.5925,False,False,OK
E12000006,East of England,E07000240,St Albans,2007,9.09,6.155,8.33,2.175,2.8925000000000005,11.5925,False,False,OK
E12000006,East of England,E07000241,Welwyn Hatfield,2007,7.55,6.155,8.33,2.175,2.8925000000000005,11.5925,False,False,OK
E12000006,East of England,E07000242,East Hertfordshire,2007,8.31,6.155,8.33,2.175,2.8925000000000005,11.5925,False,False,OK
E12000006,East of England,E07000243,Stevenage,2007,6.53,6.155,8.33,2.175,2.8925000000000005,11.5925,False,False,OK
E12000006,East of England,E07000244,East Suffolk,2007,7.1,6.155,8.33,2.175,2.8925000000000005,11.5925,False,False,OK
E12000006,East of England,E07000245,West Suffolk,2007,7.98,6.155,8.33,2.175,2.8925000000000005,11.5925,False,False,OK
E12000007,London,E09000001,City of London,2007,,6.155,8.33,2.175,2.8925000000000005,11.5925,False,True,Missing ratio value
E12000007,London,E09000002,Barking and Dagenham,2007,7.05,6.155,8.33,2.175,2.8925000000000005,11.5925,False,False,OK
E12000007,London,E09000003,Barnet,2007,9.83,6.155,8.33,2.175,2.8925000000000005,11.5925,False,False,OK
E12000007,London,E09000004,Bexley,2007,7.19,6.155,8.33,2.175,2.8925000000000005,11.5925,False,False,OK
E12000007,London,E09000005,Brent,2007,10.8,6.155,8.33,2.175,2.8925000000000005,11.5925,False,False,OK
E12000007,London,E09000006,Bromley,2007,7.71,6.155,8.33,2.175,2.8925000000000005,11.5925,False,False,OK
E12000007,London,E09000007,Camden,2007,11.4,6.155,8.33,2.175,2.8925000000000005,11.5925,False,False,OK
E12000007,London,E09000008,Croydon,2007,7.96,6.155,8.33,2.175,2.8925000000000005,11.5925,False,False,OK
E12000007,London,E09000009,Ealing,2007,9.22,6.155,8.33,2.175,2.8925000000000005,11.5925,False,False,OK
E12000007,London,E09000010,Enfield,2007,8.17,6.155,8.33,2.175,2.8925000000000005,11.5925,False,False,OK
E12000007,London,E09000011,Greenwich,2007,7.53,6.155,8.33,2.175,2.8925000000000005,11.5925,False,False,OK
E12000007,London,E09000012,Hackney,2007,9.04,6.155,8.33,2.175,2.8925000000000005,11.5925,False,False,OK
E12000007,London,E09000013,Hammersmith and Fulham,2007,11.67,6.155,8.33,2.175,2.8925000000000005,11.5925,True,False,Statistical outlier
E12000007,London,E09000014,Haringey,2007,8.59,6.155,8.33,2.175,2.8925000000000005,11.5925,False,False,OK
E12000007,London,E09000015,Harrow,2007,9.4,6.155,8.33,2.175,2.8925000000000005,11.5925,False,False,OK
E12000007,London,E09000016,Havering,2007,7.52,6.155,8.33,2.175,2.8925000000000005,11.5925,False,False,OK
E12000007,London,E09000017,Hillingdon,2007,8.39,6.155,8.33,2.175,2.8925000000000005,11.5925,False,False,OK
E12000007,London,E09000018,Hounslow,2007,9.34,6.155,8.33,2.175,2.8925000000000005,11.5925,False,False,OK
E12000007,London,E09000019,Islington,2007,10.28,6.155,8.33,2.175,2.8925000000000005,11.5925,False,False,OK
E12000007,London,E09000020,Kensington and Chelsea,2007,15.48,6.155,8.33,2.175,2.8925000000000005,11.5925,True,False,Statistical outlier
E12000007,London,E09000021,Kingston upon Thames,2007,8.52,6.155,8.33,2.175,2.8925000000000005,11.5925,False,False,OK
E12000007,London,E09000022,Lambeth,2007,9.36,6.155,8.33,2.175,2.8925000000000005,11.5925,False,False,OK
E12000007,London,E09000023,Lewisham,2007,7.97,6.155,8.33,2.175,2.8925000000000005,11.5925,False,False,OK
E12000007,London,E09000024,Merton,2007,8.5,6.155,8.33,2.175,2.8925000000000005,11.5925,False,False,OK
E12000007,London,E09000025,Newham,2007,9.29,6.155,8.33,2.175,2.8925000000000005,11.5925,False,False,OK
E12000007,London,E09000026,Redbridge,2007,7.97,6.155,8.33,2.175,2.8925000000000005,11.5925,False,False,OK
E12000007,London,E09000027,Richmond upon Thames,2007,9.85,6.155,8.33,2.175,2.8925000000000005,11.5925,False,False,OK
E12000007,London,E09000028,Southwark,2007,8.86,6.155,8.33,2.175,2.8925000000000005,11.5925,False,False,OK
E12000007,London,E09000029,Sutton,2007,8.01,6.155,8.33,2.175,2.8925000000000005,11.5925,False,False,OK
E12000007,London,E09000030,Tower Hamlets,2007,8.48,6.155,8.33,2.175,2.8925000000000005,11.5925,False,False,OK
E12000007,London,E09000031,Waltham Forest,2007,8.37,6.155,8.33,2.175,2.8925000000000005,11.5925,False,False,OK
E12000007,London,E09000032,Wandsworth,2007,10.53,6.155,8.33,2.175,2.8925000000000005,11.5925,False,False,OK
E12000007,London,E09000033,Westminster,2007,12.86,6.155,8.33,2.175,2.8925000000000005,11.5925,True,False,Statistical outlier
E12000008,South East,E06000035,Medway,2007,6.26,6.155,8.33,2.175,2.8925000000000005,11.5925,False,False,OK
E12000008,South East,E06000036,Bracknell Forest,2007,7.29,6.155,8.33,2.175,2.8925000000000005,11.5925,False,False,OK
E12000008,South East,E06000037,West Berkshire,2007,8.56,6.155,8.33,2.175,2.8925000000000005,11.5925,False,False,OK
E12000008,South East,E06000038,Reading,2007,7.33,6.155,8.33,2.175,2.8925000000000005,11.5925,False,False,OK
E12000008,South East,E06000039,Slough,2007,7.73,6.155,8.33,2.175,2.8925000000000005,11.5925,False,False,OK
E12000008,South East,E06000040,Windsor and Maidenhead,2007,9.13,6.155,8.33,2.175,2.8925000000000005,11.5925,False,False,OK
E12000008,South East,E06000041,Wokingham,2007,8.24,6.155,8.33,2.175,2.8925000000000005,11.5925,False,False,OK
E12000008,South East,E06000042,Milton Keynes,2007,6.86,6.155,8.33,2.175,2.8925000000000005,11.5925,False,False,OK
E12000008,South East,E06000043,Brighton and Hove,2007,8.84,6.155,8.33,2.175,2.8925000000000005,11.5925,False,False,OK
E12000008,South East,E06000044,Portsmouth,2007,7.11,6.155,8.33,2.175,2.8925000000000005,11.5925,False,False,OK
E12000008,South East,E06000045,Southampton,2007,7.33,6.155,8.33,2.175,2.8925000000000005,11.5925,False,False,OK
E12000008,South East,E06000046,Isle of Wight,2007,7.78,6.155,8.33,2.175,2.8925000000000005,11.5925,False,False,OK
E12000008,South East,E06000060,Buckinghamshire,2007,8.75,6.155,8.33,2.175,2.8925000000000005,11.5925,False,False,OK
E12000008,South East,E07000061,Eastbourne,2007,7.57,6.155,8.33,2.175,2.8925000000000005,11.5925,False,False,OK
E12000008,South East,E07000062,Hastings,2007,7.99,6.155,8.33,2.175,2.8925000000000005,11.5925,False,False,OK
E12000008,South East,E07000063,Lewes,2007,9.56,6.155,8.33,2.175,2.8925000000000005,11.5925,False,False,OK
E12000008,South East,E07000064,Rother,2007,8.33,6.155,8.33,2.175,2.8925000000000005,11.5925,False,False,OK
E12000008,South East,E07000065,Wealden,2007,8.69,6.155,8.33,2.175,2.8925000000000005,11.5925,False,False,OK
E12000008,South East,E07000084,Basingstoke and Deane,2007,7.59,6.155,8.33,2.175,2.8925000000000005,11.5925,False,False,OK
E12000008,South East,E07000085,East Hampshire,2007,8.35,6.155,8.33,2.175,2.8925000000000005,11.5925,False,False,OK
E12000008,South East,E07000086,Eastleigh,2007,7.52,6.155,8.33,2.175,2.8925000000000005,11.5925,False,False,OK
E12000008,South East,E07000087,Fareham,2007,7.87,6.155,8.33,2.175,2.8925000000000005,11.5925,False,False,OK
E12000008,South East,E07000088,Gosport,2007,6.44,6.155,8.33,2.175,2.8925000000000005,11.5925,False,False,OK
E12000008,South East,E07000089,Hart,2007,7.75,6.155,8.33,2.175,2.8925000000000005,11.5925,False,False,OK
E12000008,South East,E07000090,Havant,2007,8.11,6.155,8.33,2.175,2.8925000000000005,11.5925,False,False,OK
E12000008,South East,E07000091,New Forest,2007,9.9,6.155,8.33,2.175,2.8925000000000005,11.5925,False,False,OK
E12000008,South East,E07000092,Rushmoor,2007,7.2,6.155,8.33,2.175,2.8925000000000005,11.5925,False,False,OK
E12000008,South East,E07000093,Test Valley,2007,8.9,6.155,8.33,2.175,2.8925000000000005,11.5925,False,False,OK
E12000008,South East,E07000094,Winchester,2007,9.11,6.155,8.33,2.175,2.8925000000000005,11.5925,False,False,OK
E12000008,South East,E07000105,Ashford,2007,8.44,6.155,8.33,2.175,2.8925000000000005,11.5925,False,False,OK
E12000008,South East,E07000106,Canterbury,2007,8.56,6.155,8.33,2.175,2.8925000000000005,11.5925,False,False,OK
E12000008,South East,E07000107,Dartford,2007,6.85,6.155,8.33,2.175,2.8925000000000005,11.5925,False,False,OK
E12000008,South East,E07000108,Dover,2007,6.9,6.155,8.33,2.175,2.8925000000000005,11.5925,False,False,OK
E12000008,South East,E07000109,Gravesham,2007,6.91,6.155,8.33,2.175,2.8925000000000005,11.5925,False,False,OK
E12000008,South East,E07000110,Maidstone,2007,7.53,6.155,8.33,2.175,2.8925000000000005,11.5925,False,False,OK
E12000008,South East,E07000111,Sevenoaks,2007,8.15,6.155,8.33,2.175,2.8925000000000005,11.5925,False,False,OK
E12000008,South East,E07000112,Folkestone and Hythe,2007,8.38,6.155,8.33,2.175,2.8925000000000005,11.5925,False,False,OK
E12000008,South East,E07000113,Swale,2007,6.59,6.155,8.33,2.175,2.8925000000000005,11.5925,False,False,OK
E12000008,South East,E07000114,Thanet,2007,7.0,6.155,8.33,2.175,2.8925000000000005,11.5925,False,False,OK
E12000008,South East,E07000115,Tonbridge and Malling,2007,8.7,6.155,8.33,2.175,2.8925000000000005,11.5925,False,False,OK
E12000008,South East,E07000116,Tunbridge Wells,2007,8.92,6.155,8.33,2.175,2.8925000000000005,11.5925,False,False,OK
E12000008,South East,E07000177,Cherwell,2007,8.14,6.155,8.33,2.175,2.8925000000000005,11.5925,False,False,OK
E12000008,South East,E07000178,Oxford,2007,9.88,6.155,8.33,2.175,2.8925000000000005,11.5925,False,False,OK
E12000008,South East,E07000179,South Oxfordshire,2007,8.73,6.155,8.33,2.175,2.8925000000000005,11.5925,False,False,OK
E12000008,South East,E07000180,Vale of White Horse,2007,8.04,6.155,8.33,2.175,2.8925000000000005,11.5925,False,False,OK
E12000008,South East,E07000181,West Oxfordshire,2007,8.82,6.155,8.33,2.175,2.8925000000000005,11.5925,False,False,OK
E12000008,South East,E07000207,Elmbridge,2007,8.79,6.155,8.33,2.175,2.8925000000000005,11.5925,False,False,OK
E12000008,South East,E07000208,Epsom and Ewell,2007,10.05,6.155,8.33,2.175,2.8925000000000005,11.5925,False,False,OK
E12000008,South East,E07000209,Guildford,2007,9.41,6.155,8.33,2.175,2.8925000000000005,11.5925,False,False,OK
E12000008,South East,E07000210,Mole Valley,2007,9.38,6.155,8.33,2.175,2.8925000000000005,11.5925,False,False,OK
E12000008,South East,E07000211,Reigate and Banstead,2007,7.9,6.155,8.33,2.175,2.8925000000000005,11.5925,False,False,OK
E12000008,South East,E07000212,Runnymede,2007,8.95,6.155,8.33,2.175,2.8925000000000005,11.5925,False,False,OK
E12000008,South East,E07000213,Spelthorne,2007,7.57,6.155,8.33,2.175,2.8925000000000005,11.5925,False,False,OK
E12000008,South East,E07000214,Surrey Heath,2007,7.63,6.155,8.33,2.175,2.8925000000000005,11.5925,False,False,OK
E12000008,South East,E07000215,Tandridge,2007,8.82,6.155,8.33,2.175,2.8925000000000005,11.5925,False,False,OK
E12000008,South East,E07000216,Waverley,2007,8.59,6.155,8.33,2.175,2.8925000000000005,11.5925,False,False,OK
E12000008,South East,E07000217,Woking,2007,8.59,6.155,8.33,2.175,2.8925000000000005,11.5925,False,False,OK
E12000008,South East,E07000223,Adur,2007,9.57,6.155,8.33,2.175,2.8925000000000005,11.5925,False,False,OK
E12000008,South East,E07000224,Arun,2007,9.56,6.155,8.33,2.175,2.8925000000000005,11.5925,False,False,OK
E12000008,South East,E07000225,Chichester,2007,10.3,6.155,8.33,2.175,2.8925000000000005,11.5925,False,False,OK
E12000008,South East,E07000226,Crawley,2007,7.92,6.155,8.33,2.175,2.8925000000000005,11.5925,False,False,OK
E12000008,South East,E07000227,Horsham,2007,8.21,6.155,8.33,2.175,2.8925000000000005,11.5925,False,False,OK
E12000008,South East,E07000228,Mid Sussex,2007,8.8,6.155,8.33,2.175,2.8925000000000005,11.5925,False,False,OK
E12000008,South East,E07000229,Worthing,2007,8.34,6.155,8.33,2.175,2.8925000000000005,11.5925,False,False,OK
E12000009,South West,E06000022,Bath and North East Somerset,2007,9.21,6.155,8.33,2.175,2.8925000000000005,11.5925,False,False,OK
E12000009,South West,E06000023,"Bristol, City of",2007,7.53,6.155,8.33,2.175,2.8925000000000005,11.5925,False,False,OK
E12000009,South West,E06000024,North Somerset,2007,6.92,6.155,8.33,2.175,2.8925000000000005,11.5925,False,False,OK
E12000009,South West,E06000025,South Gloucestershire,2007,7.41,6.155,8.33,2.175,2.8925000000000005,11.5925,False,False,OK
E12000009,South West,E06000026,Plymouth,2007,7.14,6.155,8.33,2.175,2.8925000000000005,11.5925,False,False,OK
E12000009,South West,E06000027,Torbay,2007,8.8,6.155,8.33,2.175,2.8925000000000005,11.5925,False,False,OK
E12000009,South West,E06000030,Swindon,2007,6.18,6.155,8.33,2.175,2.8925000000000005,11.5925,False,False,OK
E12000009,South West,E06000052,Cornwall,2007,9.64,6.155,8.33,2.175,2.8925000000000005,11.5925,False,False,OK
E12000009,South West,E06000053,Isles of Scilly,2007,,6.155,8.33,2.175,2.8925000000000005,11.5925,False,True,Missing ratio value
E12000009,South West,E06000054,Wiltshire,2007,8.01,6.155,8.33,2.175,2.8925000000000005,11.5925,False,False,OK
E12000009,South West,E06000058,"Bournemouth, Christchurch and Poole",2007,8.92,6.155,8.33,2.175,2.8925000000000005,11.5925,False,False,OK
E12000009,South West,E06000059,Dorset,2007,10.16,6.155,8.33,2.175,2.8925000000000005,11.5925,False,False,OK
E12000009,South West,E06000066,Somerset,2007,7.99,6.155,8.33,2.175,2.8925000000000005,11.5925,False,False,OK
E12000009,South West,E07000040,East Devon,2007,10.08,6.155,8.33,2.175,2.8925000000000005,11.5925,False,False,OK
E12000009,South West,E07000041,Exeter,2007,8.83,6.155,8.33,2.175,2.8925000000000005,11.5925,False,False,OK
E12000009,South West,E07000042,Mid Devon,2007,9.3,6.155,8.33,2.175,2.8925000000000005,11.5925,False,False,OK
E12000009,South West,E07000043,North Devon,2007,11.15,6.155,8.33,2.175,2.8925000000000005,11.5925,False,False,OK
E12000009,South West,E07000044,South Hams,2007,9.18,6.155,8.33,2.175,2.8925000000000005,11.5925,False,False,OK
E12000009,South West,E07000045,Teignbridge,2007,9.49,6.155,8.33,2.175,2.8925000000000005,11.5925,False,False,OK
E12000009,South West,E07000046,Torridge,2007,9.29,6.155,8.33,2.175,2.8925000000000005,11.5925,False,False,OK
E12000009,South West,E07000047,West Devon,2007,10.21,6.155,8.33,2.175,2.8925000000000005,11.5925,False,False,OK
E12000009,South West,E07000078,Cheltenham,2007,7.17,6.155,8.33,2.175,2.8925000000000005,11.5925,False,False,OK
E12000009,South West,E07000079,Cotswold,2007,9.87,6.155,8.33,2.175,2.8925000000000005,11.5925,False,False,OK
E12000009,South West,E07000080,Forest of Dean,2007,6.92,6.155,8.33,2.175,2.8925000000000005,11.5925,False,False,OK
E12000009,South West,E07000081,Gloucester,2007,7.11,6.155,8.33,2.175,2.8925000000000005,11.5925,False,False,OK
E12000009,South West,E07000082,Stroud,2007,8.29,6.155,8.33,2.175,2.8925000000000005,11.5925,False,False,OK
E12000009,South West,E07000083,Tewkesbury,2007,8.04,6.155,8.33,2.175,2.8925000000000005,11.5925,False,False,OK
W92000004,Wales,W06000001,Isle of Anglesey,2007,7.93,6.155,8.33,2.175,2.8925000000000005,11.5925,False,False,OK
W92000004,Wales,W06000002,Gwynedd,2007,6.95,6.155,8.33,2.175,2.8925000000000005,11.5925,False,False,OK
W92000004,Wales,W06000003,Conwy,2007,7.01,6.155,8.33,2.175,2.8925000000000005,11.5925,False,False,OK
W92000004,Wales,W06000004,Denbighshire,2007,6.59,6.155,8.33,2.175,2.8925000000000005,11.5925,False,False,OK
W92000004,Wales,W06000005,Flintshire,2007,6.37,6.155,8.33,2.175,2.8925000000000005,11.5925,False,False,OK
W92000004,Wales,W06000006,Wrexham,2007,6.02,6.155,8.33,2.175,2.8925000000000005,11.5925,False,False,OK
W92000004,Wales,W06000008,Ceredigion,2007,9.6,6.155,8.33,2.175,2.8925000000000005,11.5925,False,False,OK
W92000004,Wales,W06000009,Pembrokeshire,2007,7.92,6.155,8.33,2.175,2.8925000000000005,11.5925,False,False,OK
W92000004,Wales,W06000010,Carmarthenshire,2007,6.42,6.155,8.33,2.175,2.8925000000000005,11.5925,False,False,OK
W92000004,Wales,W06000011,Swansea,2007,6.16,6.155,8.33,2.175,2.8925000000000005,11.5925,False,False,OK
W92000004,Wales,W06000012,Neath Port Talbot,2007,4.67,6.155,8.33,2.175,2.8925000000000005,11.5925,False,False,OK
W92000004,Wales,W06000013,Bridgend,2007,5.67,6.155,8.33,2.175,2.8925000000000005,11.5925,False,False,OK
W92000004,Wales,W06000014,Vale of Glamorgan,2007,6.78,6.155,8.33,2.175,2.8925000000000005,11.5925,False,False,OK
W92000004,Wales,W06000015,Cardiff,2007,6.96,6.155,8.33,2.175,2.8925000000000005,11.5925,False,False,OK
W92000004,Wales,W06000016,Rhondda Cynon Taf,2007,4.71,6.155,8.33,2.175,2.8925000000000005,11.5925,False,False,OK
W92000004,Wales,W06000018,Caerphilly,2007,5.61,6.155,8.33,2.175,2.8925000000000005,11.5925,False,False,OK
W92000004,Wales,W06000019,Blaenau Gwent,2007,4.51,6.155,8.33,2.175,2.8925000000000005,11.5925,False,False,OK
W92000004,Wales,W06000020,Torfaen,2007,5.04,6.155,8.33,2.175,2.8925000000000005,11.5925,False,False,OK
W92000004,Wales,W06000021,Monmouthshire,2007,7.33,6.155,8.33,2.175,2.8925000000000005,11.5925,False,False,OK
W92000004,Wales,W06000022,Newport,2007,6.17,6.155,8.33,2.175,2.8925000000000005,11.5925,False,False,OK
W92000004,Wales,W06000023,Powys,2007,7.9,6.155,8.33,2.175,2.8925000000000005,11.5925,False,False,OK
W92000004,Wales,W06000024,Merthyr Tydfil,2007,4.82,6.155,8.33,2.175,2.8925000000000005,11.5925,False,False,OK
E12000001,North East,E06000001,Hartlepool,2008,4.7,5.92,8.1075,2.1875,2.63875,11.38875,False,False,OK
E12000001,North East,E06000002,Middlesbrough,2008,4.58,5.92,8.1075,2.1875,2.63875,11.38875,False,False,OK
E12000001,North East,E06000003,Redcar and Cleveland,2008,5.71,5.92,8.1075,2.1875,2.63875,11.38875,False,False,OK
E12000001,North East,E06000004,Stockton-on-Tees,2008,5.44,5.92,8.1075,2.1875,2.63875,11.38875,False,False,OK
E12000001,North East,E06000005,Darlington,2008,5.88,5.92,8.1075,2.1875,2.63875,11.38875,False,False,OK
E12000001,North East,E06000047,County Durham,2008,5.12,5.92,8.1075,2.1875,2.63875,11.38875,False,False,OK
E12000001,North East,E06000057,Northumberland,2008,6.39,5.92,8.1075,2.1875,2.63875,11.38875,False,False,OK
E12000001,North East,E08000021,Newcastle upon Tyne,2008,6.52,5.92,8.1075,2.1875,2.63875,11.38875,False,False,OK
E12000001,North East,E08000022,North Tyneside,2008,5.92,5.92,8.1075,2.1875,2.63875,11.38875,False,False,OK
E12000001,North East,E08000023,South Tyneside,2008,5.31,5.92,8.1075,2.1875,2.63875,11.38875,False,False,OK
E12000001,North East,E08000024,Sunderland,2008,5.39,5.92,8.1075,2.1875,2.63875,11.38875,False,False,OK
E12000001,North East,E08000037,Gateshead,2008,5.73,5.92,8.1075,2.1875,2.63875,11.38875,False,False,OK
E12000002,North West,E06000006,Halton,2008,5.25,5.92,8.1075,2.1875,2.63875,11.38875,False,False,OK
E12000002,North West,E06000007,Warrington,2008,5.49,5.92,8.1075,2.1875,2.63875,11.38875,False,False,OK
E12000002,North West,E06000008,Blackburn with Darwen,2008,4.99,5.92,8.1075,2.1875,2.63875,11.38875,False,False,OK
E12000002,North West,E06000009,Blackpool,2008,6.16,5.92,8.1075,2.1875,2.63875,11.38875,False,False,OK
E12000002,North West,E06000049,Cheshire East,2008,6.63,5.92,8.1075,2.1875,2.63875,11.38875,False,False,OK
E12000002,North West,E06000050,Cheshire West and Chester,2008,6.25,5.92,8.1075,2.1875,2.63875,11.38875,False,False,OK
E12000002,North West,E06000063,Cumberland,2008,5.04,5.92,8.1075,2.1875,2.63875,11.38875,False,False,OK
E12000002,North West,E06000064,Westmorland and Furness,2008,6.92,5.92,8.1075,2.1875,2.63875,11.38875,False,False,OK
E12000002,North West,E07000117,Burnley,2008,3.71,5.92,8.1075,2.1875,2.63875,11.38875,False,False,OK
E12000002,North West,E07000118,Chorley,2008,5.95,5.92,8.1075,2.1875,2.63875,11.38875,False,False,OK
E12000002,North West,E07000119,Fylde,2008,6.1,5.92,8.1075,2.1875,2.63875,11.38875,False,False,OK
E12000002,North West,E07000120,Hyndburn,2008,5.05,5.92,8.1075,2.1875,2.63875,11.38875,False,False,OK
E12000002,North West,E07000121,Lancaster,2008,5.37,5.92,8.1075,2.1875,2.63875,11.38875,False,False,OK
E12000002,North West,E07000122,Pendle,2008,4.31,5.92,8.1075,2.1875,2.63875,11.38875,False,False,OK
E12000002,North West,E07000123,Preston,2008,5.58,5.92,8.1075,2.1875,2.63875,11.38875,False,False,OK
E12000002,North West,E07000124,Ribble Valley,2008,7.32,5.92,8.1075,2.1875,2.63875,11.38875,False,False,OK
E12000002,North West,E07000125,Rossendale,2008,4.83,5.92,8.1075,2.1875,2.63875,11.38875,False,False,OK
E12000002,North West,E07000126,South Ribble,2008,5.58,5.92,8.1075,2.1875,2.63875,11.38875,False,False,OK
E12000002,North West,E07000127,West Lancashire,2008,6.45,5.92,8.1075,2.1875,2.63875,11.38875,False,False,OK
E12000002,North West,E07000128,Wyre,2008,6.44,5.92,8.1075,2.1875,2.63875,11.38875,False,False,OK
E12000002,North West,E08000001,Bolton,2008,5.33,5.92,8.1075,2.1875,2.63875,11.38875,False,False,OK
E12000002,North West,E08000002,Bury,2008,5.1,5.92,8.1075,2.1875,2.63875,11.38875,False,False,OK
E12000002,North West,E08000003,Manchester,2008,5.92,5.92,8.1075,2.1875,2.63875,11.38875,False,False,OK
E12000002,North West,E08000004,Oldham,2008,5.32,5.92,8.1075,2.1875,2.63875,11.38875,False,False,OK
E12000002,North West,E08000005,Rochdale,2008,4.76,5.92,8.1075,2.1875,2.63875,11.38875,False,False,OK
E12000002,North West,E08000006,Salford,2008,5.46,5.92,8.1075,2.1875,2.63875,11.38875,False,False,OK
E12000002,North West,E08000007,Stockport,2008,6.79,5.92,8.1075,2.1875,2.63875,11.38875,False,False,OK
E12000002,North West,E08000008,Tameside,2008,5.58,5.92,8.1075,2.1875,2.63875,11.38875,False,False,OK
E12000002,North West,E08000009,Trafford,2008,6.6,5.92,8.1075,2.1875,2.63875,11.38875,False,False,OK
E12000002,North West,E08000010,Wigan,2008,5.18,5.92,8.1075,2.1875,2.63875,11.38875,False,False,OK
E12000002,North West,E08000011,Knowsley,2008,5.59,5.92,8.1075,2.1875,2.63875,11.38875,False,False,OK
E12000002,North West,E08000012,Liverpool,2008,5.23,5.92,8.1075,2.1875,2.63875,11.38875,False,False,OK
E12000002,North West,E08000013,St. Helens,2008,5.26,5.92,8.1075,2.1875,2.63875,11.38875,False,False,OK
E12000002,North West,E08000014,Sefton,2008,6.19,5.92,8.1075,2.1875,2.63875,11.38875,False,False,OK
E12000002,North West,E08000015,Wirral,2008,5.8,5.92,8.1075,2.1875,2.63875,11.38875,False,False,OK
E12000003,Yorkshire and The Humber,E06000010,"Kingston upon Hull, City of",2008,4.37,5.92,8.1075,2.1875,2.63875,11.38875,False,False,OK
E12000003,Yorkshire and The Humber,E06000011,East Riding of Yorkshire,2008,5.47,5.92,8.1075,2.1875,2.63875,11.38875,False,False,OK
E12000003,Yorkshire and The Humber,E06000012,North East Lincolnshire,2008,5.03,5.92,8.1075,2.1875,2.63875,11.38875,False,False,OK
E12000003,Yorkshire and The Humber,E06000013,North Lincolnshire,2008,4.99,5.92,8.1075,2.1875,2.63875,11.38875,False,False,OK
E12000003,Yorkshire and The Humber,E06000014,York,2008,7.05,5.92,8.1075,2.1875,2.63875,11.38875,False,False,OK
E12000003,Yorkshire and The Humber,E06000065,North Yorkshire,2008,7.79,5.92,8.1075,2.1875,2.63875,11.38875,False,False,OK
E12000003,Yorkshire and The Humber,E08000017,Doncaster,2008,5.04,5.92,8.1075,2.1875,2.63875,11.38875,False,False,OK
E12000003,Yorkshire and The Humber,E08000018,Rotherham,2008,5.54,5.92,8.1075,2.1875,2.63875,11.38875,False,False,OK
E12000003,Yorkshire and The Humber,E08000032,Bradford,2008,6.08,5.92,8.1075,2.1875,2.63875,11.38875,False,False,OK
E12000003,Yorkshire and The Humber,E08000033,Calderdale,2008,5.18,5.92,8.1075,2.1875,2.63875,11.38875,False,False,OK
E12000003,Yorkshire and The Humber,E08000034,Kirklees,2008,5.32,5.92,8.1075,2.1875,2.63875,11.38875,False,False,OK
E12000003,Yorkshire and The Humber,E08000035,Leeds,2008,6.11,5.92,8.1075,2.1875,2.63875,11.38875,False,False,OK
E12000003,Yorkshire and The Humber,E08000036,Wakefield,2008,5.49,5.92,8.1075,2.1875,2.63875,11.38875,False,False,OK
E12000003,Yorkshire and The Humber,E08000038,Barnsley,2008,4.88,5.92,8.1075,2.1875,2.63875,11.38875,False,False,OK
E12000003,Yorkshire and The Humber,E08000039,Sheffield,2008,5.45,5.92,8.1075,2.1875,2.63875,11.38875,False,False,OK
E12000004,East Midlands,E06000015,Derby,2008,5.12,5.92,8.1075,2.1875,2.63875,11.38875,False,False,OK
E12000004,East Midlands,E06000016,Leicester,2008,6.32,5.92,8.1075,2.1875,2.63875,11.38875,False,False,OK
E12000004,East Midlands,E06000017,Rutland,2008,8.77,5.92,8.1075,2.1875,2.63875,11.38875,False,False,OK
E12000004,East Midlands,E06000018,Nottingham,2008,5.29,5.92,8.1075,2.1875,2.63875,11.38875,False,False,OK
E12000004,East Midlands,E06000061,North Northamptonshire,2008,6.24,5.92,8.1075,2.1875,2.63875,11.38875,False,False,OK
E12000004,East Midlands,E06000062,West Northamptonshire,2008,6.31,5.92,8.1075,2.1875,2.63875,11.38875,False,False,OK
E12000004,East Midlands,E07000032,Amber Valley,2008,5.65,5.92,8.1075,2.1875,2.63875,11.38875,False,False,OK
E12000004,East Midlands,E07000033,Bolsover,2008,5.16,5.92,8.1075,2.1875,2.63875,11.38875,False,False,OK
E12000004,East Midlands,E07000034,Chesterfield,2008,5.34,5.92,8.1075,2.1875,2.63875,11.38875,False,False,OK
E12000004,East Midlands,E07000035,Derbyshire Dales,2008,7.1,5.92,8.1075,2.1875,2.63875,11.38875,False,False,OK
E12000004,East Midlands,E07000036,Erewash,2008,5.16,5.92,8.1075,2.1875,2.63875,11.38875,False,False,OK
E12000004,East Midlands,E07000037,High Peak,2008,6.35,5.92,8.1075,2.1875,2.63875,11.38875,False,False,OK
E12000004,East Midlands,E07000038,North East Derbyshire,2008,6.05,5.92,8.1075,2.1875,2.63875,11.38875,False,False,OK
E12000004,East Midlands,E07000039,South Derbyshire,2008,5.85,5.92,8.1075,2.1875,2.63875,11.38875,False,False,OK
E12000004,East Midlands,E07000129,Blaby,2008,6.13,5.92,8.1075,2.1875,2.63875,11.38875,False,False,OK
E12000004,East Midlands,E07000130,Charnwood,2008,6.28,5.92,8.1075,2.1875,2.63875,11.38875,False,False,OK
E12000004,East Midlands,E07000131,Harborough,2008,7.08,5.92,8.1075,2.1875,2.63875,11.38875,False,False,OK
E12000004,East Midlands,E07000132,Hinckley and Bosworth,2008,6.26,5.92,8.1075,2.1875,2.63875,11.38875,False,False,OK
E12000004,East Midlands,E07000133,Melton,2008,6.36,5.92,8.1075,2.1875,2.63875,11.38875,False,False,OK
E12000004,East Midlands,E07000134,North West Leicestershire,2008,5.94,5.92,8.1075,2.1875,2.63875,11.38875,False,False,OK
E12000004,East Midlands,E07000135,Oadby and Wigston,2008,6.4,5.92,8.1075,2.1875,2.63875,11.38875,False,False,OK
E12000004,East Midlands,E07000136,Boston,2008,6.2,5.92,8.1075,2.1875,2.63875,11.38875,False,False,OK
E12000004,East Midlands,E07000137,East Lindsey,2008,6.94,5.92,8.1075,2.1875,2.63875,11.38875,False,False,OK
E12000004,East Midlands,E07000138,Lincoln,2008,5.88,5.92,8.1075,2.1875,2.63875,11.38875,False,False,OK
E12000004,East Midlands,E07000139,North Kesteven,2008,7.23,5.92,8.1075,2.1875,2.63875,11.38875,False,False,OK
E12000004,East Midlands,E07000140,South Holland,2008,6.68,5.92,8.1075,2.1875,2.63875,11.38875,False,False,OK
E12000004,East Midlands,E07000141,South Kesteven,2008,6.63,5.92,8.1075,2.1875,2.63875,11.38875,False,False,OK
E12000004,East Midlands,E07000142,West Lindsey,2008,6.6,5.92,8.1075,2.1875,2.63875,11.38875,False,False,OK
E12000004,East Midlands,E07000170,Ashfield,2008,5.58,5.92,8.1075,2.1875,2.63875,11.38875,False,False,OK
E12000004,East Midlands,E07000171,Bassetlaw,2008,5.16,5.92,8.1075,2.1875,2.63875,11.38875,False,False,OK
E12000004,East Midlands,E07000172,Broxtowe,2008,5.25,5.92,8.1075,2.1875,2.63875,11.38875,False,False,OK
E12000004,East Midlands,E07000173,Gedling,2008,5.2,5.92,8.1075,2.1875,2.63875,11.38875,False,False,OK
E12000004,East Midlands,E07000174,Mansfield,2008,5.06,5.92,8.1075,2.1875,2.63875,11.38875,False,False,OK
E12000004,East Midlands,E07000175,Newark and Sherwood,2008,6.54,5.92,8.1075,2.1875,2.63875,11.38875,False,False,OK
E12000004,East Midlands,E07000176,Rushcliffe,2008,6.07,5.92,8.1075,2.1875,2.63875,11.38875,False,False,OK
E12000005,West Midlands,E06000019,"Herefordshire, County of",2008,8.76,5.92,8.1075,2.1875,2.63875,11.38875,False,False,OK
E12000005,West Midlands,E06000020,Telford and Wrekin,2008,5.92,5.92,8.1075,2.1875,2.63875,11.38875,False,False,OK
E12000005,West Midlands,E06000021,Stoke-on-Trent,2008,4.46,5.92,8.1075,2.1875,2.63875,11.38875,False,False,OK
E12000005,West Midlands,E06000051,Shropshire,2008,7.58,5.92,8.1075,2.1875,2.63875,11.38875,False,False,OK
E12000005,West Midlands,E07000192,Cannock Chase,2008,5.29,5.92,8.1075,2.1875,2.63875,11.38875,False,False,OK
E12000005,West Midlands,E07000193,East Staffordshire,2008,5.9,5.92,8.1075,2.1875,2.63875,11.38875,False,False,OK
E12000005,West Midlands,E07000194,Lichfield,2008,7.43,5.92,8.1075,2.1875,2.63875,11.38875,False,False,OK
E12000005,West Midlands,E07000195,Newcastle-under-Lyme,2008,5.38,5.92,8.1075,2.1875,2.63875,11.38875,False,False,OK
E12000005,West Midlands,E07000196,South Staffordshire,2008,6.8,5.92,8.1075,2.1875,2.63875,11.38875,False,False,OK
E12000005,West Midlands,E07000197,Stafford,2008,6.58,5.92,8.1075,2.1875,2.63875,11.38875,False,False,OK
E12000005,West Midlands,E07000198,Staffordshire Moorlands,2008,5.54,5.92,8.1075,2.1875,2.63875,11.38875,False,False,OK
E12000005,West Midlands,E07000199,Tamworth,2008,5.11,5.92,8.1075,2.1875,2.63875,11.38875,False,False,OK
E12000005,West Midlands,E07000218,North Warwickshire,2008,5.89,5.92,8.1075,2.1875,2.63875,11.38875,False,False,OK
E12000005,West Midlands,E07000219,Nuneaton and Bedworth,2008,5.16,5.92,8.1075,2.1875,2.63875,11.38875,False,False,OK
E12000005,West Midlands,E07000220,Rugby,2008,6.21,5.92,8.1075,2.1875,2.63875,11.38875,False,False,OK
E12000005,West Midlands,E07000221,Stratford-on-Avon,2008,7.6,5.92,8.1075,2.1875,2.63875,11.38875,False,False,OK
E12000005,West Midlands,E07000222,Warwick,2008,7.44,5.92,8.1075,2.1875,2.63875,11.38875,False,False,OK
E12000005,West Midlands,E07000234,Bromsgrove,2008,7.07,5.92,8.1075,2.1875,2.63875,11.38875,False,False,OK
E12000005,West Midlands,E07000235,Malvern Hills,2008,7.15,5.92,8.1075,2.1875,2.63875,11.38875,False,False,OK
E12000005,West Midlands,E07000236,Redditch,2008,7.14,5.92,8.1075,2.1875,2.63875,11.38875,False,False,OK
E12000005,West Midlands,E07000237,Worcester,2008,6.63,5.92,8.1075,2.1875,2.63875,11.38875,False,False,OK
E12000005,West Midlands,E07000238,Wychavon,2008,9.05,5.92,8.1075,2.1875,2.63875,11.38875,False,False,OK
E12000005,West Midlands,E07000239,Wyre Forest,2008,6.93,5.92,8.1075,2.1875,2.63875,11.38875,False,False,OK
E12000005,West Midlands,E08000025,Birmingham,2008,5.92,5.92,8.1075,2.1875,2.63875,11.38875,False,False,OK
E12000005,West Midlands,E08000026,Coventry,2008,5.54,5.92,8.1075,2.1875,2.63875,11.38875,False,False,OK
E12000005,West Midlands,E08000027,Dudley,2008,5.86,5.92,8.1075,2.1875,2.63875,11.38875,False,False,OK
E12000005,West Midlands,E08000028,Sandwell,2008,5.65,5.92,8.1075,2.1875,2.63875,11.38875,False,False,OK
E12000005,West Midlands,E08000029,Solihull,2008,7.17,5.92,8.1075,2.1875,2.63875,11.38875,False,False,OK
E12000005,West Midlands,E08000030,Walsall,2008,5.59,5.92,8.1075,2.1875,2.63875,11.38875,False,False,OK
E12000005,West Midlands,E08000031,Wolverhampton,2008,5.49,5.92,8.1075,2.1875,2.63875,11.38875,False,False,OK
E12000006,East of England,E06000031,Peterborough,2008,6.23,5.92,8.1075,2.1875,2.63875,11.38875,False,False,OK
E12000006,East of England,E06000032,Luton,2008,6.72,5.92,8.1075,2.1875,2.63875,11.38875,False,False,OK
E12000006,East of England,E06000033,Southend-on-Sea,2008,7.0,5.92,8.1075,2.1875,2.63875,11.38875,False,False,OK
E12000006,East of England,E06000034,Thurrock,2008,6.32,5.92,8.1075,2.1875,2.63875,11.38875,False,False,OK
E12000006,East of England,E06000055,Bedford,2008,6.34,5.92,8.1075,2.1875,2.63875,11.38875,False,False,OK
E12000006,East of England,E06000056,Central Bedfordshire,2008,6.87,5.92,8.1075,2.1875,2.63875,11.38875,False,False,OK
E12000006,East of England,E07000008,Cambridge,2008,8.52,5.92,8.1075,2.1875,2.63875,11.38875,False,False,OK
E12000006,East of England,E07000009,East Cambridgeshire,2008,7.55,5.92,8.1075,2.1875,2.63875,11.38875,False,False,OK
E12000006,East of England,E07000010,Fenland,2008,6.65,5.92,8.1075,2.1875,2.63875,11.38875,False,False,OK
E12000006,East of England,E07000011,Huntingdonshire,2008,6.89,5.92,8.1075,2.1875,2.63875,11.38875,False,False,OK
E12000006,East of England,E07000012,South Cambridgeshire,2008,7.74,5.92,8.1075,2.1875,2.63875,11.38875,False,False,OK
E12000006,East of England,E07000066,Basildon,2008,6.85,5.92,8.1075,2.1875,2.63875,11.38875,False,False,OK
E12000006,East of England,E07000067,Braintree,2008,7.03,5.92,8.1075,2.1875,2.63875,11.38875,False,False,OK
E12000006,East of England,E07000068,Brentwood,2008,6.9,5.92,8.1075,2.1875,2.63875,11.38875,False,False,OK
E12000006,East of England,E07000069,Castle Point,2008,7.29,5.92,8.1075,2.1875,2.63875,11.38875,False,False,OK
E12000006,East of England,E07000070,Chelmsford,2008,7.65,5.92,8.1075,2.1875,2.63875,11.38875,False,False,OK
E12000006,East of England,E07000071,Colchester,2008,6.65,5.92,8.1075,2.1875,2.63875,11.38875,False,False,OK
E12000006,East of England,E07000072,Epping Forest,2008,9.72,5.92,8.1075,2.1875,2.63875,11.38875,False,False,OK
E12000006,East of England,E07000073,Harlow,2008,7.37,5.92,8.1075,2.1875,2.63875,11.38875,False,False,OK
E12000006,East of England,E07000074,Maldon,2008,7.95,5.92,8.1075,2.1875,2.63875,11.38875,False,False,OK
E12000006,East of England,E07000075,Rochford,2008,7.6,5.92,8.1075,2.1875,2.63875,11.38875,False,False,OK
E12000006,East of England,E07000076,Tendring,2008,6.97,5.92,8.1075,2.1875,2.63875,11.38875,False,False,OK
E12000006,East of England,E07000077,Uttlesford,2008,9.07,5.92,8.1075,2.1875,2.63875,11.38875,False,False,OK
E12000006,East of England,E07000095,Broxbourne,2008,7.88,5.92,8.1075,2.1875,2.63875,11.38875,False,False,OK
E12000006,East of England,E07000096,Dacorum,2008,8.38,5.92,8.1075,2.1875,2.63875,11.38875,False,False,OK
E12000006,East of England,E07000098,Hertsmere,2008,9.4,5.92,8.1075,2.1875,2.63875,11.38875,False,False,OK
E12000006,East of England,E07000099,North Hertfordshire,2008,7.22,5.92,8.1075,2.1875,2.63875,11.38875,False,False,OK
E12000006,East of England,E07000102,Three Rivers,2008,8.69,5.92,8.1075,2.1875,2.63875,11.38875,False,False,OK
E12000006,East of England,E07000103,Watford,2008,6.96,5.92,8.1075,2.1875,2.63875,11.38875,False,False,OK
E12000006,East of England,E07000143,Breckland,2008,7.48,5.92,8.1075,2.1875,2.63875,11.38875,False,False,OK
E12000006,East of England,E07000144,Broadland,2008,8.09,5.92,8.1075,2.1875,2.63875,11.38875,False,False,OK
E12000006,East of England,E07000145,Great Yarmouth,2008,6.04,5.92,8.1075,2.1875,2.63875,11.38875,False,False,OK
E12000006,East of England,E07000146,King's Lynn and West Norfolk,2008,7.04,5.92,8.1075,2.1875,2.63875,11.38875,False,False,OK
E12000006,East of England,E07000147,North Norfolk,2008,8.68,5.92,8.1075,2.1875,2.63875,11.38875,False,False,OK
E12000006,East of England,E07000148,Norwich,2008,6.74,5.92,8.1075,2.1875,2.63875,11.38875,False,False,OK
E12000006,East of England,E07000149,South Norfolk,2008,7.53,5.92,8.1075,2.1875,2.63875,11.38875,False,False,OK
E12000006,East of England,E07000200,Babergh,2008,8.49,5.92,8.1075,2.1875,2.63875,11.38875,False,False,OK
E12000006,East of England,E07000202,Ipswich,2008,6.17,5.92,8.1075,2.1875,2.63875,11.38875,False,False,OK
E12000006,East of England,E07000203,Mid Suffolk,2008,7.43,5.92,8.1075,2.1875,2.63875,11.38875,False,False,OK
E12000006,East of England,E07000240,St Albans,2008,8.74,5.92,8.1075,2.1875,2.63875,11.38875,False,False,OK
E12000006,East of England,E07000241,Welwyn Hatfield,2008,7.54,5.92,8.1075,2.1875,2.63875,11.38875,False,False,OK
E12000006,East of England,E07000242,East Hertfordshire,2008,7.26,5.92,8.1075,2.1875,2.63875,11.38875,False,False,OK
E12000006,East of England,E07000243,Stevenage,2008,6.64,5.92,8.1075,2.1875,2.63875,11.38875,False,False,OK
E12000006,East of England,E07000244,East Suffolk,2008,7.23,5.92,8.1075,2.1875,2.63875,11.38875,False,False,OK
E12000006,East of England,E07000245,West Suffolk,2008,8.29,5.92,8.1075,2.1875,2.63875,11.38875,False,False,OK
E12000007,London,E09000001,City of London,2008,,5.92,8.1075,2.1875,2.63875,11.38875,False,True,Missing ratio value
E12000007,London,E09000002,Barking and Dagenham,2008,7.46,5.92,8.1075,2.1875,2.63875,11.38875,False,False,OK
E12000007,London,E09000003,Barnet,2008,9.16,5.92,8.1075,2.1875,2.63875,11.38875,False,False,OK
E12000007,London,E09000004,Bexley,2008,6.97,5.92,8.1075,2.1875,2.63875,11.38875,False,False,OK
E12000007,London,E09000005,Brent,2008,9.89,5.92,8.1075,2.1875,2.63875,11.38875,False,False,OK
E12000007,London,E09000006,Bromley,2008,7.49,5.92,8.1075,2.1875,2.63875,11.38875,False,False,OK
E12000007,London,E09000007,Camden,2008,11.97,5.92,8.1075,2.1875,2.63875,11.38875,True,False,Statistical outlier
E12000007,London,E09000008,Croydon,2008,7.82,5.92,8.1075,2.1875,2.63875,11.38875,False,False,OK
E12000007,London,E09000009,Ealing,2008,9.66,5.92,8.1075,2.1875,2.63875,11.38875,False,False,OK
E12000007,London,E09000010,Enfield,2008,8.44,5.92,8.1075,2.1875,2.63875,11.38875,False,False,OK
E12000007,London,E09000011,Greenwich,2008,7.88,5.92,8.1075,2.1875,2.63875,11.38875,False,False,OK
E12000007,London,E09000012,Hackney,2008,9.06,5.92,8.1075,2.1875,2.63875,11.38875,False,False,OK
E12000007,London,E09000013,Hammersmith and Fulham,2008,11.76,5.92,8.1075,2.1875,2.63875,11.38875,True,False,Statistical outlier
E12000007,London,E09000014,Haringey,2008,9.02,5.92,8.1075,2.1875,2.63875,11.38875,False,False,OK
E12000007,London,E09000015,Harrow,2008,8.8,5.92,8.1075,2.1875,2.63875,11.38875,False,False,OK
E12000007,London,E09000016,Havering,2008,7.2,5.92,8.1075,2.1875,2.63875,11.38875,False,False,OK
E12000007,London,E09000017,Hillingdon,2008,8.65,5.92,8.1075,2.1875,2.63875,11.38875,False,False,OK
E12000007,London,E09000018,Hounslow,2008,9.02,5.92,8.1075,2.1875,2.63875,11.38875,False,False,OK
E12000007,London,E09000019,Islington,2008,10.84,5.92,8.1075,2.1875,2.63875,11.38875,False,False,OK
E12000007,London,E09000020,Kensington and Chelsea,2008,15.26,5.92,8.1075,2.1875,2.63875,11.38875,True,False,Statistical outlier
E12000007,London,E09000021,Kingston upon Thames,2008,9.5,5.92,8.1075,2.1875,2.63875,11.38875,False,False,OK
E12000007,London,E09000022,Lambeth,2008,9.49,5.92,8.1075,2.1875,2.63875,11.38875,False,False,OK
E12000007,London,E09000023,Lewisham,2008,8.06,5.92,8.1075,2.1875,2.63875,11.38875,False,False,OK
E12000007,London,E09000024,Merton,2008,8.46,5.92,8.1075,2.1875,2.63875,11.38875,False,False,OK
E12000007,London,E09000025,Newham,2008,9.4,5.92,8.1075,2.1875,2.63875,11.38875,False,False,OK
E12000007,London,E09000026,Redbridge,2008,7.6,5.92,8.1075,2.1875,2.63875,11.38875,False,False,OK
E12000007,London,E09000027,Richmond upon Thames,2008,9.85,5.92,8.1075,2.1875,2.63875,11.38875,False,False,OK
E12000007,London,E09000028,Southwark,2008,8.98,5.92,8.1075,2.1875,2.63875,11.38875,False,False,OK
E12000007,London,E09000029,Sutton,2008,8.0,5.92,8.1075,2.1875,2.63875,11.38875,False,False,OK
E12000007,London,E09000030,Tower Hamlets,2008,9.12,5.92,8.1075,2.1875,2.63875,11.38875,False,False,OK
E12000007,London,E09000031,Waltham Forest,2008,8.28,5.92,8.1075,2.1875,2.63875,11.38875,False,False,OK
E12000007,London,E09000032,Wandsworth,2008,10.28,5.92,8.1075,2.1875,2.63875,11.38875,False,False,OK
E12000007,London,E09000033,Westminster,2008,12.93,5.92,8.1075,2.1875,2.63875,11.38875,True,False,Statistical outlier
E12000008,South East,E06000035,Medway,2008,6.04,5.92,8.1075,2.1875,2.63875,11.38875,False,False,OK
E12000008,South East,E06000036,Bracknell Forest,2008,7.7,5.92,8.1075,2.1875,2.63875,11.38875,False,False,OK
E12000008,South East,E06000037,West Berkshire,2008,7.65,5.92,8.1075,2.1875,2.63875,11.38875,False,False,OK
E12000008,South East,E06000038,Reading,2008,6.88,5.92,8.1075,2.1875,2.63875,11.38875,False,False,OK
E12000008,South East,E06000039,Slough,2008,7.88,5.92,8.1075,2.1875,2.63875,11.38875,False,False,OK
E12000008,South East,E06000040,Windsor and Maidenhead,2008,9.02,5.92,8.1075,2.1875,2.63875,11.38875,False,False,OK
E12000008,South East,E06000041,Wokingham,2008,7.83,5.92,8.1075,2.1875,2.63875,11.38875,False,False,OK
E12000008,South East,E06000042,Milton Keynes,2008,6.77,5.92,8.1075,2.1875,2.63875,11.38875,False,False,OK
E12000008,South East,E06000043,Brighton and Hove,2008,8.52,5.92,8.1075,2.1875,2.63875,11.38875,False,False,OK
E12000008,South East,E06000044,Portsmouth,2008,7.05,5.92,8.1075,2.1875,2.63875,11.38875,False,False,OK
E12000008,South East,E06000045,Southampton,2008,7.31,5.92,8.1075,2.1875,2.63875,11.38875,False,False,OK
E12000008,South East,E06000046,Isle of Wight,2008,7.33,5.92,8.1075,2.1875,2.63875,11.38875,False,False,OK
E12000008,South East,E06000060,Buckinghamshire,2008,8.53,5.92,8.1075,2.1875,2.63875,11.38875,False,False,OK
E12000008,South East,E07000061,Eastbourne,2008,8.47,5.92,8.1075,2.1875,2.63875,11.38875,False,False,OK
E12000008,South East,E07000062,Hastings,2008,7.88,5.92,8.1075,2.1875,2.63875,11.38875,False,False,OK
E12000008,South East,E07000063,Lewes,2008,8.98,5.92,8.1075,2.1875,2.63875,11.38875,False,False,OK
E12000008,South East,E07000064,Rother,2008,8.54,5.92,8.1075,2.1875,2.63875,11.38875,False,False,OK
E12000008,South East,E07000065,Wealden,2008,8.74,5.92,8.1075,2.1875,2.63875,11.38875,False,False,OK
E12000008,South East,E07000084,Basingstoke and Deane,2008,7.55,5.92,8.1075,2.1875,2.63875,11.38875,False,False,OK
E12000008,South East,E07000085,East Hampshire,2008,8.32,5.92,8.1075,2.1875,2.63875,11.38875,False,False,OK
E12000008,South East,E07000086,Eastleigh,2008,7.42,5.92,8.1075,2.1875,2.63875,11.38875,False,False,OK
E12000008,South East,E07000087,Fareham,2008,7.65,5.92,8.1075,2.1875,2.63875,11.38875,False,False,OK
E12000008,South East,E07000088,Gosport,2008,6.0,5.92,8.1075,2.1875,2.63875,11.38875,False,False,OK
E12000008,South East,E07000089,Hart,2008,8.42,5.92,8.1075,2.1875,2.63875,11.38875,False,False,OK
E12000008,South East,E07000090,Havant,2008,7.79,5.92,8.1075,2.1875,2.63875,11.38875,False,False,OK
E12000008,South East,E07000091,New Forest,2008,9.65,5.92,8.1075,2.1875,2.63875,11.38875,False,False,OK
E12000008,South East,E07000092,Rushmoor,2008,7.59,5.92,8.1075,2.1875,2.63875,11.38875,False,False,OK
E12000008,South East,E07000093,Test Valley,2008,9.44,5.92,8.1075,2.1875,2.63875,11.38875,False,False,OK
E12000008,South East,E07000094,Winchester,2008,8.89,5.92,8.1075,2.1875,2.63875,11.38875,False,False,OK
E12000008,South East,E07000105,Ashford,2008,7.85,5.92,8.1075,2.1875,2.63875,11.38875,False,False,OK
E12000008,South East,E07000106,Canterbury,2008,7.91,5.92,8.1075,2.1875,2.63875,11.38875,False,False,OK
E12000008,South East,E07000107,Dartford,2008,6.9,5.92,8.1075,2.1875,2.63875,11.38875,False,False,OK
E12000008,South East,E07000108,Dover,2008,6.2,5.92,8.1075,2.1875,2.63875,11.38875,False,False,OK
E12000008,South East,E07000109,Gravesham,2008,6.91,5.92,8.1075,2.1875,2.63875,11.38875,False,False,OK
E12000008,South East,E07000110,Maidstone,2008,7.78,5.92,8.1075,2.1875,2.63875,11.38875,False,False,OK
E12000008,South East,E07000111,Sevenoaks,2008,8.16,5.92,8.1075,2.1875,2.63875,11.38875,False,False,OK
E12000008,South East,E07000112,Folkestone and Hythe,2008,7.4,5.92,8.1075,2.1875,2.63875,11.38875,False,False,OK
E12000008,South East,E07000113,Swale,2008,6.47,5.92,8.1075,2.1875,2.63875,11.38875,False,False,OK
E12000008,South East,E07000114,Thanet,2008,7.29,5.92,8.1075,2.1875,2.63875,11.38875,False,False,OK
E12000008,South East,E07000115,Tonbridge and Malling,2008,8.24,5.92,8.1075,2.1875,2.63875,11.38875,False,False,OK
E12000008,South East,E07000116,Tunbridge Wells,2008,7.75,5.92,8.1075,2.1875,2.63875,11.38875,False,False,OK
E12000008,South East,E07000177,Cherwell,2008,7.75,5.92,8.1075,2.1875,2.63875,11.38875,False,False,OK
E12000008,South East,E07000178,Oxford,2008,10.19,5.92,8.1075,2.1875,2.63875,11.38875,False,False,OK
E12000008,South East,E07000179,South Oxfordshire,2008,8.33,5.92,8.1075,2.1875,2.63875,11.38875,False,False,OK
E12000008,South East,E07000180,Vale of White Horse,2008,7.92,5.92,8.1075,2.1875,2.63875,11.38875,False,False,OK
E12000008,South East,E07000181,West Oxfordshire,2008,8.56,5.92,8.1075,2.1875,2.63875,11.38875,False,False,OK
E12000008,South East,E07000207,Elmbridge,2008,9.7,5.92,8.1075,2.1875,2.63875,11.38875,False,False,OK
E12000008,South East,E07000208,Epsom and Ewell,2008,8.41,5.92,8.1075,2.1875,2.63875,11.38875,False,False,OK
E12000008,South East,E07000209,Guildford,2008,9.05,5.92,8.1075,2.1875,2.63875,11.38875,False,False,OK
E12000008,South East,E07000210,Mole Valley,2008,10.95,5.92,8.1075,2.1875,2.63875,11.38875,False,False,OK
E12000008,South East,E07000211,Reigate and Banstead,2008,7.61,5.92,8.1075,2.1875,2.63875,11.38875,False,False,OK
E12000008,South East,E07000212,Runnymede,2008,8.7,5.92,8.1075,2.1875,2.63875,11.38875,False,False,OK
E12000008,South East,E07000213,Spelthorne,2008,7.7,5.92,8.1075,2.1875,2.63875,11.38875,False,False,OK
E12000008,South East,E07000214,Surrey Heath,2008,7.87,5.92,8.1075,2.1875,2.63875,11.38875,False,False,OK
E12000008,South East,E07000215,Tandridge,2008,9.69,5.92,8.1075,2.1875,2.63875,11.38875,False,False,OK
E12000008,South East,E07000216,Waverley,2008,8.79,5.92,8.1075,2.1875,2.63875,11.38875,False,False,OK
E12000008,South East,E07000217,Woking,2008,8.6,5.92,8.1075,2.1875,2.63875,11.38875,False,False,OK
E12000008,South East,E07000223,Adur,2008,9.76,5.92,8.1075,2.1875,2.63875,11.38875,False,False,OK
E12000008,South East,E07000224,Arun,2008,8.44,5.92,8.1075,2.1875,2.63875,11.38875,False,False,OK
E12000008,South East,E07000225,Chichester,2008,10.42,5.92,8.1075,2.1875,2.63875,11.38875,False,False,OK
E12000008,South East,E07000226,Crawley,2008,7.63,5.92,8.1075,2.1875,2.63875,11.38875,False,False,OK
E12000008,South East,E07000227,Horsham,2008,7.92,5.92,8.1075,2.1875,2.63875,11.38875,False,False,OK
E12000008,South East,E07000228,Mid Sussex,2008,8.52,5.92,8.1075,2.1875,2.63875,11.38875,False,False,OK
E12000008,South East,E07000229,Worthing,2008,7.66,5.92,8.1075,2.1875,2.63875,11.38875,False,False,OK
E12000009,South West,E06000022,Bath and North East Somerset,2008,8.77,5.92,8.1075,2.1875,2.63875,11.38875,False,False,OK
E12000009,South West,E06000023,"Bristol, City of",2008,7.28,5.92,8.1075,2.1875,2.63875,11.38875,False,False,OK
E12000009,South West,E06000024,North Somerset,2008,7.12,5.92,8.1075,2.1875,2.63875,11.38875,False,False,OK
E12000009,South West,E06000025,South Gloucestershire,2008,7.19,5.92,8.1075,2.1875,2.63875,11.38875,False,False,OK
E12000009,South West,E06000026,Plymouth,2008,6.34,5.92,8.1075,2.1875,2.63875,11.38875,False,False,OK
E12000009,South West,E06000027,Torbay,2008,8.48,5.92,8.1075,2.1875,2.63875,11.38875,False,False,OK
E12000009,South West,E06000030,Swindon,2008,5.92,5.92,8.1075,2.1875,2.63875,11.38875,False,False,OK
E12000009,South West,E06000052,Cornwall,2008,9.33,5.92,8.1075,2.1875,2.63875,11.38875,False,False,OK
E12000009,South West,E06000053,Isles of Scilly,2008,,5.92,8.1075,2.1875,2.63875,11.38875,False,True,Missing ratio value
E12000009,South West,E06000054,Wiltshire,2008,7.86,5.92,8.1075,2.1875,2.63875,11.38875,False,False,OK
E12000009,South West,E06000058,"Bournemouth, Christchurch and Poole",2008,8.92,5.92,8.1075,2.1875,2.63875,11.38875,False,False,OK
E12000009,South West,E06000059,Dorset,2008,10.28,5.92,8.1075,2.1875,2.63875,11.38875,False,False,OK
E12000009,South West,E06000066,Somerset,2008,7.93,5.92,8.1075,2.1875,2.63875,11.38875,False,False,OK
E12000009,South West,E07000040,East Devon,2008,10.31,5.92,8.1075,2.1875,2.63875,11.38875,False,False,OK
E12000009,South West,E07000041,Exeter,2008,8.59,5.92,8.1075,2.1875,2.63875,11.38875,False,False,OK
E12000009,South West,E07000042,Mid Devon,2008,9.59,5.92,8.1075,2.1875,2.63875,11.38875,False,False,OK
E12000009,South West,E07000043,North Devon,2008,10.33,5.92,8.1075,2.1875,2.63875,11.38875,False,False,OK
E12000009,South West,E07000044,South Hams,2008,9.51,5.92,8.1075,2.1875,2.63875,11.38875,False,False,OK
E12000009,South West,E07000045,Teignbridge,2008,8.02,5.92,8.1075,2.1875,2.63875,11.38875,False,False,OK
E12000009,South West,E07000046,Torridge,2008,8.9,5.92,8.1075,2.1875,2.63875,11.38875,False,False,OK
E12000009,South West,E07000047,West Devon,2008,9.48,5.92,8.1075,2.1875,2.63875,11.38875,False,False,OK
E12000009,South West,E07000078,Cheltenham,2008,7.21,5.92,8.1075,2.1875,2.63875,11.38875,False,False,OK
E12000009,South West,E07000079,Cotswold,2008,10.96,5.92,8.1075,2.1875,2.63875,11.38875,False,False,OK
E12000009,South West,E07000080,Forest of Dean,2008,7.16,5.92,8.1075,2.1875,2.63875,11.38875,False,False,OK
E12000009,South West,E07000081,Gloucester,2008,6.67,5.92,8.1075,2.1875,2.63875,11.38875,False,False,OK
E12000009,South West,E07000082,Stroud,2008,7.33,5.92,8.1075,2.1875,2.63875,11.38875,False,False,OK
E12000009,South West,E07000083,Tewkesbury,2008,7.76,5.92,8.1075,2.1875,2.63875,11.38875,False,False,OK
W92000004,Wales,W06000001,Isle of Anglesey,2008,7.27,5.92,8.1075,2.1875,2.63875,11.38875,False,False,OK
W92000004,Wales,W06000002,Gwynedd,2008,7.17,5.92,8.1075,2.1875,2.63875,11.38875,False,False,OK
W92000004,Wales,W06000003,Conwy,2008,6.57,5.92,8.1075,2.1875,2.63875,11.38875,False,False,OK
W92000004,Wales,W06000004,Denbighshire,2008,6.57,5.92,8.1075,2.1875,2.63875,11.38875,False,False,OK
W92000004,Wales,W06000005,Flintshire,2008,5.94,5.92,8.1075,2.1875,2.63875,11.38875,False,False,OK
W92000004,Wales,W06000006,Wrexham,2008,6.01,5.92,8.1075,2.1875,2.63875,11.38875,False,False,OK
W92000004,Wales,W06000008,Ceredigion,2008,9.29,5.92,8.1075,2.1875,2.63875,11.38875,False,False,OK
W92000004,Wales,W06000009,Pembrokeshire,2008,7.0,5.92,8.1075,2.1875,2.63875,11.38875,False,False,OK
W92000004,Wales,W06000010,Carmarthenshire,2008,6.29,5.92,8.1075,2.1875,2.63875,11.38875,False,False,OK
W92000004,Wales,W06000011,Swansea,2008,6.03,5.92,8.1075,2.1875,2.63875,11.38875,False,False,OK
W92000004,Wales,W06000012,Neath Port Talbot,2008,4.77,5.92,8.1075,2.1875,2.63875,11.38875,False,False,OK
W92000004,Wales,W06000013,Bridgend,2008,5.42,5.92,8.1075,2.1875,2.63875,11.38875,False,False,OK
W92000004,Wales,W06000014,Vale of Glamorgan,2008,6.8,5.92,8.1075,2.1875,2.63875,11.38875,False,False,OK
W92000004,Wales,W06000015,Cardiff,2008,6.66,5.92,8.1075,2.1875,2.63875,11.38875,False,False,OK
W92000004,Wales,W06000016,Rhondda Cynon Taf,2008,4.51,5.92,8.1075,2.1875,2.63875,11.38875,False,False,OK
W92000004,Wales,W06000018,Caerphilly,2008,5.74,5.92,8.1075,2.1875,2.63875,11.38875,False,False,OK
W92000004,Wales,W06000019,Blaenau Gwent,2008,4.67,5.92,8.1075,2.1875,2.63875,11.38875,False,False,OK
W92000004,Wales,W06000020,Torfaen,2008,5.6,5.92,8.1075,2.1875,2.63875,11.38875,False,False,OK
W92000004,Wales,W06000021,Monmouthshire,2008,6.79,5.92,8.1075,2.1875,2.63875,11.38875,False,False,OK
W92000004,Wales,W06000022,Newport,2008,6.29,5.92,8.1075,2.1875,2.63875,11.38875,False,False,OK
W92000004,Wales,W06000023,Powys,2008,7.6,5.92,8.1075,2.1875,2.63875,11.38875,False,False,OK
W92000004,Wales,W06000024,Merthyr Tydfil,2008,4.63,5.92,8.1075,2.1875,2.63875,11.38875,False,False,OK
E12000001,North East,E06000001,Hartlepool,2009,3.98,5.42,7.285,1.8650000000000002,2.6224999999999996,10.0825,False,False,OK
E12000001,North East,E06000002,Middlesbrough,2009,5.17,5.42,7.285,1.8650000000000002,2.6224999999999996,10.0825,False,False,OK
E12000001,North East,E06000003,Redcar and Cleveland,2009,4.98,5.42,7.285,1.8650000000000002,2.6224999999999996,10.0825,False,False,OK
E12000001,North East,E06000004,Stockton-on-Tees,2009,5.0,5.42,7.285,1.8650000000000002,2.6224999999999996,10.0825,False,False,OK
E12000001,North East,E06000005,Darlington,2009,5.46,5.42,7.285,1.8650000000000002,2.6224999999999996,10.0825,False,False,OK
E12000001,North East,E06000047,County Durham,2009,4.68,5.42,7.285,1.8650000000000002,2.6224999999999996,10.0825,False,False,OK
E12000001,North East,E06000057,Northumberland,2009,5.59,5.42,7.285,1.8650000000000002,2.6224999999999996,10.0825,False,False,OK
E12000001,North East,E08000021,Newcastle upon Tyne,2009,5.98,5.42,7.285,1.8650000000000002,2.6224999999999996,10.0825,False,False,OK
E12000001,North East,E08000022,North Tyneside,2009,5.38,5.42,7.285,1.8650000000000002,2.6224999999999996,10.0825,False,False,OK
E12000001,North East,E08000023,South Tyneside,2009,4.77,5.42,7.285,1.8650000000000002,2.6224999999999996,10.0825,False,False,OK
E12000001,North East,E08000024,Sunderland,2009,4.87,5.42,7.285,1.8650000000000002,2.6224999999999996,10.0825,False,False,OK
E12000001,North East,E08000037,Gateshead,2009,5.42,5.42,7.285,1.8650000000000002,2.6224999999999996,10.0825,False,False,OK
E12000002,North West,E06000006,Halton,2009,5.19,5.42,7.285,1.8650000000000002,2.6224999999999996,10.0825,False,False,OK
E12000002,North West,E06000007,Warrington,2009,5.32,5.42,7.285,1.8650000000000002,2.6224999999999996,10.0825,False,False,OK
E12000002,North West,E06000008,Blackburn with Darwen,2009,4.23,5.42,7.285,1.8650000000000002,2.6224999999999996,10.0825,False,False,OK
E12000002,North West,E06000009,Blackpool,2009,5.16,5.42,7.285,1.8650000000000002,2.6224999999999996,10.0825,False,False,OK
E12000002,North West,E06000049,Cheshire East,2009,5.98,5.42,7.285,1.8650000000000002,2.6224999999999996,10.0825,False,False,OK
E12000002,North West,E06000050,Cheshire West and Chester,2009,5.58,5.42,7.285,1.8650000000000002,2.6224999999999996,10.0825,False,False,OK
E12000002,North West,E06000063,Cumberland,2009,4.95,5.42,7.285,1.8650000000000002,2.6224999999999996,10.0825,False,False,OK
E12000002,North West,E06000064,Westmorland and Furness,2009,6.57,5.42,7.285,1.8650000000000002,2.6224999999999996,10.0825,False,False,OK
E12000002,North West,E07000117,Burnley,2009,3.61,5.42,7.285,1.8650000000000002,2.6224999999999996,10.0825,False,False,OK
E12000002,North West,E07000118,Chorley,2009,5.73,5.42,7.285,1.8650000000000002,2.6224999999999996,10.0825,False,False,OK
E12000002,North West,E07000119,Fylde,2009,5.85,5.42,7.285,1.8650000000000002,2.6224999999999996,10.0825,False,False,OK
E12000002,North West,E07000120,Hyndburn,2009,4.0,5.42,7.285,1.8650000000000002,2.6224999999999996,10.0825,False,False,OK
E12000002,North West,E07000121,Lancaster,2009,4.87,5.42,7.285,1.8650000000000002,2.6224999999999996,10.0825,False,False,OK
E12000002,North West,E07000122,Pendle,2009,3.98,5.42,7.285,1.8650000000000002,2.6224999999999996,10.0825,False,False,OK
E12000002,North West,E07000123,Preston,2009,4.95,5.42,7.285,1.8650000000000002,2.6224999999999996,10.0825,False,False,OK
E12000002,North West,E07000124,Ribble Valley,2009,6.49,5.42,7.285,1.8650000000000002,2.6224999999999996,10.0825,False,False,OK
E12000002,North West,E07000125,Rossendale,2009,4.72,5.42,7.285,1.8650000000000002,2.6224999999999996,10.0825,False,False,OK
E12000002,North West,E07000126,South Ribble,2009,5.44,5.42,7.285,1.8650000000000002,2.6224999999999996,10.0825,False,False,OK
E12000002,North West,E07000127,West Lancashire,2009,6.48,5.42,7.285,1.8650000000000002,2.6224999999999996,10.0825,False,False,OK
E12000002,North West,E07000128,Wyre,2009,6.48,5.42,7.285,1.8650000000000002,2.6224999999999996,10.0825,False,False,OK
E12000002,North West,E08000001,Bolton,2009,4.71,5.42,7.285,1.8650000000000002,2.6224999999999996,10.0825,False,False,OK
E12000002,North West,E08000002,Bury,2009,4.84,5.42,7.285,1.8650000000000002,2.6224999999999996,10.0825,False,False,OK
E12000002,North West,E08000003,Manchester,2009,5.22,5.42,7.285,1.8650000000000002,2.6224999999999996,10.0825,False,False,OK
E12000002,North West,E08000004,Oldham,2009,4.89,5.42,7.285,1.8650000000000002,2.6224999999999996,10.0825,False,False,OK
E12000002,North West,E08000005,Rochdale,2009,4.2,5.42,7.285,1.8650000000000002,2.6224999999999996,10.0825,False,False,OK
E12000002,North West,E08000006,Salford,2009,5.03,5.42,7.285,1.8650000000000002,2.6224999999999996,10.0825,False,False,OK
E12000002,North West,E08000007,Stockport,2009,5.96,5.42,7.285,1.8650000000000002,2.6224999999999996,10.0825,False,False,OK
E12000002,North West,E08000008,Tameside,2009,4.82,5.42,7.285,1.8650000000000002,2.6224999999999996,10.0825,False,False,OK
E12000002,North West,E08000009,Trafford,2009,6.24,5.42,7.285,1.8650000000000002,2.6224999999999996,10.0825,False,False,OK
E12000002,North West,E08000010,Wigan,2009,4.75,5.42,7.285,1.8650000000000002,2.6224999999999996,10.0825,False,False,OK
E12000002,North West,E08000011,Knowsley,2009,4.75,5.42,7.285,1.8650000000000002,2.6224999999999996,10.0825,False,False,OK
E12000002,North West,E08000012,Liverpool,2009,4.95,5.42,7.285,1.8650000000000002,2.6224999999999996,10.0825,False,False,OK
E12000002,North West,E08000013,St. Helens,2009,4.7,5.42,7.285,1.8650000000000002,2.6224999999999996,10.0825,False,False,OK
E12000002,North West,E08000014,Sefton,2009,6.24,5.42,7.285,1.8650000000000002,2.6224999999999996,10.0825,False,False,OK
E12000002,North West,E08000015,Wirral,2009,5.22,5.42,7.285,1.8650000000000002,2.6224999999999996,10.0825,False,False,OK
E12000003,Yorkshire and The Humber,E06000010,"Kingston upon Hull, City of",2009,4.1,5.42,7.285,1.8650000000000002,2.6224999999999996,10.0825,False,False,OK
E12000003,Yorkshire and The Humber,E06000011,East Riding of Yorkshire,2009,4.93,5.42,7.285,1.8650000000000002,2.6224999999999996,10.0825,False,False,OK
E12000003,Yorkshire and The Humber,E06000012,North East Lincolnshire,2009,4.48,5.42,7.285,1.8650000000000002,2.6224999999999996,10.0825,False,False,OK
E12000003,Yorkshire and The Humber,E06000013,North Lincolnshire,2009,4.82,5.42,7.285,1.8650000000000002,2.6224999999999996,10.0825,False,False,OK
E12000003,Yorkshire and The Humber,E06000014,York,2009,6.28,5.42,7.285,1.8650000000000002,2.6224999999999996,10.0825,False,False,OK
E12000003,Yorkshire and The Humber,E06000065,North Yorkshire,2009,6.85,5.42,7.285,1.8650000000000002,2.6224999999999996,10.0825,False,False,OK
E12000003,Yorkshire and The Humber,E08000017,Doncaster,2009,4.65,5.42,7.285,1.8650000000000002,2.6224999999999996,10.0825,False,False,OK
E12000003,Yorkshire and The Humber,E08000018,Rotherham,2009,4.99,5.42,7.285,1.8650000000000002,2.6224999999999996,10.0825,False,False,OK
E12000003,Yorkshire and The Humber,E08000032,Bradford,2009,5.41,5.42,7.285,1.8650000000000002,2.6224999999999996,10.0825,False,False,OK
E12000003,Yorkshire and The Humber,E08000033,Calderdale,2009,4.35,5.42,7.285,1.8650000000000002,2.6224999999999996,10.0825,False,False,OK
E12000003,Yorkshire and The Humber,E08000034,Kirklees,2009,5.12,5.42,7.285,1.8650000000000002,2.6224999999999996,10.0825,False,False,OK
E12000003,Yorkshire and The Humber,E08000035,Leeds,2009,5.45,5.42,7.285,1.8650000000000002,2.6224999999999996,10.0825,False,False,OK
E12000003,Yorkshire and The Humber,E08000036,Wakefield,2009,5.18,5.42,7.285,1.8650000000000002,2.6224999999999996,10.0825,False,False,OK
E12000003,Yorkshire and The Humber,E08000038,Barnsley,2009,4.09,5.42,7.285,1.8650000000000002,2.6224999999999996,10.0825,False,False,OK
E12000003,Yorkshire and The Humber,E08000039,Sheffield,2009,5.09,5.42,7.285,1.8650000000000002,2.6224999999999996,10.0825,False,False,OK
E12000004,East Midlands,E06000015,Derby,2009,4.52,5.42,7.285,1.8650000000000002,2.6224999999999996,10.0825,False,False,OK
E12000004,East Midlands,E06000016,Leicester,2009,5.76,5.42,7.285,1.8650000000000002,2.6224999999999996,10.0825,False,False,OK
E12000004,East Midlands,E06000017,Rutland,2009,7.59,5.42,7.285,1.8650000000000002,2.6224999999999996,10.0825,False,False,OK
E12000004,East Midlands,E06000018,Nottingham,2009,4.41,5.42,7.285,1.8650000000000002,2.6224999999999996,10.0825,False,False,OK
E12000004,East Midlands,E06000061,North Northamptonshire,2009,5.39,5.42,7.285,1.8650000000000002,2.6224999999999996,10.0825,False,False,OK
E12000004,East Midlands,E06000062,West Northamptonshire,2009,5.75,5.42,7.285,1.8650000000000002,2.6224999999999996,10.0825,False,False,OK
E12000004,East Midlands,E07000032,Amber Valley,2009,5.22,5.42,7.285,1.8650000000000002,2.6224999999999996,10.0825,False,False,OK
E12000004,East Midlands,E07000033,Bolsover,2009,4.26,5.42,7.285,1.8650000000000002,2.6224999999999996,10.0825,False,False,OK
E12000004,East Midlands,E07000034,Chesterfield,2009,4.93,5.42,7.285,1.8650000000000002,2.6224999999999996,10.0825,False,False,OK
E12000004,East Midlands,E07000035,Derbyshire Dales,2009,6.31,5.42,7.285,1.8650000000000002,2.6224999999999996,10.0825,False,False,OK
E12000004,East Midlands,E07000036,Erewash,2009,4.64,5.42,7.285,1.8650000000000002,2.6224999999999996,10.0825,False,False,OK
E12000004,East Midlands,E07000037,High Peak,2009,5.74,5.42,7.285,1.8650000000000002,2.6224999999999996,10.0825,False,False,OK
E12000004,East Midlands,E07000038,North East Derbyshire,2009,5.74,5.42,7.285,1.8650000000000002,2.6224999999999996,10.0825,False,False,OK
E12000004,East Midlands,E07000039,South Derbyshire,2009,5.7,5.42,7.285,1.8650000000000002,2.6224999999999996,10.0825,False,False,OK
E12000004,East Midlands,E07000129,Blaby,2009,5.13,5.42,7.285,1.8650000000000002,2.6224999999999996,10.0825,False,False,OK
E12000004,East Midlands,E07000130,Charnwood,2009,5.64,5.42,7.285,1.8650000000000002,2.6224999999999996,10.0825,False,False,OK
E12000004,East Midlands,E07000131,Harborough,2009,6.48,5.42,7.285,1.8650000000000002,2.6224999999999996,10.0825,False,False,OK
E12000004,East Midlands,E07000132,Hinckley and Bosworth,2009,5.57,5.42,7.285,1.8650000000000002,2.6224999999999996,10.0825,False,False,OK
E12000004,East Midlands,E07000133,Melton,2009,5.7,5.42,7.285,1.8650000000000002,2.6224999999999996,10.0825,False,False,OK
E12000004,East Midlands,E07000134,North West Leicestershire,2009,5.44,5.42,7.285,1.8650000000000002,2.6224999999999996,10.0825,False,False,OK
E12000004,East Midlands,E07000135,Oadby and Wigston,2009,5.4,5.42,7.285,1.8650000000000002,2.6224999999999996,10.0825,False,False,OK
E12000004,East Midlands,E07000136,Boston,2009,5.79,5.42,7.285,1.8650000000000002,2.6224999999999996,10.0825,False,False,OK
E12000004,East Midlands,E07000137,East Lindsey,2009,5.92,5.42,7.285,1.8650000000000002,2.6224999999999996,10.0825,False,False,OK
E12000004,East Midlands,E07000138,Lincoln,2009,5.05,5.42,7.285,1.8650000000000002,2.6224999999999996,10.0825,False,False,OK
E12000004,East Midlands,E07000139,North Kesteven,2009,6.09,5.42,7.285,1.8650000000000002,2.6224999999999996,10.0825,False,False,OK
E12000004,East Midlands,E07000140,South Holland,2009,5.62,5.42,7.285,1.8650000000000002,2.6224999999999996,10.0825,False,False,OK
E12000004,East Midlands,E07000141,South Kesteven,2009,5.94,5.42,7.285,1.8650000000000002,2.6224999999999996,10.0825,False,False,OK
E12000004,East Midlands,E07000142,West Lindsey,2009,5.48,5.42,7.285,1.8650000000000002,2.6224999999999996,10.0825,False,False,OK
E12000004,East Midlands,E07000170,Ashfield,2009,4.54,5.42,7.285,1.8650000000000002,2.6224999999999996,10.0825,False,False,OK
E12000004,East Midlands,E07000171,Bassetlaw,2009,4.77,5.42,7.285,1.8650000000000002,2.6224999999999996,10.0825,False,False,OK
E12000004,East Midlands,E07000172,Broxtowe,2009,4.98,5.42,7.285,1.8650000000000002,2.6224999999999996,10.0825,False,False,OK
E12000004,East Midlands,E07000173,Gedling,2009,4.99,5.42,7.285,1.8650000000000002,2.6224999999999996,10.0825,False,False,OK
E12000004,East Midlands,E07000174,Mansfield,2009,4.72,5.42,7.285,1.8650000000000002,2.6224999999999996,10.0825,False,False,OK
E12000004,East Midlands,E07000175,Newark and Sherwood,2009,5.62,5.42,7.285,1.8650000000000002,2.6224999999999996,10.0825,False,False,OK
E12000004,East Midlands,E07000176,Rushcliffe,2009,5.43,5.42,7.285,1.8650000000000002,2.6224999999999996,10.0825,False,False,OK
E12000005,West Midlands,E06000019,"Herefordshire, County of",2009,7.84,5.42,7.285,1.8650000000000002,2.6224999999999996,10.0825,False,False,OK
E12000005,West Midlands,E06000020,Telford and Wrekin,2009,6.04,5.42,7.285,1.8650000000000002,2.6224999999999996,10.0825,False,False,OK
E12000005,West Midlands,E06000021,Stoke-on-Trent,2009,4.09,5.42,7.285,1.8650000000000002,2.6224999999999996,10.0825,False,False,OK
E12000005,West Midlands,E06000051,Shropshire,2009,6.69,5.42,7.285,1.8650000000000002,2.6224999999999996,10.0825,False,False,OK
E12000005,West Midlands,E07000192,Cannock Chase,2009,5.27,5.42,7.285,1.8650000000000002,2.6224999999999996,10.0825,False,False,OK
E12000005,West Midlands,E07000193,East Staffordshire,2009,5.65,5.42,7.285,1.8650000000000002,2.6224999999999996,10.0825,False,False,OK
E12000005,West Midlands,E07000194,Lichfield,2009,6.07,5.42,7.285,1.8650000000000002,2.6224999999999996,10.0825,False,False,OK
E12000005,West Midlands,E07000195,Newcastle-under-Lyme,2009,5.24,5.42,7.285,1.8650000000000002,2.6224999999999996,10.0825,False,False,OK
E12000005,West Midlands,E07000196,South Staffordshire,2009,6.72,5.42,7.285,1.8650000000000002,2.6224999999999996,10.0825,False,False,OK
E12000005,West Midlands,E07000197,Stafford,2009,6.16,5.42,7.285,1.8650000000000002,2.6224999999999996,10.0825,False,False,OK
E12000005,West Midlands,E07000198,Staffordshire Moorlands,2009,5.31,5.42,7.285,1.8650000000000002,2.6224999999999996,10.0825,False,False,OK
E12000005,West Midlands,E07000199,Tamworth,2009,4.99,5.42,7.285,1.8650000000000002,2.6224999999999996,10.0825,False,False,OK
E12000005,West Midlands,E07000218,North Warwickshire,2009,5.78,5.42,7.285,1.8650000000000002,2.6224999999999996,10.0825,False,False,OK
E12000005,West Midlands,E07000219,Nuneaton and Bedworth,2009,4.91,5.42,7.285,1.8650000000000002,2.6224999999999996,10.0825,False,False,OK
E12000005,West Midlands,E07000220,Rugby,2009,5.44,5.42,7.285,1.8650000000000002,2.6224999999999996,10.0825,False,False,OK
E12000005,West Midlands,E07000221,Stratford-on-Avon,2009,7.55,5.42,7.285,1.8650000000000002,2.6224999999999996,10.0825,False,False,OK
E12000005,West Midlands,E07000222,Warwick,2009,6.56,5.42,7.285,1.8650000000000002,2.6224999999999996,10.0825,False,False,OK
E12000005,West Midlands,E07000234,Bromsgrove,2009,6.09,5.42,7.285,1.8650000000000002,2.6224999999999996,10.0825,False,False,OK
E12000005,West Midlands,E07000235,Malvern Hills,2009,6.6,5.42,7.285,1.8650000000000002,2.6224999999999996,10.0825,False,False,OK
E12000005,West Midlands,E07000236,Redditch,2009,6.26,5.42,7.285,1.8650000000000002,2.6224999999999996,10.0825,False,False,OK
E12000005,West Midlands,E07000237,Worcester,2009,6.4,5.42,7.285,1.8650000000000002,2.6224999999999996,10.0825,False,False,OK
E12000005,West Midlands,E07000238,Wychavon,2009,7.26,5.42,7.285,1.8650000000000002,2.6224999999999996,10.0825,False,False,OK
E12000005,West Midlands,E07000239,Wyre Forest,2009,6.78,5.42,7.285,1.8650000000000002,2.6224999999999996,10.0825,False,False,OK
E12000005,West Midlands,E08000025,Birmingham,2009,5.2,5.42,7.285,1.8650000000000002,2.6224999999999996,10.0825,False,False,OK
E12000005,West Midlands,E08000026,Coventry,2009,4.93,5.42,7.285,1.8650000000000002,2.6224999999999996,10.0825,False,False,OK
E12000005,West Midlands,E08000027,Dudley,2009,5.76,5.42,7.285,1.8650000000000002,2.6224999999999996,10.0825,False,False,OK
E12000005,West Midlands,E08000028,Sandwell,2009,5.05,5.42,7.285,1.8650000000000002,2.6224999999999996,10.0825,False,False,OK
E12000005,West Midlands,E08000029,Solihull,2009,6.45,5.42,7.285,1.8650000000000002,2.6224999999999996,10.0825,False,False,OK
E12000005,West Midlands,E08000030,Walsall,2009,5.51,5.42,7.285,1.8650000000000002,2.6224999999999996,10.0825,False,False,OK
E12000005,West Midlands,E08000031,Wolverhampton,2009,5.32,5.42,7.285,1.8650000000000002,2.6224999999999996,10.0825,False,False,OK
E12000006,East of England,E06000031,Peterborough,2009,5.6,5.42,7.285,1.8650000000000002,2.6224999999999996,10.0825,False,False,OK
E12000006,East of England,E06000032,Luton,2009,5.74,5.42,7.285,1.8650000000000002,2.6224999999999996,10.0825,False,False,OK
E12000006,East of England,E06000033,Southend-on-Sea,2009,6.04,5.42,7.285,1.8650000000000002,2.6224999999999996,10.0825,False,False,OK
E12000006,East of England,E06000034,Thurrock,2009,5.69,5.42,7.285,1.8650000000000002,2.6224999999999996,10.0825,False,False,OK
E12000006,East of England,E06000055,Bedford,2009,6.34,5.42,7.285,1.8650000000000002,2.6224999999999996,10.0825,False,False,OK
E12000006,East of England,E06000056,Central Bedfordshire,2009,5.79,5.42,7.285,1.8650000000000002,2.6224999999999996,10.0825,False,False,OK
E12000006,East of England,E07000008,Cambridge,2009,8.21,5.42,7.285,1.8650000000000002,2.6224999999999996,10.0825,False,False,OK
E12000006,East of England,E07000009,East Cambridgeshire,2009,6.24,5.42,7.285,1.8650000000000002,2.6224999999999996,10.0825,False,False,OK
E12000006,East of England,E07000010,Fenland,2009,5.52,5.42,7.285,1.8650000000000002,2.6224999999999996,10.0825,False,False,OK
E12000006,East of England,E07000011,Huntingdonshire,2009,5.77,5.42,7.285,1.8650000000000002,2.6224999999999996,10.0825,False,False,OK
E12000006,East of England,E07000012,South Cambridgeshire,2009,6.81,5.42,7.285,1.8650000000000002,2.6224999999999996,10.0825,False,False,OK
E12000006,East of England,E07000066,Basildon,2009,6.26,5.42,7.285,1.8650000000000002,2.6224999999999996,10.0825,False,False,OK
E12000006,East of England,E07000067,Braintree,2009,6.25,5.42,7.285,1.8650000000000002,2.6224999999999996,10.0825,False,False,OK
E12000006,East of England,E07000068,Brentwood,2009,6.97,5.42,7.285,1.8650000000000002,2.6224999999999996,10.0825,False,False,OK
E12000006,East of England,E07000069,Castle Point,2009,5.88,5.42,7.285,1.8650000000000002,2.6224999999999996,10.0825,False,False,OK
E12000006,East of England,E07000070,Chelmsford,2009,6.82,5.42,7.285,1.8650000000000002,2.6224999999999996,10.0825,False,False,OK
E12000006,East of England,E07000071,Colchester,2009,6.41,5.42,7.285,1.8650000000000002,2.6224999999999996,10.0825,False,False,OK
E12000006,East of England,E07000072,Epping Forest,2009,8.57,5.42,7.285,1.8650000000000002,2.6224999999999996,10.0825,False,False,OK
E12000006,East of England,E07000073,Harlow,2009,7.09,5.42,7.285,1.8650000000000002,2.6224999999999996,10.0825,False,False,OK
E12000006,East of England,E07000074,Maldon,2009,5.9,5.42,7.285,1.8650000000000002,2.6224999999999996,10.0825,False,False,OK
E12000006,East of England,E07000075,Rochford,2009,6.53,5.42,7.285,1.8650000000000002,2.6224999999999996,10.0825,False,False,OK
E12000006,East of England,E07000076,Tendring,2009,6.0,5.42,7.285,1.8650000000000002,2.6224999999999996,10.0825,False,False,OK
E12000006,East of England,E07000077,Uttlesford,2009,7.88,5.42,7.285,1.8650000000000002,2.6224999999999996,10.0825,False,False,OK
E12000006,East of England,E07000095,Broxbourne,2009,7.29,5.42,7.285,1.8650000000000002,2.6224999999999996,10.0825,False,False,OK
E12000006,East of England,E07000096,Dacorum,2009,7.18,5.42,7.285,1.8650000000000002,2.6224999999999996,10.0825,False,False,OK
E12000006,East of England,E07000098,Hertsmere,2009,8.26,5.42,7.285,1.8650000000000002,2.6224999999999996,10.0825,False,False,OK
E12000006,East of England,E07000099,North Hertfordshire,2009,6.4,5.42,7.285,1.8650000000000002,2.6224999999999996,10.0825,False,False,OK
E12000006,East of England,E07000102,Three Rivers,2009,7.61,5.42,7.285,1.8650000000000002,2.6224999999999996,10.0825,False,False,OK
E12000006,East of England,E07000103,Watford,2009,6.62,5.42,7.285,1.8650000000000002,2.6224999999999996,10.0825,False,False,OK
E12000006,East of England,E07000143,Breckland,2009,6.97,5.42,7.285,1.8650000000000002,2.6224999999999996,10.0825,False,False,OK
E12000006,East of England,E07000144,Broadland,2009,6.64,5.42,7.285,1.8650000000000002,2.6224999999999996,10.0825,False,False,OK
E12000006,East of England,E07000145,Great Yarmouth,2009,6.03,5.42,7.285,1.8650000000000002,2.6224999999999996,10.0825,False,False,OK
E12000006,East of England,E07000146,King's Lynn and West Norfolk,2009,6.37,5.42,7.285,1.8650000000000002,2.6224999999999996,10.0825,False,False,OK
E12000006,East of England,E07000147,North Norfolk,2009,7.49,5.42,7.285,1.8650000000000002,2.6224999999999996,10.0825,False,False,OK
E12000006,East of England,E07000148,Norwich,2009,5.71,5.42,7.285,1.8650000000000002,2.6224999999999996,10.0825,False,False,OK
E12000006,East of England,E07000149,South Norfolk,2009,6.55,5.42,7.285,1.8650000000000002,2.6224999999999996,10.0825,False,False,OK
E12000006,East of England,E07000200,Babergh,2009,6.71,5.42,7.285,1.8650000000000002,2.6224999999999996,10.0825,False,False,OK
E12000006,East of England,E07000202,Ipswich,2009,5.31,5.42,7.285,1.8650000000000002,2.6224999999999996,10.0825,False,False,OK
E12000006,East of England,E07000203,Mid Suffolk,2009,6.75,5.42,7.285,1.8650000000000002,2.6224999999999996,10.0825,False,False,OK
E12000006,East of England,E07000240,St Albans,2009,8.18,5.42,7.285,1.8650000000000002,2.6224999999999996,10.0825,False,False,OK
E12000006,East of England,E07000241,Welwyn Hatfield,2009,7.0,5.42,7.285,1.8650000000000002,2.6224999999999996,10.0825,False,False,OK
E12000006,East of England,E07000242,East Hertfordshire,2009,6.39,5.42,7.285,1.8650000000000002,2.6224999999999996,10.0825,False,False,OK
E12000006,East of England,E07000243,Stevenage,2009,6.02,5.42,7.285,1.8650000000000002,2.6224999999999996,10.0825,False,False,OK
E12000006,East of England,E07000244,East Suffolk,2009,6.19,5.42,7.285,1.8650000000000002,2.6224999999999996,10.0825,False,False,OK
E12000006,East of England,E07000245,West Suffolk,2009,6.96,5.42,7.285,1.8650000000000002,2.6224999999999996,10.0825,False,False,OK
E12000007,London,E09000001,City of London,2009,9.52,5.42,7.285,1.8650000000000002,2.6224999999999996,10.0825,False,False,OK
E12000007,London,E09000002,Barking and Dagenham,2009,5.71,5.42,7.285,1.8650000000000002,2.6224999999999996,10.0825,False,False,OK
E12000007,London,E09000003,Barnet,2009,8.47,5.42,7.285,1.8650000000000002,2.6224999999999996,10.0825,False,False,OK
E12000007,London,E09000004,Bexley,2009,6.29,5.42,7.285,1.8650000000000002,2.6224999999999996,10.0825,False,False,OK
E12000007,London,E09000005,Brent,2009,9.75,5.42,7.285,1.8650000000000002,2.6224999999999996,10.0825,False,False,OK
E12000007,London,E09000006,Bromley,2009,6.99,5.42,7.285,1.8650000000000002,2.6224999999999996,10.0825,False,False,OK
E12000007,London,E09000007,Camden,2009,11.15,5.42,7.285,1.8650000000000002,2.6224999999999996,10.0825,True,False,Statistical outlier
E12000007,London,E09000008,Croydon,2009,6.8,5.42,7.285,1.8650000000000002,2.6224999999999996,10.0825,False,False,OK
E12000007,London,E09000009,Ealing,2009,8.07,5.42,7.285,1.8650000000000002,2.6224999999999996,10.0825,False,False,OK
E12000007,London,E09000010,Enfield,2009,7.76,5.42,7.285,1.8650000000000002,2.6224999999999996,10.0825,False,False,OK
E12000007,London,E09000011,Greenwich,2009,6.74,5.42,7.285,1.8650000000000002,2.6224999999999996,10.0825,False,False,OK
E12000007,London,E09000012,Hackney,2009,8.91,5.42,7.285,1.8650000000000002,2.6224999999999996,10.0825,False,False,OK
E12000007,London,E09000013,Hammersmith and Fulham,2009,11.07,5.42,7.285,1.8650000000000002,2.6224999999999996,10.0825,True,False,Statistical outlier
E12000007,London,E09000014,Haringey,2009,8.38,5.42,7.285,1.8650000000000002,2.6224999999999996,10.0825,False,False,OK
E12000007,London,E09000015,Harrow,2009,7.82,5.42,7.285,1.8650000000000002,2.6224999999999996,10.0825,False,False,OK
E12000007,London,E09000016,Havering,2009,6.54,5.42,7.285,1.8650000000000002,2.6224999999999996,10.0825,False,False,OK
E12000007,London,E09000017,Hillingdon,2009,7.94,5.42,7.285,1.8650000000000002,2.6224999999999996,10.0825,False,False,OK
E12000007,London,E09000018,Hounslow,2009,8.5,5.42,7.285,1.8650000000000002,2.6224999999999996,10.0825,False,False,OK
E12000007,London,E09000019,Islington,2009,9.99,5.42,7.285,1.8650000000000002,2.6224999999999996,10.0825,False,False,OK
E12000007,London,E09000020,Kensington and Chelsea,2009,13.89,5.42,7.285,1.8650000000000002,2.6224999999999996,10.0825,True,False,Statistical outlier
E12000007,London,E09000021,Kingston upon Thames,2009,7.99,5.42,7.285,1.8650000000000002,2.6224999999999996,10.0825,False,False,OK
E12000007,London,E09000022,Lambeth,2009,8.19,5.42,7.285,1.8650000000000002,2.6224999999999996,10.0825,False,False,OK
E12000007,London,E09000023,Lewisham,2009,7.29,5.42,7.285,1.8650000000000002,2.6224999999999996,10.0825,False,False,OK
E12000007,London,E09000024,Merton,2009,7.56,5.42,7.285,1.8650000000000002,2.6224999999999996,10.0825,False,False,OK
E12000007,London,E09000025,Newham,2009,7.72,5.42,7.285,1.8650000000000002,2.6224999999999996,10.0825,False,False,OK
E12000007,London,E09000026,Redbridge,2009,7.01,5.42,7.285,1.8650000000000002,2.6224999999999996,10.0825,False,False,OK
E12000007,London,E09000027,Richmond upon Thames,2009,9.18,5.42,7.285,1.8650000000000002,2.6224999999999996,10.0825,False,False,OK
E12000007,London,E09000028,Southwark,2009,8.48,5.42,7.285,1.8650000000000002,2.6224999999999996,10.0825,False,False,OK
E12000007,London,E09000029,Sutton,2009,7.18,5.42,7.285,1.8650000000000002,2.6224999999999996,10.0825,False,False,OK
E12000007,London,E09000030,Tower Hamlets,2009,8.24,5.42,7.285,1.8650000000000002,2.6224999999999996,10.0825,False,False,OK
E12000007,London,E09000031,Waltham Forest,2009,7.4,5.42,7.285,1.8650000000000002,2.6224999999999996,10.0825,False,False,OK
E12000007,London,E09000032,Wandsworth,2009,9.14,5.42,7.285,1.8650000000000002,2.6224999999999996,10.0825,False,False,OK
E12000007,London,E09000033,Westminster,2009,13.27,5.42,7.285,1.8650000000000002,2.6224999999999996,10.0825,True,False,Statistical outlier
E12000008,South East,E06000035,Medway,2009,5.13,5.42,7.285,1.8650000000000002,2.6224999999999996,10.0825,False,False,OK
E12000008,South East,E06000036,Bracknell Forest,2009,6.65,5.42,7.285,1.8650000000000002,2.6224999999999996,10.0825,False,False,OK
E12000008,South East,E06000037,West Berkshire,2009,7.57,5.42,7.285,1.8650000000000002,2.6224999999999996,10.0825,False,False,OK
E12000008,South East,E06000038,Reading,2009,6.06,5.42,7.285,1.8650000000000002,2.6224999999999996,10.0825,False,False,OK
E12000008,South East,E06000039,Slough,2009,6.74,5.42,7.285,1.8650000000000002,2.6224999999999996,10.0825,False,False,OK
E12000008,South East,E06000040,Windsor and Maidenhead,2009,8.08,5.42,7.285,1.8650000000000002,2.6224999999999996,10.0825,False,False,OK
E12000008,South East,E06000041,Wokingham,2009,7.41,5.42,7.285,1.8650000000000002,2.6224999999999996,10.0825,False,False,OK
E12000008,South East,E06000042,Milton Keynes,2009,6.05,5.42,7.285,1.8650000000000002,2.6224999999999996,10.0825,False,False,OK
E12000008,South East,E06000043,Brighton and Hove,2009,7.56,5.42,7.285,1.8650000000000002,2.6224999999999996,10.0825,False,False,OK
E12000008,South East,E06000044,Portsmouth,2009,5.66,5.42,7.285,1.8650000000000002,2.6224999999999996,10.0825,False,False,OK
E12000008,South East,E06000045,Southampton,2009,6.53,5.42,7.285,1.8650000000000002,2.6224999999999996,10.0825,False,False,OK
E12000008,South East,E06000046,Isle of Wight,2009,6.92,5.42,7.285,1.8650000000000002,2.6224999999999996,10.0825,False,False,OK
E12000008,South East,E06000060,Buckinghamshire,2009,7.6,5.42,7.285,1.8650000000000002,2.6224999999999996,10.0825,False,False,OK
E12000008,South East,E07000061,Eastbourne,2009,6.95,5.42,7.285,1.8650000000000002,2.6224999999999996,10.0825,False,False,OK
E12000008,South East,E07000062,Hastings,2009,6.63,5.42,7.285,1.8650000000000002,2.6224999999999996,10.0825,False,False,OK
E12000008,South East,E07000063,Lewes,2009,7.67,5.42,7.285,1.8650000000000002,2.6224999999999996,10.0825,False,False,OK
E12000008,South East,E07000064,Rother,2009,7.14,5.42,7.285,1.8650000000000002,2.6224999999999996,10.0825,False,False,OK
E12000008,South East,E07000065,Wealden,2009,7.52,5.42,7.285,1.8650000000000002,2.6224999999999996,10.0825,False,False,OK
E12000008,South East,E07000084,Basingstoke and Deane,2009,6.75,5.42,7.285,1.8650000000000002,2.6224999999999996,10.0825,False,False,OK
E12000008,South East,E07000085,East Hampshire,2009,7.89,5.42,7.285,1.8650000000000002,2.6224999999999996,10.0825,False,False,OK
E12000008,South East,E07000086,Eastleigh,2009,6.32,5.42,7.285,1.8650000000000002,2.6224999999999996,10.0825,False,False,OK
E12000008,South East,E07000087,Fareham,2009,6.7,5.42,7.285,1.8650000000000002,2.6224999999999996,10.0825,False,False,OK
E12000008,South East,E07000088,Gosport,2009,5.31,5.42,7.285,1.8650000000000002,2.6224999999999996,10.0825,False,False,OK
E12000008,South East,E07000089,Hart,2009,7.2,5.42,7.285,1.8650000000000002,2.6224999999999996,10.0825,False,False,OK
E12000008,South East,E07000090,Havant,2009,7.17,5.42,7.285,1.8650000000000002,2.6224999999999996,10.0825,False,False,OK
E12000008,South East,E07000091,New Forest,2009,8.52,5.42,7.285,1.8650000000000002,2.6224999999999996,10.0825,False,False,OK
E12000008,South East,E07000092,Rushmoor,2009,6.59,5.42,7.285,1.8650000000000002,2.6224999999999996,10.0825,False,False,OK
E12000008,South East,E07000093,Test Valley,2009,7.92,5.42,7.285,1.8650000000000002,2.6224999999999996,10.0825,False,False,OK
E12000008,South East,E07000094,Winchester,2009,7.23,5.42,7.285,1.8650000000000002,2.6224999999999996,10.0825,False,False,OK
E12000008,South East,E07000105,Ashford,2009,6.99,5.42,7.285,1.8650000000000002,2.6224999999999996,10.0825,False,False,OK
E12000008,South East,E07000106,Canterbury,2009,6.48,5.42,7.285,1.8650000000000002,2.6224999999999996,10.0825,False,False,OK
E12000008,South East,E07000107,Dartford,2009,5.75,5.42,7.285,1.8650000000000002,2.6224999999999996,10.0825,False,False,OK
E12000008,South East,E07000108,Dover,2009,5.81,5.42,7.285,1.8650000000000002,2.6224999999999996,10.0825,False,False,OK
E12000008,South East,E07000109,Gravesham,2009,5.83,5.42,7.285,1.8650000000000002,2.6224999999999996,10.0825,False,False,OK
E12000008,South East,E07000110,Maidstone,2009,6.13,5.42,7.285,1.8650000000000002,2.6224999999999996,10.0825,False,False,OK
E12000008,South East,E07000111,Sevenoaks,2009,7.87,5.42,7.285,1.8650000000000002,2.6224999999999996,10.0825,False,False,OK
E12000008,South East,E07000112,Folkestone and Hythe,2009,6.88,5.42,7.285,1.8650000000000002,2.6224999999999996,10.0825,False,False,OK
E12000008,South East,E07000113,Swale,2009,5.56,5.42,7.285,1.8650000000000002,2.6224999999999996,10.0825,False,False,OK
E12000008,South East,E07000114,Thanet,2009,6.94,5.42,7.285,1.8650000000000002,2.6224999999999996,10.0825,False,False,OK
E12000008,South East,E07000115,Tonbridge and Malling,2009,6.8,5.42,7.285,1.8650000000000002,2.6224999999999996,10.0825,False,False,OK
E12000008,South East,E07000116,Tunbridge Wells,2009,6.98,5.42,7.285,1.8650000000000002,2.6224999999999996,10.0825,False,False,OK
E12000008,South East,E07000177,Cherwell,2009,6.62,5.42,7.285,1.8650000000000002,2.6224999999999996,10.0825,False,False,OK
E12000008,South East,E07000178,Oxford,2009,8.87,5.42,7.285,1.8650000000000002,2.6224999999999996,10.0825,False,False,OK
E12000008,South East,E07000179,South Oxfordshire,2009,8.47,5.42,7.285,1.8650000000000002,2.6224999999999996,10.0825,False,False,OK
E12000008,South East,E07000180,Vale of White Horse,2009,7.27,5.42,7.285,1.8650000000000002,2.6224999999999996,10.0825,False,False,OK
E12000008,South East,E07000181,West Oxfordshire,2009,7.42,5.42,7.285,1.8650000000000002,2.6224999999999996,10.0825,False,False,OK
E12000008,South East,E07000207,Elmbridge,2009,9.65,5.42,7.285,1.8650000000000002,2.6224999999999996,10.0825,False,False,OK
E12000008,South East,E07000208,Epsom and Ewell,2009,7.79,5.42,7.285,1.8650000000000002,2.6224999999999996,10.0825,False,False,OK
E12000008,South East,E07000209,Guildford,2009,7.04,5.42,7.285,1.8650000000000002,2.6224999999999996,10.0825,False,False,OK
E12000008,South East,E07000210,Mole Valley,2009,9.51,5.42,7.285,1.8650000000000002,2.6224999999999996,10.0825,False,False,OK
E12000008,South East,E07000211,Reigate and Banstead,2009,7.08,5.42,7.285,1.8650000000000002,2.6224999999999996,10.0825,False,False,OK
E12000008,South East,E07000212,Runnymede,2009,7.83,5.42,7.285,1.8650000000000002,2.6224999999999996,10.0825,False,False,OK
E12000008,South East,E07000213,Spelthorne,2009,7.43,5.42,7.285,1.8650000000000002,2.6224999999999996,10.0825,False,False,OK
E12000008,South East,E07000214,Surrey Heath,2009,7.49,5.42,7.285,1.8650000000000002,2.6224999999999996,10.0825,False,False,OK
E12000008,South East,E07000215,Tandridge,2009,8.6,5.42,7.285,1.8650000000000002,2.6224999999999996,10.0825,False,False,OK
E12000008,South East,E07000216,Waverley,2009,8.25,5.42,7.285,1.8650000000000002,2.6224999999999996,10.0825,False,False,OK
E12000008,South East,E07000217,Woking,2009,8.18,5.42,7.285,1.8650000000000002,2.6224999999999996,10.0825,False,False,OK
E12000008,South East,E07000223,Adur,2009,8.64,5.42,7.285,1.8650000000000002,2.6224999999999996,10.0825,False,False,OK
E12000008,South East,E07000224,Arun,2009,7.94,5.42,7.285,1.8650000000000002,2.6224999999999996,10.0825,False,False,OK
E12000008,South East,E07000225,Chichester,2009,8.96,5.42,7.285,1.8650000000000002,2.6224999999999996,10.0825,False,False,OK
E12000008,South East,E07000226,Crawley,2009,6.7,5.42,7.285,1.8650000000000002,2.6224999999999996,10.0825,False,False,OK
E12000008,South East,E07000227,Horsham,2009,7.56,5.42,7.285,1.8650000000000002,2.6224999999999996,10.0825,False,False,OK
E12000008,South East,E07000228,Mid Sussex,2009,7.72,5.42,7.285,1.8650000000000002,2.6224999999999996,10.0825,False,False,OK
E12000008,South East,E07000229,Worthing,2009,6.89,5.42,7.285,1.8650000000000002,2.6224999999999996,10.0825,False,False,OK
E12000009,South West,E06000022,Bath and North East Somerset,2009,8.02,5.42,7.285,1.8650000000000002,2.6224999999999996,10.0825,False,False,OK
E12000009,South West,E06000023,"Bristol, City of",2009,6.36,5.42,7.285,1.8650000000000002,2.6224999999999996,10.0825,False,False,OK
E12000009,South West,E06000024,North Somerset,2009,6.43,5.42,7.285,1.8650000000000002,2.6224999999999996,10.0825,False,False,OK
E12000009,South West,E06000025,South Gloucestershire,2009,6.47,5.42,7.285,1.8650000000000002,2.6224999999999996,10.0825,False,False,OK
E12000009,South West,E06000026,Plymouth,2009,5.99,5.42,7.285,1.8650000000000002,2.6224999999999996,10.0825,False,False,OK
E12000009,South West,E06000027,Torbay,2009,7.97,5.42,7.285,1.8650000000000002,2.6224999999999996,10.0825,False,False,OK
E12000009,South West,E06000030,Swindon,2009,5.28,5.42,7.285,1.8650000000000002,2.6224999999999996,10.0825,False,False,OK
E12000009,South West,E06000052,Cornwall,2009,8.13,5.42,7.285,1.8650000000000002,2.6224999999999996,10.0825,False,False,OK
E12000009,South West,E06000053,Isles of Scilly,2009,25.28,5.42,7.285,1.8650000000000002,2.6224999999999996,10.0825,True,False,Statistical outlier
E12000009,South West,E06000054,Wiltshire,2009,7.01,5.42,7.285,1.8650000000000002,2.6224999999999996,10.0825,False,False,OK
E12000009,South West,E06000058,"Bournemouth, Christchurch and Poole",2009,7.58,5.42,7.285,1.8650000000000002,2.6224999999999996,10.0825,False,False,OK
E12000009,South West,E06000059,Dorset,2009,8.75,5.42,7.285,1.8650000000000002,2.6224999999999996,10.0825,False,False,OK
E12000009,South West,E06000066,Somerset,2009,6.95,5.42,7.285,1.8650000000000002,2.6224999999999996,10.0825,False,False,OK
E12000009,South West,E07000040,East Devon,2009,9.08,5.42,7.285,1.8650000000000002,2.6224999999999996,10.0825,False,False,OK
E12000009,South West,E07000041,Exeter,2009,7.69,5.42,7.285,1.8650000000000002,2.6224999999999996,10.0825,False,False,OK
E12000009,South West,E07000042,Mid Devon,2009,7.83,5.42,7.285,1.8650000000000002,2.6224999999999996,10.0825,False,False,OK
E12000009,South West,E07000043,North Devon,2009,9.57,5.42,7.285,1.8650000000000002,2.6224999999999996,10.0825,False,False,OK
E12000009,South West,E07000044,South Hams,2009,8.3,5.42,7.285,1.8650000000000002,2.6224999999999996,10.0825,False,False,OK
E12000009,South West,E07000045,Teignbridge,2009,7.51,5.42,7.285,1.8650000000000002,2.6224999999999996,10.0825,False,False,OK
E12000009,South West,E07000046,Torridge,2009,8.29,5.42,7.285,1.8650000000000002,2.6224999999999996,10.0825,False,False,OK
E12000009,South West,E07000047,West Devon,2009,7.38,5.42,7.285,1.8650000000000002,2.6224999999999996,10.0825,False,False,OK
E12000009,South West,E07000078,Cheltenham,2009,6.19,5.42,7.285,1.8650000000000002,2.6224999999999996,10.0825,False,False,OK
E12000009,South West,E07000079,Cotswold,2009,9.87,5.42,7.285,1.8650000000000002,2.6224999999999996,10.0825,False,False,OK
E12000009,South West,E07000080,Forest of Dean,2009,6.72,5.42,7.285,1.8650000000000002,2.6224999999999996,10.0825,False,False,OK
E12000009,South West,E07000081,Gloucester,2009,5.5,5.42,7.285,1.8650000000000002,2.6224999999999996,10.0825,False,False,OK
E12000009,South West,E07000082,Stroud,2009,6.95,5.42,7.285,1.8650000000000002,2.6224999999999996,10.0825,False,False,OK
E12000009,South West,E07000083,Tewkesbury,2009,6.14,5.42,7.285,1.8650000000000002,2.6224999999999996,10.0825,False,False,OK
W92000004,Wales,W06000001,Isle of Anglesey,2009,6.27,5.42,7.285,1.8650000000000002,2.6224999999999996,10.0825,False,False,OK
W92000004,Wales,W06000002,Gwynedd,2009,6.38,5.42,7.285,1.8650000000000002,2.6224999999999996,10.0825,False,False,OK
W92000004,Wales,W06000003,Conwy,2009,5.86,5.42,7.285,1.8650000000000002,2.6224999999999996,10.0825,False,False,OK
W92000004,Wales,W06000004,Denbighshire,2009,5.68,5.42,7.285,1.8650000000000002,2.6224999999999996,10.0825,False,False,OK
W92000004,Wales,W06000005,Flintshire,2009,5.5,5.42,7.285,1.8650000000000002,2.6224999999999996,10.0825,False,False,OK
W92000004,Wales,W06000006,Wrexham,2009,5.42,5.42,7.285,1.8650000000000002,2.6224999999999996,10.0825,False,False,OK
W92000004,Wales,W06000008,Ceredigion,2009,7.48,5.42,7.285,1.8650000000000002,2.6224999999999996,10.0825,False,False,OK
W92000004,Wales,W06000009,Pembrokeshire,2009,7.18,5.42,7.285,1.8650000000000002,2.6224999999999996,10.0825,False,False,OK
W92000004,Wales,W06000010,Carmarthenshire,2009,5.54,5.42,7.285,1.8650000000000002,2.6224999999999996,10.0825,False,False,OK
W92000004,Wales,W06000011,Swansea,2009,5.65,5.42,7.285,1.8650000000000002,2.6224999999999996,10.0825,False,False,OK
W92000004,Wales,W06000012,Neath Port Talbot,2009,4.32,5.42,7.285,1.8650000000000002,2.6224999999999996,10.0825,False,False,OK
W92000004,Wales,W06000013,Bridgend,2009,5.54,5.42,7.285,1.8650000000000002,2.6224999999999996,10.0825,False,False,OK
W92000004,Wales,W06000014,Vale of Glamorgan,2009,6.03,5.42,7.285,1.8650000000000002,2.6224999999999996,10.0825,False,False,OK
W92000004,Wales,W06000015,Cardiff,2009,5.94,5.42,7.285,1.8650000000000002,2.6224999999999996,10.0825,False,False,OK
W92000004,Wales,W06000016,Rhondda Cynon Taf,2009,4.06,5.42,7.285,1.8650000000000002,2.6224999999999996,10.0825,False,False,OK
W92000004,Wales,W06000018,Caerphilly,2009,4.82,5.42,7.285,1.8650000000000002,2.6224999999999996,10.0825,False,False,OK
W92000004,Wales,W06000019,Blaenau Gwent,2009,4.06,5.42,7.285,1.8650000000000002,2.6224999999999996,10.0825,False,False,OK
W92000004,Wales,W06000020,Torfaen,2009,5.0,5.42,7.285,1.8650000000000002,2.6224999999999996,10.0825,False,False,OK
W92000004,Wales,W06000021,Monmouthshire,2009,6.03,5.42,7.285,1.8650000000000002,2.6224999999999996,10.0825,False,False,OK
W92000004,Wales,W06000022,Newport,2009,5.14,5.42,7.285,1.8650000000000002,2.6224999999999996,10.0825,False,False,OK
W92000004,Wales,W06000023,Powys,2009,7.09,5.42,7.285,1.8650000000000002,2.6224999999999996,10.0825,False,False,OK
W92000004,Wales,W06000024,Merthyr Tydfil,2009,4.25,5.42,7.285,1.8650000000000002,2.6224999999999996,10.0825,False,False,OK
E12000001,North East,E06000001,Hartlepool,2010,4.75,5.6000000000000005,7.842499999999999,2.242499999999999,2.2362500000000023,11.206249999999997,False,False,OK
E12000001,North East,E06000002,Middlesbrough,2010,5.1,5.6000000000000005,7.842499999999999,2.242499999999999,2.2362500000000023,11.206249999999997,False,False,OK
E12000001,North East,E06000003,Redcar and Cleveland,2010,5.57,5.6000000000000005,7.842499999999999,2.242499999999999,2.2362500000000023,11.206249999999997,False,False,OK
E12000001,North East,E06000004,Stockton-on-Tees,2010,5.32,5.6000000000000005,7.842499999999999,2.242499999999999,2.2362500000000023,11.206249999999997,False,False,OK
E12000001,North East,E06000005,Darlington,2010,5.45,5.6000000000000005,7.842499999999999,2.242499999999999,2.2362500000000023,11.206249999999997,False,False,OK
E12000001,North East,E06000047,County Durham,2010,4.84,5.6000000000000005,7.842499999999999,2.242499999999999,2.2362500000000023,11.206249999999997,False,False,OK
E12000001,North East,E06000057,Northumberland,2010,5.76,5.6000000000000005,7.842499999999999,2.242499999999999,2.2362500000000023,11.206249999999997,False,False,OK
E12000001,North East,E08000021,Newcastle upon Tyne,2010,6.28,5.6000000000000005,7.842499999999999,2.242499999999999,2.2362500000000023,11.206249999999997,False,False,OK
E12000001,North East,E08000022,North Tyneside,2010,5.9,5.6000000000000005,7.842499999999999,2.242499999999999,2.2362500000000023,11.206249999999997,False,False,OK
E12000001,North East,E08000023,South Tyneside,2010,5.06,5.6000000000000005,7.842499999999999,2.242499999999999,2.2362500000000023,11.206249999999997,False,False,OK
E12000001,North East,E08000024,Sunderland,2010,4.92,5.6000000000000005,7.842499999999999,2.242499999999999,2.2362500000000023,11.206249999999997,False,False,OK
E12000001,North East,E08000037,Gateshead,2010,5.2,5.6000000000000005,7.842499999999999,2.242499999999999,2.2362500000000023,11.206249999999997,False,False,OK
E12000002,North West,E06000006,Halton,2010,5.47,5.6000000000000005,7.842499999999999,2.242499999999999,2.2362500000000023,11.206249999999997,False,False,OK
E12000002,North West,E06000007,Warrington,2010,5.66,5.6000000000000005,7.842499999999999,2.242499999999999,2.2362500000000023,11.206249999999997,False,False,OK
E12000002,North West,E06000008,Blackburn with Darwen,2010,4.28,5.6000000000000005,7.842499999999999,2.242499999999999,2.2362500000000023,11.206249999999997,False,False,OK
E12000002,North West,E06000009,Blackpool,2010,5.65,5.6000000000000005,7.842499999999999,2.242499999999999,2.2362500000000023,11.206249999999997,False,False,OK
E12000002,North West,E06000049,Cheshire East,2010,6.73,5.6000000000000005,7.842499999999999,2.242499999999999,2.2362500000000023,11.206249999999997,False,False,OK
E12000002,North West,E06000050,Cheshire West and Chester,2010,5.72,5.6000000000000005,7.842499999999999,2.242499999999999,2.2362500000000023,11.206249999999997,False,False,OK
E12000002,North West,E06000063,Cumberland,2010,4.91,5.6000000000000005,7.842499999999999,2.242499999999999,2.2362500000000023,11.206249999999997,False,False,OK
E12000002,North West,E06000064,Westmorland and Furness,2010,6.91,5.6000000000000005,7.842499999999999,2.242499999999999,2.2362500000000023,11.206249999999997,False,False,OK
E12000002,North West,E07000117,Burnley,2010,3.54,5.6000000000000005,7.842499999999999,2.242499999999999,2.2362500000000023,11.206249999999997,False,False,OK
E12000002,North West,E07000118,Chorley,2010,6.21,5.6000000000000005,7.842499999999999,2.242499999999999,2.2362500000000023,11.206249999999997,False,False,OK
E12000002,North West,E07000119,Fylde,2010,5.86,5.6000000000000005,7.842499999999999,2.242499999999999,2.2362500000000023,11.206249999999997,False,False,OK
E12000002,North West,E07000120,Hyndburn,2010,3.92,5.6000000000000005,7.842499999999999,2.242499999999999,2.2362500000000023,11.206249999999997,False,False,OK
E12000002,North West,E07000121,Lancaster,2010,5.26,5.6000000000000005,7.842499999999999,2.242499999999999,2.2362500000000023,11.206249999999997,False,False,OK
E12000002,North West,E07000122,Pendle,2010,3.92,5.6000000000000005,7.842499999999999,2.242499999999999,2.2362500000000023,11.206249999999997,False,False,OK
E12000002,North West,E07000123,Preston,2010,5.41,5.6000000000000005,7.842499999999999,2.242499999999999,2.2362500000000023,11.206249999999997,False,False,OK
E12000002,North West,E07000124,Ribble Valley,2010,7.25,5.6000000000000005,7.842499999999999,2.242499999999999,2.2362500000000023,11.206249999999997,False,False,OK
E12000002,North West,E07000125,Rossendale,2010,5.13,5.6000000000000005,7.842499999999999,2.242499999999999,2.2362500000000023,11.206249999999997,False,False,OK
E12000002,North West,E07000126,South Ribble,2010,5.71,5.6000000000000005,7.842499999999999,2.242499999999999,2.2362500000000023,11.206249999999997,False,False,OK
E12000002,North West,E07000127,West Lancashire,2010,6.5,5.6000000000000005,7.842499999999999,2.242499999999999,2.2362500000000023,11.206249999999997,False,False,OK
E12000002,North West,E07000128,Wyre,2010,6.38,5.6000000000000005,7.842499999999999,2.242499999999999,2.2362500000000023,11.206249999999997,False,False,OK
E12000002,North West,E08000001,Bolton,2010,4.93,5.6000000000000005,7.842499999999999,2.242499999999999,2.2362500000000023,11.206249999999997,False,False,OK
E12000002,North West,E08000002,Bury,2010,4.92,5.6000000000000005,7.842499999999999,2.242499999999999,2.2362500000000023,11.206249999999997,False,False,OK
E12000002,North West,E08000003,Manchester,2010,5.4,5.6000000000000005,7.842499999999999,2.242499999999999,2.2362500000000023,11.206249999999997,False,False,OK
E12000002,North West,E08000004,Oldham,2010,5.13,5.6000000000000005,7.842499999999999,2.242499999999999,2.2362500000000023,11.206249999999997,False,False,OK
E12000002,North West,E08000005,Rochdale,2010,4.66,5.6000000000000005,7.842499999999999,2.242499999999999,2.2362500000000023,11.206249999999997,False,False,OK
E12000002,North West,E08000006,Salford,2010,4.89,5.6000000000000005,7.842499999999999,2.242499999999999,2.2362500000000023,11.206249999999997,False,False,OK
E12000002,North West,E08000007,Stockport,2010,6.17,5.6000000000000005,7.842499999999999,2.242499999999999,2.2362500000000023,11.206249999999997,False,False,OK
E12000002,North West,E08000008,Tameside,2010,5.04,5.6000000000000005,7.842499999999999,2.242499999999999,2.2362500000000023,11.206249999999997,False,False,OK
E12000002,North West,E08000009,Trafford,2010,6.43,5.6000000000000005,7.842499999999999,2.242499999999999,2.2362500000000023,11.206249999999997,False,False,OK
E12000002,North West,E08000010,Wigan,2010,4.79,5.6000000000000005,7.842499999999999,2.242499999999999,2.2362500000000023,11.206249999999997,False,False,OK
E12000002,North West,E08000011,Knowsley,2010,4.72,5.6000000000000005,7.842499999999999,2.242499999999999,2.2362500000000023,11.206249999999997,False,False,OK
E12000002,North West,E08000012,Liverpool,2010,4.79,5.6000000000000005,7.842499999999999,2.242499999999999,2.2362500000000023,11.206249999999997,False,False,OK
E12000002,North West,E08000013,St. Helens,2010,4.77,5.6000000000000005,7.842499999999999,2.242499999999999,2.2362500000000023,11.206249999999997,False,False,OK
E12000002,North West,E08000014,Sefton,2010,6.27,5.6000000000000005,7.842499999999999,2.242499999999999,2.2362500000000023,11.206249999999997,False,False,OK
E12000002,North West,E08000015,Wirral,2010,5.18,5.6000000000000005,7.842499999999999,2.242499999999999,2.2362500000000023,11.206249999999997,False,False,OK
E12000003,Yorkshire and The Humber,E06000010,"Kingston upon Hull, City of",2010,4.32,5.6000000000000005,7.842499999999999,2.242499999999999,2.2362500000000023,11.206249999999997,False,False,OK
E12000003,Yorkshire and The Humber,E06000011,East Riding of Yorkshire,2010,5.28,5.6000000000000005,7.842499999999999,2.242499999999999,2.2362500000000023,11.206249999999997,False,False,OK
E12000003,Yorkshire and The Humber,E06000012,North East Lincolnshire,2010,5.11,5.6000000000000005,7.842499999999999,2.242499999999999,2.2362500000000023,11.206249999999997,False,False,OK
E12000003,Yorkshire and The Humber,E06000013,North Lincolnshire,2010,4.7,5.6000000000000005,7.842499999999999,2.242499999999999,2.2362500000000023,11.206249999999997,False,False,OK
E12000003,Yorkshire and The Humber,E06000014,York,2010,7.02,5.6000000000000005,7.842499999999999,2.242499999999999,2.2362500000000023,11.206249999999997,False,False,OK
E12000003,Yorkshire and The Humber,E06000065,North Yorkshire,2010,7.12,5.6000000000000005,7.842499999999999,2.242499999999999,2.2362500000000023,11.206249999999997,False,False,OK
E12000003,Yorkshire and The Humber,E08000017,Doncaster,2010,4.9,5.6000000000000005,7.842499999999999,2.242499999999999,2.2362500000000023,11.206249999999997,False,False,OK
E12000003,Yorkshire and The Humber,E08000018,Rotherham,2010,5.13,5.6000000000000005,7.842499999999999,2.242499999999999,2.2362500000000023,11.206249999999997,False,False,OK
E12000003,Yorkshire and The Humber,E08000032,Bradford,2010,5.39,5.6000000000000005,7.842499999999999,2.242499999999999,2.2362500000000023,11.206249999999997,False,False,OK
E12000003,Yorkshire and The Humber,E08000033,Calderdale,2010,5.25,5.6000000000000005,7.842499999999999,2.242499999999999,2.2362500000000023,11.206249999999997,False,False,OK
E12000003,Yorkshire and The Humber,E08000034,Kirklees,2010,5.38,5.6000000000000005,7.842499999999999,2.242499999999999,2.2362500000000023,11.206249999999997,False,False,OK
E12000003,Yorkshire and The Humber,E08000035,Leeds,2010,5.85,5.6000000000000005,7.842499999999999,2.242499999999999,2.2362500000000023,11.206249999999997,False,False,OK
E12000003,Yorkshire and The Humber,E08000036,Wakefield,2010,5.61,5.6000000000000005,7.842499999999999,2.242499999999999,2.2362500000000023,11.206249999999997,False,False,OK
E12000003,Yorkshire and The Humber,E08000038,Barnsley,2010,4.38,5.6000000000000005,7.842499999999999,2.242499999999999,2.2362500000000023,11.206249999999997,False,False,OK
E12000003,Yorkshire and The Humber,E08000039,Sheffield,2010,5.3,5.6000000000000005,7.842499999999999,2.242499999999999,2.2362500000000023,11.206249999999997,False,False,OK
E12000004,East Midlands,E06000015,Derby,2010,4.73,5.6000000000000005,7.842499999999999,2.242499999999999,2.2362500000000023,11.206249999999997,False,False,OK
E12000004,East Midlands,E06000016,Leicester,2010,5.83,5.6000000000000005,7.842499999999999,2.242499999999999,2.2362500000000023,11.206249999999997,False,False,OK
E12000004,East Midlands,E06000017,Rutland,2010,8.78,5.6000000000000005,7.842499999999999,2.242499999999999,2.2362500000000023,11.206249999999997,False,False,OK
E12000004,East Midlands,E06000018,Nottingham,2010,4.53,5.6000000000000005,7.842499999999999,2.242499999999999,2.2362500000000023,11.206249999999997,False,False,OK
E12000004,East Midlands,E06000061,North Northamptonshire,2010,5.61,5.6000000000000005,7.842499999999999,2.242499999999999,2.2362500000000023,11.206249999999997,False,False,OK
E12000004,East Midlands,E06000062,West Northamptonshire,2010,6.34,5.6000000000000005,7.842499999999999,2.242499999999999,2.2362500000000023,11.206249999999997,False,False,OK
E12000004,East Midlands,E07000032,Amber Valley,2010,5.42,5.6000000000000005,7.842499999999999,2.242499999999999,2.2362500000000023,11.206249999999997,False,False,OK
E12000004,East Midlands,E07000033,Bolsover,2010,4.5,5.6000000000000005,7.842499999999999,2.242499999999999,2.2362500000000023,11.206249999999997,False,False,OK
E12000004,East Midlands,E07000034,Chesterfield,2010,5.13,5.6000000000000005,7.842499999999999,2.242499999999999,2.2362500000000023,11.206249999999997,False,False,OK
E12000004,East Midlands,E07000035,Derbyshire Dales,2010,7.25,5.6000000000000005,7.842499999999999,2.242499999999999,2.2362500000000023,11.206249999999997,False,False,OK
E12000004,East Midlands,E07000036,Erewash,2010,4.99,5.6000000000000005,7.842499999999999,2.242499999999999,2.2362500000000023,11.206249999999997,False,False,OK
E12000004,East Midlands,E07000037,High Peak,2010,5.65,5.6000000000000005,7.842499999999999,2.242499999999999,2.2362500000000023,11.206249999999997,False,False,OK
E12000004,East Midlands,E07000038,North East Derbyshire,2010,5.49,5.6000000000000005,7.842499999999999,2.242499999999999,2.2362500000000023,11.206249999999997,False,False,OK
E12000004,East Midlands,E07000039,South Derbyshire,2010,6.02,5.6000000000000005,7.842499999999999,2.242499999999999,2.2362500000000023,11.206249999999997,False,False,OK
E12000004,East Midlands,E07000129,Blaby,2010,5.41,5.6000000000000005,7.842499999999999,2.242499999999999,2.2362500000000023,11.206249999999997,False,False,OK
E12000004,East Midlands,E07000130,Charnwood,2010,5.94,5.6000000000000005,7.842499999999999,2.242499999999999,2.2362500000000023,11.206249999999997,False,False,OK
E12000004,East Midlands,E07000131,Harborough,2010,6.98,5.6000000000000005,7.842499999999999,2.242499999999999,2.2362500000000023,11.206249999999997,False,False,OK
E12000004,East Midlands,E07000132,Hinckley and Bosworth,2010,6.16,5.6000000000000005,7.842499999999999,2.242499999999999,2.2362500000000023,11.206249999999997,False,False,OK
E12000004,East Midlands,E07000133,Melton,2010,6.3,5.6000000000000005,7.842499999999999,2.242499999999999,2.2362500000000023,11.206249999999997,False,False,OK
E12000004,East Midlands,E07000134,North West Leicestershire,2010,5.99,5.6000000000000005,7.842499999999999,2.242499999999999,2.2362500000000023,11.206249999999997,False,False,OK
E12000004,East Midlands,E07000135,Oadby and Wigston,2010,5.79,5.6000000000000005,7.842499999999999,2.242499999999999,2.2362500000000023,11.206249999999997,False,False,OK
E12000004,East Midlands,E07000136,Boston,2010,5.84,5.6000000000000005,7.842499999999999,2.242499999999999,2.2362500000000023,11.206249999999997,False,False,OK
E12000004,East Midlands,E07000137,East Lindsey,2010,6.35,5.6000000000000005,7.842499999999999,2.242499999999999,2.2362500000000023,11.206249999999997,False,False,OK
E12000004,East Midlands,E07000138,Lincoln,2010,4.89,5.6000000000000005,7.842499999999999,2.242499999999999,2.2362500000000023,11.206249999999997,False,False,OK
E12000004,East Midlands,E07000139,North Kesteven,2010,6.55,5.6000000000000005,7.842499999999999,2.242499999999999,2.2362500000000023,11.206249999999997,False,False,OK
E12000004,East Midlands,E07000140,South Holland,2010,5.75,5.6000000000000005,7.842499999999999,2.242499999999999,2.2362500000000023,11.206249999999997,False,False,OK
E12000004,East Midlands,E07000141,South Kesteven,2010,6.28,5.6000000000000005,7.842499999999999,2.242499999999999,2.2362500000000023,11.206249999999997,False,False,OK
E12000004,East Midlands,E07000142,West Lindsey,2010,5.54,5.6000000000000005,7.842499999999999,2.242499999999999,2.2362500000000023,11.206249999999997,False,False,OK
E12000004,East Midlands,E07000170,Ashfield,2010,5.02,5.6000000000000005,7.842499999999999,2.242499999999999,2.2362500000000023,11.206249999999997,False,False,OK
E12000004,East Midlands,E07000171,Bassetlaw,2010,5.14,5.6000000000000005,7.842499999999999,2.242499999999999,2.2362500000000023,11.206249999999997,False,False,OK
E12000004,East Midlands,E07000172,Broxtowe,2010,5.17,5.6000000000000005,7.842499999999999,2.242499999999999,2.2362500000000023,11.206249999999997,False,False,OK
E12000004,East Midlands,E07000173,Gedling,2010,5.78,5.6000000000000005,7.842499999999999,2.242499999999999,2.2362500000000023,11.206249999999997,False,False,OK
E12000004,East Midlands,E07000174,Mansfield,2010,4.99,5.6000000000000005,7.842499999999999,2.242499999999999,2.2362500000000023,11.206249999999997,False,False,OK
E12000004,East Midlands,E07000175,Newark and Sherwood,2010,6.3,5.6000000000000005,7.842499999999999,2.242499999999999,2.2362500000000023,11.206249999999997,False,False,OK
E12000004,East Midlands,E07000176,Rushcliffe,2010,5.93,5.6000000000000005,7.842499999999999,2.242499999999999,2.2362500000000023,11.206249999999997,False,False,OK
E12000005,West Midlands,E06000019,"Herefordshire, County of",2010,9.04,5.6000000000000005,7.842499999999999,2.242499999999999,2.2362500000000023,11.206249999999997,False,False,OK
E12000005,West Midlands,E06000020,Telford and Wrekin,2010,6.21,5.6000000000000005,7.842499999999999,2.242499999999999,2.2362500000000023,11.206249999999997,False,False,OK
E12000005,West Midlands,E06000021,Stoke-on-Trent,2010,4.19,5.6000000000000005,7.842499999999999,2.242499999999999,2.2362500000000023,11.206249999999997,False,False,OK
E12000005,West Midlands,E06000051,Shropshire,2010,6.78,5.6000000000000005,7.842499999999999,2.242499999999999,2.2362500000000023,11.206249999999997,False,False,OK
E12000005,West Midlands,E07000192,Cannock Chase,2010,5.33,5.6000000000000005,7.842499999999999,2.242499999999999,2.2362500000000023,11.206249999999997,False,False,OK
E12000005,West Midlands,E07000193,East Staffordshire,2010,6.21,5.6000000000000005,7.842499999999999,2.242499999999999,2.2362500000000023,11.206249999999997,False,False,OK
E12000005,West Midlands,E07000194,Lichfield,2010,6.5,5.6000000000000005,7.842499999999999,2.242499999999999,2.2362500000000023,11.206249999999997,False,False,OK
E12000005,West Midlands,E07000195,Newcastle-under-Lyme,2010,5.31,5.6000000000000005,7.842499999999999,2.242499999999999,2.2362500000000023,11.206249999999997,False,False,OK
E12000005,West Midlands,E07000196,South Staffordshire,2010,6.68,5.6000000000000005,7.842499999999999,2.242499999999999,2.2362500000000023,11.206249999999997,False,False,OK
E12000005,West Midlands,E07000197,Stafford,2010,6.32,5.6000000000000005,7.842499999999999,2.242499999999999,2.2362500000000023,11.206249999999997,False,False,OK
E12000005,West Midlands,E07000198,Staffordshire Moorlands,2010,5.36,5.6000000000000005,7.842499999999999,2.242499999999999,2.2362500000000023,11.206249999999997,False,False,OK
E12000005,West Midlands,E07000199,Tamworth,2010,5.42,5.6000000000000005,7.842499999999999,2.242499999999999,2.2362500000000023,11.206249999999997,False,False,OK
E12000005,West Midlands,E07000218,North Warwickshire,2010,6.18,5.6000000000000005,7.842499999999999,2.242499999999999,2.2362500000000023,11.206249999999997,False,False,OK
E12000005,West Midlands,E07000219,Nuneaton and Bedworth,2010,5.2,5.6000000000000005,7.842499999999999,2.242499999999999,2.2362500000000023,11.206249999999997,False,False,OK
E12000005,West Midlands,E07000220,Rugby,2010,5.57,5.6000000000000005,7.842499999999999,2.242499999999999,2.2362500000000023,11.206249999999997,False,False,OK
E12000005,West Midlands,E07000221,Stratford-on-Avon,2010,8.78,5.6000000000000005,7.842499999999999,2.242499999999999,2.2362500000000023,11.206249999999997,False,False,OK
E12000005,West Midlands,E07000222,Warwick,2010,7.68,5.6000000000000005,7.842499999999999,2.242499999999999,2.2362500000000023,11.206249999999997,False,False,OK
E12000005,West Midlands,E07000234,Bromsgrove,2010,6.48,5.6000000000000005,7.842499999999999,2.242499999999999,2.2362500000000023,11.206249999999997,False,False,OK
E12000005,West Midlands,E07000235,Malvern Hills,2010,8.06,5.6000000000000005,7.842499999999999,2.242499999999999,2.2362500000000023,11.206249999999997,False,False,OK
E12000005,West Midlands,E07000236,Redditch,2010,6.44,5.6000000000000005,7.842499999999999,2.242499999999999,2.2362500000000023,11.206249999999997,False,False,OK
E12000005,West Midlands,E07000237,Worcester,2010,6.24,5.6000000000000005,7.842499999999999,2.242499999999999,2.2362500000000023,11.206249999999997,False,False,OK
E12000005,West Midlands,E07000238,Wychavon,2010,8.14,5.6000000000000005,7.842499999999999,2.242499999999999,2.2362500000000023,11.206249999999997,False,False,OK
E12000005,West Midlands,E07000239,Wyre Forest,2010,6.83,5.6000000000000005,7.842499999999999,2.242499999999999,2.2362500000000023,11.206249999999997,False,False,OK
E12000005,West Midlands,E08000025,Birmingham,2010,5.45,5.6000000000000005,7.842499999999999,2.242499999999999,2.2362500000000023,11.206249999999997,False,False,OK
E12000005,West Midlands,E08000026,Coventry,2010,5.23,5.6000000000000005,7.842499999999999,2.242499999999999,2.2362500000000023,11.206249999999997,False,False,OK
E12000005,West Midlands,E08000027,Dudley,2010,6.02,5.6000000000000005,7.842499999999999,2.242499999999999,2.2362500000000023,11.206249999999997,False,False,OK
E12000005,West Midlands,E08000028,Sandwell,2010,5.03,5.6000000000000005,7.842499999999999,2.242499999999999,2.2362500000000023,11.206249999999997,False,False,OK
E12000005,West Midlands,E08000029,Solihull,2010,7.29,5.6000000000000005,7.842499999999999,2.242499999999999,2.2362500000000023,11.206249999999997,False,False,OK
E12000005,West Midlands,E08000030,Walsall,2010,5.65,5.6000000000000005,7.842499999999999,2.242499999999999,2.2362500000000023,11.206249999999997,False,False,OK
E12000005,West Midlands,E08000031,Wolverhampton,2010,5.37,5.6000000000000005,7.842499999999999,2.242499999999999,2.2362500000000023,11.206249999999997,False,False,OK
E12000006,East of England,E06000031,Peterborough,2010,5.63,5.6000000000000005,7.842499999999999,2.242499999999999,2.2362500000000023,11.206249999999997,False,False,OK
E12000006,East of England,E06000032,Luton,2010,6.25,5.6000000000000005,7.842499999999999,2.242499999999999,2.2362500000000023,11.206249999999997,False,False,OK
E12000006,East of England,E06000033,Southend-on-Sea,2010,6.41,5.6000000000000005,7.842499999999999,2.242499999999999,2.2362500000000023,11.206249999999997,False,False,OK
E12000006,East of England,E06000034,Thurrock,2010,5.89,5.6000000000000005,7.842499999999999,2.242499999999999,2.2362500000000023,11.206249999999997,False,False,OK
E12000006,East of England,E06000055,Bedford,2010,6.36,5.6000000000000005,7.842499999999999,2.242499999999999,2.2362500000000023,11.206249999999997,False,False,OK
E12000006,East of England,E06000056,Central Bedfordshire,2010,6.43,5.6000000000000005,7.842499999999999,2.242499999999999,2.2362500000000023,11.206249999999997,False,False,OK
E12000006,East of England,E07000008,Cambridge,2010,8.14,5.6000000000000005,7.842499999999999,2.242499999999999,2.2362500000000023,11.206249999999997,False,False,OK
E12000006,East of England,E07000009,East Cambridgeshire,2010,6.56,5.6000000000000005,7.842499999999999,2.242499999999999,2.2362500000000023,11.206249999999997,False,False,OK
E12000006,East of England,E07000010,Fenland,2010,5.84,5.6000000000000005,7.842499999999999,2.242499999999999,2.2362500000000023,11.206249999999997,False,False,OK
E12000006,East of England,E07000011,Huntingdonshire,2010,6.03,5.6000000000000005,7.842499999999999,2.242499999999999,2.2362500000000023,11.206249999999997,False,False,OK
E12000006,East of England,E07000012,South Cambridgeshire,2010,7.13,5.6000000000000005,7.842499999999999,2.242499999999999,2.2362500000000023,11.206249999999997,False,False,OK
E12000006,East of England,E07000066,Basildon,2010,6.52,5.6000000000000005,7.842499999999999,2.242499999999999,2.2362500000000023,11.206249999999997,False,False,OK
E12000006,East of England,E07000067,Braintree,2010,6.58,5.6000000000000005,7.842499999999999,2.242499999999999,2.2362500000000023,11.206249999999997,False,False,OK
E12000006,East of England,E07000068,Brentwood,2010,7.2,5.6000000000000005,7.842499999999999,2.242499999999999,2.2362500000000023,11.206249999999997,False,False,OK
E12000006,East of England,E07000069,Castle Point,2010,7.77,5.6000000000000005,7.842499999999999,2.242499999999999,2.2362500000000023,11.206249999999997,False,False,OK
E12000006,East of England,E07000070,Chelmsford,2010,7.35,5.6000000000000005,7.842499999999999,2.242499999999999,2.2362500000000023,11.206249999999997,False,False,OK
E12000006,East of England,E07000071,Colchester,2010,6.54,5.6000000000000005,7.842499999999999,2.242499999999999,2.2362500000000023,11.206249999999997,False,False,OK
E12000006,East of England,E07000072,Epping Forest,2010,9.32,5.6000000000000005,7.842499999999999,2.242499999999999,2.2362500000000023,11.206249999999997,False,False,OK
E12000006,East of England,E07000073,Harlow,2010,6.58,5.6000000000000005,7.842499999999999,2.242499999999999,2.2362500000000023,11.206249999999997,False,False,OK
E12000006,East of England,E07000074,Maldon,2010,6.24,5.6000000000000005,7.842499999999999,2.242499999999999,2.2362500000000023,11.206249999999997,False,False,OK
E12000006,East of England,E07000075,Rochford,2010,7.62,5.6000000000000005,7.842499999999999,2.242499999999999,2.2362500000000023,11.206249999999997,False,False,OK
E12000006,East of England,E07000076,Tendring,2010,6.13,5.6000000000000005,7.842499999999999,2.242499999999999,2.2362500000000023,11.206249999999997,False,False,OK
E12000006,East of England,E07000077,Uttlesford,2010,8.71,5.6000000000000005,7.842499999999999,2.242499999999999,2.2362500000000023,11.206249999999997,False,False,OK
E12000006,East of England,E07000095,Broxbourne,2010,7.56,5.6000000000000005,7.842499999999999,2.242499999999999,2.2362500000000023,11.206249999999997,False,False,OK
E12000006,East of England,E07000096,Dacorum,2010,8.31,5.6000000000000005,7.842499999999999,2.242499999999999,2.2362500000000023,11.206249999999997,False,False,OK
E12000006,East of England,E07000098,Hertsmere,2010,10.0,5.6000000000000005,7.842499999999999,2.242499999999999,2.2362500000000023,11.206249999999997,False,False,OK
E12000006,East of England,E07000099,North Hertfordshire,2010,6.95,5.6000000000000005,7.842499999999999,2.242499999999999,2.2362500000000023,11.206249999999997,False,False,OK
E12000006,East of England,E07000102,Three Rivers,2010,8.71,5.6000000000000005,7.842499999999999,2.242499999999999,2.2362500000000023,11.206249999999997,False,False,OK
E12000006,East of England,E07000103,Watford,2010,6.84,5.6000000000000005,7.842499999999999,2.242499999999999,2.2362500000000023,11.206249999999997,False,False,OK
E12000006,East of England,E07000143,Breckland,2010,7.33,5.6000000000000005,7.842499999999999,2.242499999999999,2.2362500000000023,11.206249999999997,False,False,OK
E12000006,East of England,E07000144,Broadland,2010,6.83,5.6000000000000005,7.842499999999999,2.242499999999999,2.2362500000000023,11.206249999999997,False,False,OK
E12000006,East of England,E07000145,Great Yarmouth,2010,6.31,5.6000000000000005,7.842499999999999,2.242499999999999,2.2362500000000023,11.206249999999997,False,False,OK
E12000006,East of England,E07000146,King's Lynn and West Norfolk,2010,6.96,5.6000000000000005,7.842499999999999,2.242499999999999,2.2362500000000023,11.206249999999997,False,False,OK
E12000006,East of England,E07000147,North Norfolk,2010,8.51,5.6000000000000005,7.842499999999999,2.242499999999999,2.2362500000000023,11.206249999999997,False,False,OK
E12000006,East of England,E07000148,Norwich,2010,6.05,5.6000000000000005,7.842499999999999,2.242499999999999,2.2362500000000023,11.206249999999997,False,False,OK
E12000006,East of England,E07000149,South Norfolk,2010,6.65,5.6000000000000005,7.842499999999999,2.242499999999999,2.2362500000000023,11.206249999999997,False,False,OK
E12000006,East of England,E07000200,Babergh,2010,7.3,5.6000000000000005,7.842499999999999,2.242499999999999,2.2362500000000023,11.206249999999997,False,False,OK
E12000006,East of England,E07000202,Ipswich,2010,5.44,5.6000000000000005,7.842499999999999,2.242499999999999,2.2362500000000023,11.206249999999997,False,False,OK
E12000006,East of England,E07000203,Mid Suffolk,2010,7.68,5.6000000000000005,7.842499999999999,2.242499999999999,2.2362500000000023,11.206249999999997,False,False,OK
E12000006,East of England,E07000240,St Albans,2010,9.05,5.6000000000000005,7.842499999999999,2.242499999999999,2.2362500000000023,11.206249999999997,False,False,OK
E12000006,East of England,E07000241,Welwyn Hatfield,2010,7.52,5.6000000000000005,7.842499999999999,2.242499999999999,2.2362500000000023,11.206249999999997,False,False,OK
E12000006,East of England,E07000242,East Hertfordshire,2010,7.07,5.6000000000000005,7.842499999999999,2.242499999999999,2.2362500000000023,11.206249999999997,False,False,OK
E12000006,East of England,E07000243,Stevenage,2010,6.26,5.6000000000000005,7.842499999999999,2.242499999999999,2.2362500000000023,11.206249999999997,False,False,OK
E12000006,East of England,E07000244,East Suffolk,2010,7.15,5.6000000000000005,7.842499999999999,2.242499999999999,2.2362500000000023,11.206249999999997,False,False,OK
E12000006,East of England,E07000245,West Suffolk,2010,6.87,5.6000000000000005,7.842499999999999,2.242499999999999,2.2362500000000023,11.206249999999997,False,False,OK
E12000007,London,E09000001,City of London,2010,,5.6000000000000005,7.842499999999999,2.242499999999999,2.2362500000000023,11.206249999999997,False,True,Missing ratio value
E12000007,London,E09000002,Barking and Dagenham,2010,6.3,5.6000000000000005,7.842499999999999,2.242499999999999,2.2362500000000023,11.206249999999997,False,False,OK
E12000007,London,E09000003,Barnet,2010,9.72,5.6000000000000005,7.842499999999999,2.242499999999999,2.2362500000000023,11.206249999999997,False,False,OK
E12000007,London,E09000004,Bexley,2010,6.72,5.6000000000000005,7.842499999999999,2.242499999999999,2.2362500000000023,11.206249999999997,False,False,OK
E12000007,London,E09000005,Brent,2010,10.31,5.6000000000000005,7.842499999999999,2.242499999999999,2.2362500000000023,11.206249999999997,False,False,OK
E12000007,London,E09000006,Bromley,2010,7.82,5.6000000000000005,7.842499999999999,2.242499999999999,2.2362500000000023,11.206249999999997,False,False,OK
E12000007,London,E09000007,Camden,2010,12.63,5.6000000000000005,7.842499999999999,2.242499999999999,2.2362500000000023,11.206249999999997,True,False,Statistical outlier
E12000007,London,E09000008,Croydon,2010,7.17,5.6000000000000005,7.842499999999999,2.242499999999999,2.2362500000000023,11.206249999999997,False,False,OK
E12000007,London,E09000009,Ealing,2010,9.61,5.6000000000000005,7.842499999999999,2.242499999999999,2.2362500000000023,11.206249999999997,False,False,OK
E12000007,London,E09000010,Enfield,2010,8.0,5.6000000000000005,7.842499999999999,2.242499999999999,2.2362500000000023,11.206249999999997,False,False,OK
E12000007,London,E09000011,Greenwich,2010,7.61,5.6000000000000005,7.842499999999999,2.242499999999999,2.2362500000000023,11.206249999999997,False,False,OK
E12000007,London,E09000012,Hackney,2010,9.57,5.6000000000000005,7.842499999999999,2.242499999999999,2.2362500000000023,11.206249999999997,False,False,OK
E12000007,London,E09000013,Hammersmith and Fulham,2010,12.36,5.6000000000000005,7.842499999999999,2.242499999999999,2.2362500000000023,11.206249999999997,True,False,Statistical outlier
E12000007,London,E09000014,Haringey,2010,9.5,5.6000000000000005,7.842499999999999,2.242499999999999,2.2362500000000023,11.206249999999997,False,False,OK
E12000007,London,E09000015,Harrow,2010,8.94,5.6000000000000005,7.842499999999999,2.242499999999999,2.2362500000000023,11.206249999999997,False,False,OK
E12000007,London,E09000016,Havering,2010,7.09,5.6000000000000005,7.842499999999999,2.242499999999999,2.2362500000000023,11.206249999999997,False,False,OK
E12000007,London,E09000017,Hillingdon,2010,8.26,5.6000000000000005,7.842499999999999,2.242499999999999,2.2362500000000023,11.206249999999997,False,False,OK
E12000007,London,E09000018,Hounslow,2010,8.54,5.6000000000000005,7.842499999999999,2.242499999999999,2.2362500000000023,11.206249999999997,False,False,OK
E12000007,London,E09000019,Islington,2010,10.95,5.6000000000000005,7.842499999999999,2.242499999999999,2.2362500000000023,11.206249999999997,False,False,OK
E12000007,London,E09000020,Kensington and Chelsea,2010,15.93,5.6000000000000005,7.842499999999999,2.242499999999999,2.2362500000000023,11.206249999999997,True,False,Statistical outlier
E12000007,London,E09000021,Kingston upon Thames,2010,8.78,5.6000000000000005,7.842499999999999,2.242499999999999,2.2362500000000023,11.206249999999997,False,False,OK
E12000007,London,E09000022,Lambeth,2010,9.0,5.6000000000000005,7.842499999999999,2.242499999999999,2.2362500000000023,11.206249999999997,False,False,OK
E12000007,London,E09000023,Lewisham,2010,7.63,5.6000000000000005,7.842499999999999,2.242499999999999,2.2362500000000023,11.206249999999997,False,False,OK
E12000007,London,E09000024,Merton,2010,8.6,5.6000000000000005,7.842499999999999,2.242499999999999,2.2362500000000023,11.206249999999997,False,False,OK
E12000007,London,E09000025,Newham,2010,8.0,5.6000000000000005,7.842499999999999,2.242499999999999,2.2362500000000023,11.206249999999997,False,False,OK
E12000007,London,E09000026,Redbridge,2010,7.19,5.6000000000000005,7.842499999999999,2.242499999999999,2.2362500000000023,11.206249999999997,False,False,OK
E12000007,London,E09000027,Richmond upon Thames,2010,10.35,5.6000000000000005,7.842499999999999,2.242499999999999,2.2362500000000023,11.206249999999997,False,False,OK
E12000007,London,E09000028,Southwark,2010,9.15,5.6000000000000005,7.842499999999999,2.242499999999999,2.2362500000000023,11.206249999999997,False,False,OK
E12000007,London,E09000029,Sutton,2010,7.36,5.6000000000000005,7.842499999999999,2.242499999999999,2.2362500000000023,11.206249999999997,False,False,OK
E12000007,London,E09000030,Tower Hamlets,2010,8.88,5.6000000000000005,7.842499999999999,2.242499999999999,2.2362500000000023,11.206249999999997,False,False,OK
E12000007,London,E09000031,Waltham Forest,2010,7.81,5.6000000000000005,7.842499999999999,2.242499999999999,2.2362500000000023,11.206249999999997,False,False,OK
E12000007,London,E09000032,Wandsworth,2010,9.79,5.6000000000000005,7.842499999999999,2.242499999999999,2.2362500000000023,11.206249999999997,False,False,OK
E12000007,London,E09000033,Westminster,2010,12.08,5.6000000000000005,7.842499999999999,2.242499999999999,2.2362500000000023,11.206249999999997,True,False,Statistical outlier
E12000008,South East,E06000035,Medway,2010,5.56,5.6000000000000005,7.842499999999999,2.242499999999999,2.2362500000000023,11.206249999999997,False,False,OK
E12000008,South East,E06000036,Bracknell Forest,2010,7.78,5.6000000000000005,7.842499999999999,2.242499999999999,2.2362500000000023,11.206249999999997,False,False,OK
E12000008,South East,E06000037,West Berkshire,2010,7.85,5.6000000000000005,7.842499999999999,2.242499999999999,2.2362500000000023,11.206249999999997,False,False,OK
E12000008,South East,E06000038,Reading,2010,6.52,5.6000000000000005,7.842499999999999,2.242499999999999,2.2362500000000023,11.206249999999997,False,False,OK
E12000008,South East,E06000039,Slough,2010,7.01,5.6000000000000005,7.842499999999999,2.242499999999999,2.2362500000000023,11.206249999999997,False,False,OK
E12000008,South East,E06000040,Windsor and Maidenhead,2010,9.2,5.6000000000000005,7.842499999999999,2.242499999999999,2.2362500000000023,11.206249999999997,False,False,OK
E12000008,South East,E06000041,Wokingham,2010,7.55,5.6000000000000005,7.842499999999999,2.242499999999999,2.2362500000000023,11.206249999999997,False,False,OK
E12000008,South East,E06000042,Milton Keynes,2010,6.7,5.6000000000000005,7.842499999999999,2.242499999999999,2.2362500000000023,11.206249999999997,False,False,OK
E12000008,South East,E06000043,Brighton and Hove,2010,8.49,5.6000000000000005,7.842499999999999,2.242499999999999,2.2362500000000023,11.206249999999997,False,False,OK
E12000008,South East,E06000044,Portsmouth,2010,5.89,5.6000000000000005,7.842499999999999,2.242499999999999,2.2362500000000023,11.206249999999997,False,False,OK
E12000008,South East,E06000045,Southampton,2010,6.92,5.6000000000000005,7.842499999999999,2.242499999999999,2.2362500000000023,11.206249999999997,False,False,OK
E12000008,South East,E06000046,Isle of Wight,2010,7.85,5.6000000000000005,7.842499999999999,2.242499999999999,2.2362500000000023,11.206249999999997,False,False,OK
E12000008,South East,E06000060,Buckinghamshire,2010,8.33,5.6000000000000005,7.842499999999999,2.242499999999999,2.2362500000000023,11.206249999999997,False,False,OK
E12000008,South East,E07000061,Eastbourne,2010,7.03,5.6000000000000005,7.842499999999999,2.242499999999999,2.2362500000000023,11.206249999999997,False,False,OK
E12000008,South East,E07000062,Hastings,2010,6.77,5.6000000000000005,7.842499999999999,2.242499999999999,2.2362500000000023,11.206249999999997,False,False,OK
E12000008,South East,E07000063,Lewes,2010,7.89,5.6000000000000005,7.842499999999999,2.242499999999999,2.2362500000000023,11.206249999999997,False,False,OK
E12000008,South East,E07000064,Rother,2010,8.26,5.6000000000000005,7.842499999999999,2.242499999999999,2.2362500000000023,11.206249999999997,False,False,OK
E12000008,South East,E07000065,Wealden,2010,7.71,5.6000000000000005,7.842499999999999,2.242499999999999,2.2362500000000023,11.206249999999997,False,False,OK
E12000008,South East,E07000084,Basingstoke and Deane,2010,7.15,5.6000000000000005,7.842499999999999,2.242499999999999,2.2362500000000023,11.206249999999997,False,False,OK
E12000008,South East,E07000085,East Hampshire,2010,8.49,5.6000000000000005,7.842499999999999,2.242499999999999,2.2362500000000023,11.206249999999997,False,False,OK
E12000008,South East,E07000086,Eastleigh,2010,7.25,5.6000000000000005,7.842499999999999,2.242499999999999,2.2362500000000023,11.206249999999997,False,False,OK
E12000008,South East,E07000087,Fareham,2010,7.24,5.6000000000000005,7.842499999999999,2.242499999999999,2.2362500000000023,11.206249999999997,False,False,OK
E12000008,South East,E07000088,Gosport,2010,5.71,5.6000000000000005,7.842499999999999,2.242499999999999,2.2362500000000023,11.206249999999997,False,False,OK
E12000008,South East,E07000089,Hart,2010,7.46,5.6000000000000005,7.842499999999999,2.242499999999999,2.2362500000000023,11.206249999999997,False,False,OK
E12000008,South East,E07000090,Havant,2010,7.61,5.6000000000000005,7.842499999999999,2.242499999999999,2.2362500000000023,11.206249999999997,False,False,OK
E12000008,South East,E07000091,New Forest,2010,8.88,5.6000000000000005,7.842499999999999,2.242499999999999,2.2362500000000023,11.206249999999997,False,False,OK
E12000008,South East,E07000092,Rushmoor,2010,6.98,5.6000000000000005,7.842499999999999,2.242499999999999,2.2362500000000023,11.206249999999997,False,False,OK
E12000008,South East,E07000093,Test Valley,2010,8.64,5.6000000000000005,7.842499999999999,2.242499999999999,2.2362500000000023,11.206249999999997,False,False,OK
E12000008,South East,E07000094,Winchester,2010,8.58,5.6000000000000005,7.842499999999999,2.242499999999999,2.2362500000000023,11.206249999999997,False,False,OK
E12000008,South East,E07000105,Ashford,2010,7.64,5.6000000000000005,7.842499999999999,2.242499999999999,2.2362500000000023,11.206249999999997,False,False,OK
E12000008,South East,E07000106,Canterbury,2010,7.64,5.6000000000000005,7.842499999999999,2.242499999999999,2.2362500000000023,11.206249999999997,False,False,OK
E12000008,South East,E07000107,Dartford,2010,6.2,5.6000000000000005,7.842499999999999,2.242499999999999,2.2362500000000023,11.206249999999997,False,False,OK
E12000008,South East,E07000108,Dover,2010,5.92,5.6000000000000005,7.842499999999999,2.242499999999999,2.2362500000000023,11.206249999999997,False,False,OK
E12000008,South East,E07000109,Gravesham,2010,6.02,5.6000000000000005,7.842499999999999,2.242499999999999,2.2362500000000023,11.206249999999997,False,False,OK
E12000008,South East,E07000110,Maidstone,2010,6.87,5.6000000000000005,7.842499999999999,2.242499999999999,2.2362500000000023,11.206249999999997,False,False,OK
E12000008,South East,E07000111,Sevenoaks,2010,7.96,5.6000000000000005,7.842499999999999,2.242499999999999,2.2362500000000023,11.206249999999997,False,False,OK
E12000008,South East,E07000112,Folkestone and Hythe,2010,7.17,5.6000000000000005,7.842499999999999,2.242499999999999,2.2362500000000023,11.206249999999997,False,False,OK
E12000008,South East,E07000113,Swale,2010,5.95,5.6000000000000005,7.842499999999999,2.242499999999999,2.2362500000000023,11.206249999999997,False,False,OK
E12000008,South East,E07000114,Thanet,2010,7.55,5.6000000000000005,7.842499999999999,2.242499999999999,2.2362500000000023,11.206249999999997,False,False,OK
E12000008,South East,E07000115,Tonbridge and Malling,2010,7.88,5.6000000000000005,7.842499999999999,2.242499999999999,2.2362500000000023,11.206249999999997,False,False,OK
E12000008,South East,E07000116,Tunbridge Wells,2010,8.08,5.6000000000000005,7.842499999999999,2.242499999999999,2.2362500000000023,11.206249999999997,False,False,OK
E12000008,South East,E07000177,Cherwell,2010,6.81,5.6000000000000005,7.842499999999999,2.242499999999999,2.2362500000000023,11.206249999999997,False,False,OK
E12000008,South East,E07000178,Oxford,2010,9.43,5.6000000000000005,7.842499999999999,2.242499999999999,2.2362500000000023,11.206249999999997,False,False,OK
E12000008,South East,E07000179,South Oxfordshire,2010,8.69,5.6000000000000005,7.842499999999999,2.242499999999999,2.2362500000000023,11.206249999999997,False,False,OK
E12000008,South East,E07000180,Vale of White Horse,2010,7.84,5.6000000000000005,7.842499999999999,2.242499999999999,2.2362500000000023,11.206249999999997,False,False,OK
E12000008,South East,E07000181,West Oxfordshire,2010,7.49,5.6000000000000005,7.842499999999999,2.242499999999999,2.2362500000000023,11.206249999999997,False,False,OK
E12000008,South East,E07000207,Elmbridge,2010,11.14,5.6000000000000005,7.842499999999999,2.242499999999999,2.2362500000000023,11.206249999999997,False,False,OK
E12000008,South East,E07000208,Epsom and Ewell,2010,9.41,5.6000000000000005,7.842499999999999,2.242499999999999,2.2362500000000023,11.206249999999997,False,False,OK
E12000008,South East,E07000209,Guildford,2010,8.58,5.6000000000000005,7.842499999999999,2.242499999999999,2.2362500000000023,11.206249999999997,False,False,OK
E12000008,South East,E07000210,Mole Valley,2010,9.37,5.6000000000000005,7.842499999999999,2.242499999999999,2.2362500000000023,11.206249999999997,False,False,OK
E12000008,South East,E07000211,Reigate and Banstead,2010,7.94,5.6000000000000005,7.842499999999999,2.242499999999999,2.2362500000000023,11.206249999999997,False,False,OK
E12000008,South East,E07000212,Runnymede,2010,7.54,5.6000000000000005,7.842499999999999,2.242499999999999,2.2362500000000023,11.206249999999997,False,False,OK
E12000008,South East,E07000213,Spelthorne,2010,7.63,5.6000000000000005,7.842499999999999,2.242499999999999,2.2362500000000023,11.206249999999997,False,False,OK
E12000008,South East,E07000214,Surrey Heath,2010,7.81,5.6000000000000005,7.842499999999999,2.242499999999999,2.2362500000000023,11.206249999999997,False,False,OK
E12000008,South East,E07000215,Tandridge,2010,9.82,5.6000000000000005,7.842499999999999,2.242499999999999,2.2362500000000023,11.206249999999997,False,False,OK
E12000008,South East,E07000216,Waverley,2010,8.63,5.6000000000000005,7.842499999999999,2.242499999999999,2.2362500000000023,11.206249999999997,False,False,OK
E12000008,South East,E07000217,Woking,2010,8.66,5.6000000000000005,7.842499999999999,2.242499999999999,2.2362500000000023,11.206249999999997,False,False,OK
E12000008,South East,E07000223,Adur,2010,9.44,5.6000000000000005,7.842499999999999,2.242499999999999,2.2362500000000023,11.206249999999997,False,False,OK
E12000008,South East,E07000224,Arun,2010,8.71,5.6000000000000005,7.842499999999999,2.242499999999999,2.2362500000000023,11.206249999999997,False,False,OK
E12000008,South East,E07000225,Chichester,2010,9.94,5.6000000000000005,7.842499999999999,2.242499999999999,2.2362500000000023,11.206249999999997,False,False,OK
E12000008,South East,E07000226,Crawley,2010,6.76,5.6000000000000005,7.842499999999999,2.242499999999999,2.2362500000000023,11.206249999999997,False,False,OK
E12000008,South East,E07000227,Horsham,2010,8.56,5.6000000000000005,7.842499999999999,2.242499999999999,2.2362500000000023,11.206249999999997,False,False,OK
E12000008,South East,E07000228,Mid Sussex,2010,8.17,5.6000000000000005,7.842499999999999,2.242499999999999,2.2362500000000023,11.206249999999997,False,False,OK
E12000008,South East,E07000229,Worthing,2010,7.73,5.6000000000000005,7.842499999999999,2.242499999999999,2.2362500000000023,11.206249999999997,False,False,OK
E12000009,South West,E06000022,Bath and North East Somerset,2010,8.67,5.6000000000000005,7.842499999999999,2.242499999999999,2.2362500000000023,11.206249999999997,False,False,OK
E12000009,South West,E06000023,"Bristol, City of",2010,6.65,5.6000000000000005,7.842499999999999,2.242499999999999,2.2362500000000023,11.206249999999997,False,False,OK
E12000009,South West,E06000024,North Somerset,2010,6.86,5.6000000000000005,7.842499999999999,2.242499999999999,2.2362500000000023,11.206249999999997,False,False,OK
E12000009,South West,E06000025,South Gloucestershire,2010,7.09,5.6000000000000005,7.842499999999999,2.242499999999999,2.2362500000000023,11.206249999999997,False,False,OK
E12000009,South West,E06000026,Plymouth,2010,6.14,5.6000000000000005,7.842499999999999,2.242499999999999,2.2362500000000023,11.206249999999997,False,False,OK
E12000009,South West,E06000027,Torbay,2010,8.34,5.6000000000000005,7.842499999999999,2.242499999999999,2.2362500000000023,11.206249999999997,False,False,OK
E12000009,South West,E06000030,Swindon,2010,5.81,5.6000000000000005,7.842499999999999,2.242499999999999,2.2362500000000023,11.206249999999997,False,False,OK
E12000009,South West,E06000052,Cornwall,2010,8.38,5.6000000000000005,7.842499999999999,2.242499999999999,2.2362500000000023,11.206249999999997,False,False,OK
E12000009,South West,E06000053,Isles of Scilly,2010,,5.6000000000000005,7.842499999999999,2.242499999999999,2.2362500000000023,11.206249999999997,False,True,Missing ratio value
E12000009,South West,E06000054,Wiltshire,2010,7.82,5.6000000000000005,7.842499999999999,2.242499999999999,2.2362500000000023,11.206249999999997,False,False,OK
E12000009,South West,E06000058,"Bournemouth, Christchurch and Poole",2010,8.59,5.6000000000000005,7.842499999999999,2.242499999999999,2.2362500000000023,11.206249999999997,False,False,OK
E12000009,South West,E06000059,Dorset,2010,9.69,5.6000000000000005,7.842499999999999,2.242499999999999,2.2362500000000023,11.206249999999997,False,False,OK
E12000009,South West,E06000066,Somerset,2010,7.16,5.6000000000000005,7.842499999999999,2.242499999999999,2.2362500000000023,11.206249999999997,False,False,OK
E12000009,South West,E07000040,East Devon,2010,9.89,5.6000000000000005,7.842499999999999,2.242499999999999,2.2362500000000023,11.206249999999997,False,False,OK
E12000009,South West,E07000041,Exeter,2010,7.91,5.6000000000000005,7.842499999999999,2.242499999999999,2.2362500000000023,11.206249999999997,False,False,OK
E12000009,South West,E07000042,Mid Devon,2010,8.36,5.6000000000000005,7.842499999999999,2.242499999999999,2.2362500000000023,11.206249999999997,False,False,OK
E12000009,South West,E07000043,North Devon,2010,9.61,5.6000000000000005,7.842499999999999,2.242499999999999,2.2362500000000023,11.206249999999997,False,False,OK
E12000009,South West,E07000044,South Hams,2010,9.59,5.6000000000000005,7.842499999999999,2.242499999999999,2.2362500000000023,11.206249999999997,False,False,OK
E12000009,South West,E07000045,Teignbridge,2010,8.35,5.6000000000000005,7.842499999999999,2.242499999999999,2.2362500000000023,11.206249999999997,False,False,OK
E12000009,South West,E07000046,Torridge,2010,9.35,5.6000000000000005,7.842499999999999,2.242499999999999,2.2362500000000023,11.206249999999997,False,False,OK
E12000009,South West,E07000047,West Devon,2010,8.72,5.6000000000000005,7.842499999999999,2.242499999999999,2.2362500000000023,11.206249999999997,False,False,OK
E12000009,South West,E07000078,Cheltenham,2010,7.16,5.6000000000000005,7.842499999999999,2.242499999999999,2.2362500000000023,11.206249999999997,False,False,OK
E12000009,South West,E07000079,Cotswold,2010,11.81,5.6000000000000005,7.842499999999999,2.242499999999999,2.2362500000000023,11.206249999999997,True,False,Statistical outlier
E12000009,South West,E07000080,Forest of Dean,2010,7.01,5.6000000000000005,7.842499999999999,2.242499999999999,2.2362500000000023,11.206249999999997,False,False,OK
E12000009,South West,E07000081,Gloucester,2010,6.29,5.6000000000000005,7.842499999999999,2.242499999999999,2.2362500000000023,11.206249999999997,False,False,OK
E12000009,South West,E07000082,Stroud,2010,7.24,5.6000000000000005,7.842499999999999,2.242499999999999,2.2362500000000023,11.206249999999997,False,False,OK
E12000009,South West,E07000083,Tewkesbury,2010,6.87,5.6000000000000005,7.842499999999999,2.242499999999999,2.2362500000000023,11.206249999999997,False,False,OK
W92000004,Wales,W06000001,Isle of Anglesey,2010,6.56,5.6000000000000005,7.842499999999999,2.242499999999999,2.2362500000000023,11.206249999999997,False,False,OK
W92000004,Wales,W06000002,Gwynedd,2010,6.44,5.6000000000000005,7.842499999999999,2.242499999999999,2.2362500000000023,11.206249999999997,False,False,OK
W92000004,Wales,W06000003,Conwy,2010,6.57,5.6000000000000005,7.842499999999999,2.242499999999999,2.2362500000000023,11.206249999999997,False,False,OK
W92000004,Wales,W06000004,Denbighshire,2010,6.06,5.6000000000000005,7.842499999999999,2.242499999999999,2.2362500000000023,11.206249999999997,False,False,OK
W92000004,Wales,W06000005,Flintshire,2010,5.45,5.6000000000000005,7.842499999999999,2.242499999999999,2.2362500000000023,11.206249999999997,False,False,OK
W92000004,Wales,W06000006,Wrexham,2010,5.5,5.6000000000000005,7.842499999999999,2.242499999999999,2.2362500000000023,11.206249999999997,False,False,OK
W92000004,Wales,W06000008,Ceredigion,2010,8.26,5.6000000000000005,7.842499999999999,2.242499999999999,2.2362500000000023,11.206249999999997,False,False,OK
W92000004,Wales,W06000009,Pembrokeshire,2010,6.94,5.6000000000000005,7.842499999999999,2.242499999999999,2.2362500000000023,11.206249999999997,False,False,OK
W92000004,Wales,W06000010,Carmarthenshire,2010,5.7,5.6000000000000005,7.842499999999999,2.242499999999999,2.2362500000000023,11.206249999999997,False,False,OK
W92000004,Wales,W06000011,Swansea,2010,5.46,5.6000000000000005,7.842499999999999,2.242499999999999,2.2362500000000023,11.206249999999997,False,False,OK
W92000004,Wales,W06000012,Neath Port Talbot,2010,3.78,5.6000000000000005,7.842499999999999,2.242499999999999,2.2362500000000023,11.206249999999997,False,False,OK
W92000004,Wales,W06000013,Bridgend,2010,5.27,5.6000000000000005,7.842499999999999,2.242499999999999,2.2362500000000023,11.206249999999997,False,False,OK
W92000004,Wales,W06000014,Vale of Glamorgan,2010,6.14,5.6000000000000005,7.842499999999999,2.242499999999999,2.2362500000000023,11.206249999999997,False,False,OK
W92000004,Wales,W06000015,Cardiff,2010,6.28,5.6000000000000005,7.842499999999999,2.242499999999999,2.2362500000000023,11.206249999999997,False,False,OK
W92000004,Wales,W06000016,Rhondda Cynon Taf,2010,4.07,5.6000000000000005,7.842499999999999,2.242499999999999,2.2362500000000023,11.206249999999997,False,False,OK
W92000004,Wales,W06000018,Caerphilly,2010,5.12,5.6000000000000005,7.842499999999999,2.242499999999999,2.2362500000000023,11.206249999999997,False,False,OK
W92000004,Wales,W06000019,Blaenau Gwent,2010,3.89,5.6000000000000005,7.842499999999999,2.242499999999999,2.2362500000000023,11.206249999999997,False,False,OK
W92000004,Wales,W06000020,Torfaen,2010,4.89,5.6000000000000005,7.842499999999999,2.242499999999999,2.2362500000000023,11.206249999999997,False,False,OK
W92000004,Wales,W06000021,Monmouthshire,2010,6.97,5.6000000000000005,7.842499999999999,2.242499999999999,2.2362500000000023,11.206249999999997,False,False,OK
W92000004,Wales,W06000022,Newport,2010,5.3,5.6000000000000005,7.842499999999999,2.242499999999999,2.2362500000000023,11.206249999999997,False,False,OK
W92000004,Wales,W06000023,Powys,2010,7.26,5.6000000000000005,7.842499999999999,2.242499999999999,2.2362500000000023,11.206249999999997,False,False,OK
W92000004,Wales,W06000024,Merthyr Tydfil,2010,4.23,5.6000000000000005,7.842499999999999,2.242499999999999,2.2362500000000023,11.206249999999997,False,False,OK
E12000001,North East,E06000001,Hartlepool,2011,4.32,5.51,7.93,2.42,1.88,11.559999999999999,False,False,OK
E12000001,North East,E06000002,Middlesbrough,2011,4.98,5.51,7.93,2.42,1.88,11.559999999999999,False,False,OK
E12000001,North East,E06000003,Redcar and Cleveland,2011,4.74,5.51,7.93,2.42,1.88,11.559999999999999,False,False,OK
E12000001,North East,E06000004,Stockton-on-Tees,2011,4.95,5.51,7.93,2.42,1.88,11.559999999999999,False,False,OK
E12000001,North East,E06000005,Darlington,2011,5.16,5.51,7.93,2.42,1.88,11.559999999999999,False,False,OK
E12000001,North East,E06000047,County Durham,2011,4.38,5.51,7.93,2.42,1.88,11.559999999999999,False,False,OK
E12000001,North East,E06000057,Northumberland,2011,5.49,5.51,7.93,2.42,1.88,11.559999999999999,False,False,OK
E12000001,North East,E08000021,Newcastle upon Tyne,2011,6.13,5.51,7.93,2.42,1.88,11.559999999999999,False,False,OK
E12000001,North East,E08000022,North Tyneside,2011,5.52,5.51,7.93,2.42,1.88,11.559999999999999,False,False,OK
E12000001,North East,E08000023,South Tyneside,2011,4.7,5.51,7.93,2.42,1.88,11.559999999999999,False,False,OK
E12000001,North East,E08000024,Sunderland,2011,4.75,5.51,7.93,2.42,1.88,11.559999999999999,False,False,OK
E12000001,North East,E08000037,Gateshead,2011,5.11,5.51,7.93,2.42,1.88,11.559999999999999,False,False,OK
E12000002,North West,E06000006,Halton,2011,4.96,5.51,7.93,2.42,1.88,11.559999999999999,False,False,OK
E12000002,North West,E06000007,Warrington,2011,5.7,5.51,7.93,2.42,1.88,11.559999999999999,False,False,OK
E12000002,North West,E06000008,Blackburn with Darwen,2011,4.41,5.51,7.93,2.42,1.88,11.559999999999999,False,False,OK
E12000002,North West,E06000009,Blackpool,2011,5.14,5.51,7.93,2.42,1.88,11.559999999999999,False,False,OK
E12000002,North West,E06000049,Cheshire East,2011,6.43,5.51,7.93,2.42,1.88,11.559999999999999,False,False,OK
E12000002,North West,E06000050,Cheshire West and Chester,2011,5.97,5.51,7.93,2.42,1.88,11.559999999999999,False,False,OK
E12000002,North West,E06000063,Cumberland,2011,5.19,5.51,7.93,2.42,1.88,11.559999999999999,False,False,OK
E12000002,North West,E06000064,Westmorland and Furness,2011,6.68,5.51,7.93,2.42,1.88,11.559999999999999,False,False,OK
E12000002,North West,E07000117,Burnley,2011,3.49,5.51,7.93,2.42,1.88,11.559999999999999,False,False,OK
E12000002,North West,E07000118,Chorley,2011,6.06,5.51,7.93,2.42,1.88,11.559999999999999,False,False,OK
E12000002,North West,E07000119,Fylde,2011,5.46,5.51,7.93,2.42,1.88,11.559999999999999,False,False,OK
E12000002,North West,E07000120,Hyndburn,2011,3.73,5.51,7.93,2.42,1.88,11.559999999999999,False,False,OK
E12000002,North West,E07000121,Lancaster,2011,4.78,5.51,7.93,2.42,1.88,11.559999999999999,False,False,OK
E12000002,North West,E07000122,Pendle,2011,3.77,5.51,7.93,2.42,1.88,11.559999999999999,False,False,OK
E12000002,North West,E07000123,Preston,2011,5.13,5.51,7.93,2.42,1.88,11.559999999999999,False,False,OK
E12000002,North West,E07000124,Ribble Valley,2011,7.08,5.51,7.93,2.42,1.88,11.559999999999999,False,False,OK
E12000002,North West,E07000125,Rossendale,2011,4.5,5.51,7.93,2.42,1.88,11.559999999999999,False,False,OK
E12000002,North West,E07000126,South Ribble,2011,5.63,5.51,7.93,2.42,1.88,11.559999999999999,False,False,OK
E12000002,North West,E07000127,West Lancashire,2011,5.89,5.51,7.93,2.42,1.88,11.559999999999999,False,False,OK
E12000002,North West,E07000128,Wyre,2011,5.91,5.51,7.93,2.42,1.88,11.559999999999999,False,False,OK
E12000002,North West,E08000001,Bolton,2011,4.68,5.51,7.93,2.42,1.88,11.559999999999999,False,False,OK
E12000002,North West,E08000002,Bury,2011,4.62,5.51,7.93,2.42,1.88,11.559999999999999,False,False,OK
E12000002,North West,E08000003,Manchester,2011,5.65,5.51,7.93,2.42,1.88,11.559999999999999,False,False,OK
E12000002,North West,E08000004,Oldham,2011,4.75,5.51,7.93,2.42,1.88,11.559999999999999,False,False,OK
E12000002,North West,E08000005,Rochdale,2011,4.5,5.51,7.93,2.42,1.88,11.559999999999999,False,False,OK
E12000002,North West,E08000006,Salford,2011,4.86,5.51,7.93,2.42,1.88,11.559999999999999,False,False,OK
E12000002,North West,E08000007,Stockport,2011,6.17,5.51,7.93,2.42,1.88,11.559999999999999,False,False,OK
E12000002,North West,E08000008,Tameside,2011,5.03,5.51,7.93,2.42,1.88,11.559999999999999,False,False,OK
E12000002,North West,E08000009,Trafford,2011,6.51,5.51,7.93,2.42,1.88,11.559999999999999,False,False,OK
E12000002,North West,E08000010,Wigan,2011,4.58,5.51,7.93,2.42,1.88,11.559999999999999,False,False,OK
E12000002,North West,E08000011,Knowsley,2011,4.53,5.51,7.93,2.42,1.88,11.559999999999999,False,False,OK
E12000002,North West,E08000012,Liverpool,2011,4.64,5.51,7.93,2.42,1.88,11.559999999999999,False,False,OK
E12000002,North West,E08000013,St. Helens,2011,4.31,5.51,7.93,2.42,1.88,11.559999999999999,False,False,OK
E12000002,North West,E08000014,Sefton,2011,5.93,5.51,7.93,2.42,1.88,11.559999999999999,False,False,OK
E12000002,North West,E08000015,Wirral,2011,5.28,5.51,7.93,2.42,1.88,11.559999999999999,False,False,OK
E12000003,Yorkshire and The Humber,E06000010,"Kingston upon Hull, City of",2011,4.18,5.51,7.93,2.42,1.88,11.559999999999999,False,False,OK
E12000003,Yorkshire and The Humber,E06000011,East Riding of Yorkshire,2011,5.24,5.51,7.93,2.42,1.88,11.559999999999999,False,False,OK
E12000003,Yorkshire and The Humber,E06000012,North East Lincolnshire,2011,4.74,5.51,7.93,2.42,1.88,11.559999999999999,False,False,OK
E12000003,Yorkshire and The Humber,E06000013,North Lincolnshire,2011,4.38,5.51,7.93,2.42,1.88,11.559999999999999,False,False,OK
E12000003,Yorkshire and The Humber,E06000014,York,2011,6.88,5.51,7.93,2.42,1.88,11.559999999999999,False,False,OK
E12000003,Yorkshire and The Humber,E06000065,North Yorkshire,2011,7.36,5.51,7.93,2.42,1.88,11.559999999999999,False,False,OK
E12000003,Yorkshire and The Humber,E08000017,Doncaster,2011,4.64,5.51,7.93,2.42,1.88,11.559999999999999,False,False,OK
E12000003,Yorkshire and The Humber,E08000018,Rotherham,2011,4.84,5.51,7.93,2.42,1.88,11.559999999999999,False,False,OK
E12000003,Yorkshire and The Humber,E08000032,Bradford,2011,5.54,5.51,7.93,2.42,1.88,11.559999999999999,False,False,OK
E12000003,Yorkshire and The Humber,E08000033,Calderdale,2011,4.93,5.51,7.93,2.42,1.88,11.559999999999999,False,False,OK
E12000003,Yorkshire and The Humber,E08000034,Kirklees,2011,5.05,5.51,7.93,2.42,1.88,11.559999999999999,False,False,OK
E12000003,Yorkshire and The Humber,E08000035,Leeds,2011,5.78,5.51,7.93,2.42,1.88,11.559999999999999,False,False,OK
E12000003,Yorkshire and The Humber,E08000036,Wakefield,2011,5.45,5.51,7.93,2.42,1.88,11.559999999999999,False,False,OK
E12000003,Yorkshire and The Humber,E08000038,Barnsley,2011,4.28,5.51,7.93,2.42,1.88,11.559999999999999,False,False,OK
E12000003,Yorkshire and The Humber,E08000039,Sheffield,2011,5.16,5.51,7.93,2.42,1.88,11.559999999999999,False,False,OK
E12000004,East Midlands,E06000015,Derby,2011,4.57,5.51,7.93,2.42,1.88,11.559999999999999,False,False,OK
E12000004,East Midlands,E06000016,Leicester,2011,5.7,5.51,7.93,2.42,1.88,11.559999999999999,False,False,OK
E12000004,East Midlands,E06000017,Rutland,2011,7.91,5.51,7.93,2.42,1.88,11.559999999999999,False,False,OK
E12000004,East Midlands,E06000018,Nottingham,2011,4.26,5.51,7.93,2.42,1.88,11.559999999999999,False,False,OK
E12000004,East Midlands,E06000061,North Northamptonshire,2011,5.41,5.51,7.93,2.42,1.88,11.559999999999999,False,False,OK
E12000004,East Midlands,E06000062,West Northamptonshire,2011,6.06,5.51,7.93,2.42,1.88,11.559999999999999,False,False,OK
E12000004,East Midlands,E07000032,Amber Valley,2011,5.26,5.51,7.93,2.42,1.88,11.559999999999999,False,False,OK
E12000004,East Midlands,E07000033,Bolsover,2011,4.37,5.51,7.93,2.42,1.88,11.559999999999999,False,False,OK
E12000004,East Midlands,E07000034,Chesterfield,2011,4.91,5.51,7.93,2.42,1.88,11.559999999999999,False,False,OK
E12000004,East Midlands,E07000035,Derbyshire Dales,2011,7.19,5.51,7.93,2.42,1.88,11.559999999999999,False,False,OK
E12000004,East Midlands,E07000036,Erewash,2011,4.88,5.51,7.93,2.42,1.88,11.559999999999999,False,False,OK
E12000004,East Midlands,E07000037,High Peak,2011,5.59,5.51,7.93,2.42,1.88,11.559999999999999,False,False,OK
E12000004,East Midlands,E07000038,North East Derbyshire,2011,5.64,5.51,7.93,2.42,1.88,11.559999999999999,False,False,OK
E12000004,East Midlands,E07000039,South Derbyshire,2011,5.76,5.51,7.93,2.42,1.88,11.559999999999999,False,False,OK
E12000004,East Midlands,E07000129,Blaby,2011,5.7,5.51,7.93,2.42,1.88,11.559999999999999,False,False,OK
E12000004,East Midlands,E07000130,Charnwood,2011,6.09,5.51,7.93,2.42,1.88,11.559999999999999,False,False,OK
E12000004,East Midlands,E07000131,Harborough,2011,6.18,5.51,7.93,2.42,1.88,11.559999999999999,False,False,OK
E12000004,East Midlands,E07000132,Hinckley and Bosworth,2011,5.82,5.51,7.93,2.42,1.88,11.559999999999999,False,False,OK
E12000004,East Midlands,E07000133,Melton,2011,6.67,5.51,7.93,2.42,1.88,11.559999999999999,False,False,OK
E12000004,East Midlands,E07000134,North West Leicestershire,2011,5.86,5.51,7.93,2.42,1.88,11.559999999999999,False,False,OK
E12000004,East Midlands,E07000135,Oadby and Wigston,2011,5.64,5.51,7.93,2.42,1.88,11.559999999999999,False,False,OK
E12000004,East Midlands,E07000136,Boston,2011,5.87,5.51,7.93,2.42,1.88,11.559999999999999,False,False,OK
E12000004,East Midlands,E07000137,East Lindsey,2011,6.02,5.51,7.93,2.42,1.88,11.559999999999999,False,False,OK
E12000004,East Midlands,E07000138,Lincoln,2011,5.24,5.51,7.93,2.42,1.88,11.559999999999999,False,False,OK
E12000004,East Midlands,E07000139,North Kesteven,2011,6.54,5.51,7.93,2.42,1.88,11.559999999999999,False,False,OK
E12000004,East Midlands,E07000140,South Holland,2011,5.69,5.51,7.93,2.42,1.88,11.559999999999999,False,False,OK
E12000004,East Midlands,E07000141,South Kesteven,2011,5.83,5.51,7.93,2.42,1.88,11.559999999999999,False,False,OK
E12000004,East Midlands,E07000142,West Lindsey,2011,5.74,5.51,7.93,2.42,1.88,11.559999999999999,False,False,OK
E12000004,East Midlands,E07000170,Ashfield,2011,5.28,5.51,7.93,2.42,1.88,11.559999999999999,False,False,OK
E12000004,East Midlands,E07000171,Bassetlaw,2011,5.27,5.51,7.93,2.42,1.88,11.559999999999999,False,False,OK
E12000004,East Midlands,E07000172,Broxtowe,2011,5.31,5.51,7.93,2.42,1.88,11.559999999999999,False,False,OK
E12000004,East Midlands,E07000173,Gedling,2011,5.27,5.51,7.93,2.42,1.88,11.559999999999999,False,False,OK
E12000004,East Midlands,E07000174,Mansfield,2011,5.31,5.51,7.93,2.42,1.88,11.559999999999999,False,False,OK
E12000004,East Midlands,E07000175,Newark and Sherwood,2011,6.08,5.51,7.93,2.42,1.88,11.559999999999999,False,False,OK
E12000004,East Midlands,E07000176,Rushcliffe,2011,5.91,5.51,7.93,2.42,1.88,11.559999999999999,False,False,OK
E12000005,West Midlands,E06000019,"Herefordshire, County of",2011,8.75,5.51,7.93,2.42,1.88,11.559999999999999,False,False,OK
E12000005,West Midlands,E06000020,Telford and Wrekin,2011,6.05,5.51,7.93,2.42,1.88,11.559999999999999,False,False,OK
E12000005,West Midlands,E06000021,Stoke-on-Trent,2011,4.01,5.51,7.93,2.42,1.88,11.559999999999999,False,False,OK
E12000005,West Midlands,E06000051,Shropshire,2011,6.78,5.51,7.93,2.42,1.88,11.559999999999999,False,False,OK
E12000005,West Midlands,E07000192,Cannock Chase,2011,5.22,5.51,7.93,2.42,1.88,11.559999999999999,False,False,OK
E12000005,West Midlands,E07000193,East Staffordshire,2011,5.63,5.51,7.93,2.42,1.88,11.559999999999999,False,False,OK
E12000005,West Midlands,E07000194,Lichfield,2011,6.44,5.51,7.93,2.42,1.88,11.559999999999999,False,False,OK
E12000005,West Midlands,E07000195,Newcastle-under-Lyme,2011,5.36,5.51,7.93,2.42,1.88,11.559999999999999,False,False,OK
E12000005,West Midlands,E07000196,South Staffordshire,2011,6.47,5.51,7.93,2.42,1.88,11.559999999999999,False,False,OK
E12000005,West Midlands,E07000197,Stafford,2011,6.19,5.51,7.93,2.42,1.88,11.559999999999999,False,False,OK
E12000005,West Midlands,E07000198,Staffordshire Moorlands,2011,5.46,5.51,7.93,2.42,1.88,11.559999999999999,False,False,OK
E12000005,West Midlands,E07000199,Tamworth,2011,5.28,5.51,7.93,2.42,1.88,11.559999999999999,False,False,OK
E12000005,West Midlands,E07000218,North Warwickshire,2011,5.37,5.51,7.93,2.42,1.88,11.559999999999999,False,False,OK
E12000005,West Midlands,E07000219,Nuneaton and Bedworth,2011,4.97,5.51,7.93,2.42,1.88,11.559999999999999,False,False,OK
E12000005,West Midlands,E07000220,Rugby,2011,5.72,5.51,7.93,2.42,1.88,11.559999999999999,False,False,OK
E12000005,West Midlands,E07000221,Stratford-on-Avon,2011,8.34,5.51,7.93,2.42,1.88,11.559999999999999,False,False,OK
E12000005,West Midlands,E07000222,Warwick,2011,7.16,5.51,7.93,2.42,1.88,11.559999999999999,False,False,OK
E12000005,West Midlands,E07000234,Bromsgrove,2011,6.88,5.51,7.93,2.42,1.88,11.559999999999999,False,False,OK
E12000005,West Midlands,E07000235,Malvern Hills,2011,9.0,5.51,7.93,2.42,1.88,11.559999999999999,False,False,OK
E12000005,West Midlands,E07000236,Redditch,2011,6.44,5.51,7.93,2.42,1.88,11.559999999999999,False,False,OK
E12000005,West Midlands,E07000237,Worcester,2011,6.05,5.51,7.93,2.42,1.88,11.559999999999999,False,False,OK
E12000005,West Midlands,E07000238,Wychavon,2011,7.52,5.51,7.93,2.42,1.88,11.559999999999999,False,False,OK
E12000005,West Midlands,E07000239,Wyre Forest,2011,7.15,5.51,7.93,2.42,1.88,11.559999999999999,False,False,OK
E12000005,West Midlands,E08000025,Birmingham,2011,5.32,5.51,7.93,2.42,1.88,11.559999999999999,False,False,OK
E12000005,West Midlands,E08000026,Coventry,2011,4.9,5.51,7.93,2.42,1.88,11.559999999999999,False,False,OK
E12000005,West Midlands,E08000027,Dudley,2011,5.56,5.51,7.93,2.42,1.88,11.559999999999999,False,False,OK
E12000005,West Midlands,E08000028,Sandwell,2011,5.03,5.51,7.93,2.42,1.88,11.559999999999999,False,False,OK
E12000005,West Midlands,E08000029,Solihull,2011,7.08,5.51,7.93,2.42,1.88,11.559999999999999,False,False,OK
E12000005,West Midlands,E08000030,Walsall,2011,5.77,5.51,7.93,2.42,1.88,11.559999999999999,False,False,OK
E12000005,West Midlands,E08000031,Wolverhampton,2011,5.31,5.51,7.93,2.42,1.88,11.559999999999999,False,False,OK
E12000006,East of England,E06000031,Peterborough,2011,5.53,5.51,7.93,2.42,1.88,11.559999999999999,False,False,OK
E12000006,East of England,E06000032,Luton,2011,6.08,5.51,7.93,2.42,1.88,11.559999999999999,False,False,OK
E12000006,East of England,E06000033,Southend-on-Sea,2011,6.55,5.51,7.93,2.42,1.88,11.559999999999999,False,False,OK
E12000006,East of England,E06000034,Thurrock,2011,6.28,5.51,7.93,2.42,1.88,11.559999999999999,False,False,OK
E12000006,East of England,E06000055,Bedford,2011,6.91,5.51,7.93,2.42,1.88,11.559999999999999,False,False,OK
E12000006,East of England,E06000056,Central Bedfordshire,2011,6.73,5.51,7.93,2.42,1.88,11.559999999999999,False,False,OK
E12000006,East of England,E07000008,Cambridge,2011,8.69,5.51,7.93,2.42,1.88,11.559999999999999,False,False,OK
E12000006,East of England,E07000009,East Cambridgeshire,2011,6.44,5.51,7.93,2.42,1.88,11.559999999999999,False,False,OK
E12000006,East of England,E07000010,Fenland,2011,5.51,5.51,7.93,2.42,1.88,11.559999999999999,False,False,OK
E12000006,East of England,E07000011,Huntingdonshire,2011,6.02,5.51,7.93,2.42,1.88,11.559999999999999,False,False,OK
E12000006,East of England,E07000012,South Cambridgeshire,2011,7.58,5.51,7.93,2.42,1.88,11.559999999999999,False,False,OK
E12000006,East of England,E07000066,Basildon,2011,6.34,5.51,7.93,2.42,1.88,11.559999999999999,False,False,OK
E12000006,East of England,E07000067,Braintree,2011,6.55,5.51,7.93,2.42,1.88,11.559999999999999,False,False,OK
E12000006,East of England,E07000068,Brentwood,2011,6.7,5.51,7.93,2.42,1.88,11.559999999999999,False,False,OK
E12000006,East of England,E07000069,Castle Point,2011,7.49,5.51,7.93,2.42,1.88,11.559999999999999,False,False,OK
E12000006,East of England,E07000070,Chelmsford,2011,7.05,5.51,7.93,2.42,1.88,11.559999999999999,False,False,OK
E12000006,East of England,E07000071,Colchester,2011,6.46,5.51,7.93,2.42,1.88,11.559999999999999,False,False,OK
E12000006,East of England,E07000072,Epping Forest,2011,9.13,5.51,7.93,2.42,1.88,11.559999999999999,False,False,OK
E12000006,East of England,E07000073,Harlow,2011,6.95,5.51,7.93,2.42,1.88,11.559999999999999,False,False,OK
E12000006,East of England,E07000074,Maldon,2011,6.49,5.51,7.93,2.42,1.88,11.559999999999999,False,False,OK
E12000006,East of England,E07000075,Rochford,2011,7.05,5.51,7.93,2.42,1.88,11.559999999999999,False,False,OK
E12000006,East of England,E07000076,Tendring,2011,6.23,5.51,7.93,2.42,1.88,11.559999999999999,False,False,OK
E12000006,East of England,E07000077,Uttlesford,2011,8.92,5.51,7.93,2.42,1.88,11.559999999999999,False,False,OK
E12000006,East of England,E07000095,Broxbourne,2011,7.78,5.51,7.93,2.42,1.88,11.559999999999999,False,False,OK
E12000006,East of England,E07000096,Dacorum,2011,7.8,5.51,7.93,2.42,1.88,11.559999999999999,False,False,OK
E12000006,East of England,E07000098,Hertsmere,2011,9.93,5.51,7.93,2.42,1.88,11.559999999999999,False,False,OK
E12000006,East of England,E07000099,North Hertfordshire,2011,6.96,5.51,7.93,2.42,1.88,11.559999999999999,False,False,OK
E12000006,East of England,E07000102,Three Rivers,2011,8.79,5.51,7.93,2.42,1.88,11.559999999999999,False,False,OK
E12000006,East of England,E07000103,Watford,2011,6.78,5.51,7.93,2.42,1.88,11.559999999999999,False,False,OK
E12000006,East of England,E07000143,Breckland,2011,6.85,5.51,7.93,2.42,1.88,11.559999999999999,False,False,OK
E12000006,East of England,E07000144,Broadland,2011,6.33,5.51,7.93,2.42,1.88,11.559999999999999,False,False,OK
E12000006,East of England,E07000145,Great Yarmouth,2011,5.88,5.51,7.93,2.42,1.88,11.559999999999999,False,False,OK
E12000006,East of England,E07000146,King's Lynn and West Norfolk,2011,6.46,5.51,7.93,2.42,1.88,11.559999999999999,False,False,OK
E12000006,East of England,E07000147,North Norfolk,2011,7.8,5.51,7.93,2.42,1.88,11.559999999999999,False,False,OK
E12000006,East of England,E07000148,Norwich,2011,5.91,5.51,7.93,2.42,1.88,11.559999999999999,False,False,OK
E12000006,East of England,E07000149,South Norfolk,2011,6.56,5.51,7.93,2.42,1.88,11.559999999999999,False,False,OK
E12000006,East of England,E07000200,Babergh,2011,6.66,5.51,7.93,2.42,1.88,11.559999999999999,False,False,OK
E12000006,East of England,E07000202,Ipswich,2011,5.66,5.51,7.93,2.42,1.88,11.559999999999999,False,False,OK
E12000006,East of England,E07000203,Mid Suffolk,2011,7.16,5.51,7.93,2.42,1.88,11.559999999999999,False,False,OK
E12000006,East of England,E07000240,St Albans,2011,9.36,5.51,7.93,2.42,1.88,11.559999999999999,False,False,OK
E12000006,East of England,E07000241,Welwyn Hatfield,2011,7.92,5.51,7.93,2.42,1.88,11.559999999999999,False,False,OK
E12000006,East of England,E07000242,East Hertfordshire,2011,7.96,5.51,7.93,2.42,1.88,11.559999999999999,False,False,OK
E12000006,East of England,E07000243,Stevenage,2011,5.81,5.51,7.93,2.42,1.88,11.559999999999999,False,False,OK
E12000006,East of England,E07000244,East Suffolk,2011,6.69,5.51,7.93,2.42,1.88,11.559999999999999,False,False,OK
E12000006,East of England,E07000245,West Suffolk,2011,6.79,5.51,7.93,2.42,1.88,11.559999999999999,False,False,OK
E12000007,London,E09000001,City of London,2011,8.66,5.51,7.93,2.42,1.88,11.559999999999999,False,False,OK
E12000007,London,E09000002,Barking and Dagenham,2011,6.56,5.51,7.93,2.42,1.88,11.559999999999999,False,False,OK
E12000007,London,E09000003,Barnet,2011,10.06,5.51,7.93,2.42,1.88,11.559999999999999,False,False,OK
E12000007,London,E09000004,Bexley,2011,6.77,5.51,7.93,2.42,1.88,11.559999999999999,False,False,OK
E12000007,London,E09000005,Brent,2011,11.19,5.51,7.93,2.42,1.88,11.559999999999999,False,False,OK
E12000007,London,E09000006,Bromley,2011,8.06,5.51,7.93,2.42,1.88,11.559999999999999,False,False,OK
E12000007,London,E09000007,Camden,2011,13.96,5.51,7.93,2.42,1.88,11.559999999999999,True,False,Statistical outlier
E12000007,London,E09000008,Croydon,2011,7.27,5.51,7.93,2.42,1.88,11.559999999999999,False,False,OK
E12000007,London,E09000009,Ealing,2011,9.42,5.51,7.93,2.42,1.88,11.559999999999999,False,False,OK
E12000007,London,E09000010,Enfield,2011,8.26,5.51,7.93,2.42,1.88,11.559999999999999,False,False,OK
E12000007,London,E09000011,Greenwich,2011,8.17,5.51,7.93,2.42,1.88,11.559999999999999,False,False,OK
E12000007,London,E09000012,Hackney,2011,9.21,5.51,7.93,2.42,1.88,11.559999999999999,False,False,OK
E12000007,London,E09000013,Hammersmith and Fulham,2011,13.11,5.51,7.93,2.42,1.88,11.559999999999999,True,False,Statistical outlier
E12000007,London,E09000014,Haringey,2011,9.96,5.51,7.93,2.42,1.88,11.559999999999999,False,False,OK
E12000007,London,E09000015,Harrow,2011,9.51,5.51,7.93,2.42,1.88,11.559999999999999,False,False,OK
E12000007,London,E09000016,Havering,2011,7.29,5.51,7.93,2.42,1.88,11.559999999999999,False,False,OK
E12000007,London,E09000017,Hillingdon,2011,8.13,5.51,7.93,2.42,1.88,11.559999999999999,False,False,OK
E12000007,London,E09000018,Hounslow,2011,8.55,5.51,7.93,2.42,1.88,11.559999999999999,False,False,OK
E12000007,London,E09000019,Islington,2011,11.18,5.51,7.93,2.42,1.88,11.559999999999999,False,False,OK
E12000007,London,E09000020,Kensington and Chelsea,2011,16.48,5.51,7.93,2.42,1.88,11.559999999999999,True,False,Statistical outlier
E12000007,London,E09000021,Kingston upon Thames,2011,8.6,5.51,7.93,2.42,1.88,11.559999999999999,False,False,OK
E12000007,London,E09000022,Lambeth,2011,8.95,5.51,7.93,2.42,1.88,11.559999999999999,False,False,OK
E12000007,London,E09000023,Lewisham,2011,8.09,5.51,7.93,2.42,1.88,11.559999999999999,False,False,OK
E12000007,London,E09000024,Merton,2011,8.93,5.51,7.93,2.42,1.88,11.559999999999999,False,False,OK
E12000007,London,E09000025,Newham,2011,8.12,5.51,7.93,2.42,1.88,11.559999999999999,False,False,OK
E12000007,London,E09000026,Redbridge,2011,7.76,5.51,7.93,2.42,1.88,11.559999999999999,False,False,OK
E12000007,London,E09000027,Richmond upon Thames,2011,10.21,5.51,7.93,2.42,1.88,11.559999999999999,False,False,OK
E12000007,London,E09000028,Southwark,2011,9.69,5.51,7.93,2.42,1.88,11.559999999999999,False,False,OK
E12000007,London,E09000029,Sutton,2011,8.0,5.51,7.93,2.42,1.88,11.559999999999999,False,False,OK
E12000007,London,E09000030,Tower Hamlets,2011,8.87,5.51,7.93,2.42,1.88,11.559999999999999,False,False,OK
E12000007,London,E09000031,Waltham Forest,2011,8.51,5.51,7.93,2.42,1.88,11.559999999999999,False,False,OK
E12000007,London,E09000032,Wandsworth,2011,10.64,5.51,7.93,2.42,1.88,11.559999999999999,False,False,OK
E12000007,London,E09000033,Westminster,2011,14.62,5.51,7.93,2.42,1.88,11.559999999999999,True,False,Statistical outlier
E12000008,South East,E06000035,Medway,2011,5.33,5.51,7.93,2.42,1.88,11.559999999999999,False,False,OK
E12000008,South East,E06000036,Bracknell Forest,2011,7.35,5.51,7.93,2.42,1.88,11.559999999999999,False,False,OK
E12000008,South East,E06000037,West Berkshire,2011,8.24,5.51,7.93,2.42,1.88,11.559999999999999,False,False,OK
E12000008,South East,E06000038,Reading,2011,6.7,5.51,7.93,2.42,1.88,11.559999999999999,False,False,OK
E12000008,South East,E06000039,Slough,2011,7.09,5.51,7.93,2.42,1.88,11.559999999999999,False,False,OK
E12000008,South East,E06000040,Windsor and Maidenhead,2011,8.74,5.51,7.93,2.42,1.88,11.559999999999999,False,False,OK
E12000008,South East,E06000041,Wokingham,2011,7.54,5.51,7.93,2.42,1.88,11.559999999999999,False,False,OK
E12000008,South East,E06000042,Milton Keynes,2011,6.25,5.51,7.93,2.42,1.88,11.559999999999999,False,False,OK
E12000008,South East,E06000043,Brighton and Hove,2011,8.57,5.51,7.93,2.42,1.88,11.559999999999999,False,False,OK
E12000008,South East,E06000044,Portsmouth,2011,6.13,5.51,7.93,2.42,1.88,11.559999999999999,False,False,OK
E12000008,South East,E06000045,Southampton,2011,6.79,5.51,7.93,2.42,1.88,11.559999999999999,False,False,OK
E12000008,South East,E06000046,Isle of Wight,2011,7.12,5.51,7.93,2.42,1.88,11.559999999999999,False,False,OK
E12000008,South East,E06000060,Buckinghamshire,2011,8.17,5.51,7.93,2.42,1.88,11.559999999999999,False,False,OK
E12000008,South East,E07000061,Eastbourne,2011,7.45,5.51,7.93,2.42,1.88,11.559999999999999,False,False,OK
E12000008,South East,E07000062,Hastings,2011,6.6,5.51,7.93,2.42,1.88,11.559999999999999,False,False,OK
E12000008,South East,E07000063,Lewes,2011,8.22,5.51,7.93,2.42,1.88,11.559999999999999,False,False,OK
E12000008,South East,E07000064,Rother,2011,8.46,5.51,7.93,2.42,1.88,11.559999999999999,False,False,OK
E12000008,South East,E07000065,Wealden,2011,7.93,5.51,7.93,2.42,1.88,11.559999999999999,False,False,OK
E12000008,South East,E07000084,Basingstoke and Deane,2011,7.1,5.51,7.93,2.42,1.88,11.559999999999999,False,False,OK
E12000008,South East,E07000085,East Hampshire,2011,8.78,5.51,7.93,2.42,1.88,11.559999999999999,False,False,OK
E12000008,South East,E07000086,Eastleigh,2011,7.23,5.51,7.93,2.42,1.88,11.559999999999999,False,False,OK
E12000008,South East,E07000087,Fareham,2011,7.07,5.51,7.93,2.42,1.88,11.559999999999999,False,False,OK
E12000008,South East,E07000088,Gosport,2011,5.97,5.51,7.93,2.42,1.88,11.559999999999999,False,False,OK
E12000008,South East,E07000089,Hart,2011,7.57,5.51,7.93,2.42,1.88,11.559999999999999,False,False,OK
E12000008,South East,E07000090,Havant,2011,7.29,5.51,7.93,2.42,1.88,11.559999999999999,False,False,OK
E12000008,South East,E07000091,New Forest,2011,8.88,5.51,7.93,2.42,1.88,11.559999999999999,False,False,OK
E12000008,South East,E07000092,Rushmoor,2011,7.45,5.51,7.93,2.42,1.88,11.559999999999999,False,False,OK
E12000008,South East,E07000093,Test Valley,2011,8.94,5.51,7.93,2.42,1.88,11.559999999999999,False,False,OK
E12000008,South East,E07000094,Winchester,2011,8.81,5.51,7.93,2.42,1.88,11.559999999999999,False,False,OK
E12000008,South East,E07000105,Ashford,2011,6.82,5.51,7.93,2.42,1.88,11.559999999999999,False,False,OK
E12000008,South East,E07000106,Canterbury,2011,6.64,5.51,7.93,2.42,1.88,11.559999999999999,False,False,OK
E12000008,South East,E07000107,Dartford,2011,6.16,5.51,7.93,2.42,1.88,11.559999999999999,False,False,OK
E12000008,South East,E07000108,Dover,2011,5.88,5.51,7.93,2.42,1.88,11.559999999999999,False,False,OK
E12000008,South East,E07000109,Gravesham,2011,6.03,5.51,7.93,2.42,1.88,11.559999999999999,False,False,OK
E12000008,South East,E07000110,Maidstone,2011,6.66,5.51,7.93,2.42,1.88,11.559999999999999,False,False,OK
E12000008,South East,E07000111,Sevenoaks,2011,8.69,5.51,7.93,2.42,1.88,11.559999999999999,False,False,OK
E12000008,South East,E07000112,Folkestone and Hythe,2011,6.74,5.51,7.93,2.42,1.88,11.559999999999999,False,False,OK
E12000008,South East,E07000113,Swale,2011,5.32,5.51,7.93,2.42,1.88,11.559999999999999,False,False,OK
E12000008,South East,E07000114,Thanet,2011,6.95,5.51,7.93,2.42,1.88,11.559999999999999,False,False,OK
E12000008,South East,E07000115,Tonbridge and Malling,2011,7.37,5.51,7.93,2.42,1.88,11.559999999999999,False,False,OK
E12000008,South East,E07000116,Tunbridge Wells,2011,7.22,5.51,7.93,2.42,1.88,11.559999999999999,False,False,OK
E12000008,South East,E07000177,Cherwell,2011,7.53,5.51,7.93,2.42,1.88,11.559999999999999,False,False,OK
E12000008,South East,E07000178,Oxford,2011,9.21,5.51,7.93,2.42,1.88,11.559999999999999,False,False,OK
E12000008,South East,E07000179,South Oxfordshire,2011,8.43,5.51,7.93,2.42,1.88,11.559999999999999,False,False,OK
E12000008,South East,E07000180,Vale of White Horse,2011,7.88,5.51,7.93,2.42,1.88,11.559999999999999,False,False,OK
E12000008,South East,E07000181,West Oxfordshire,2011,8.01,5.51,7.93,2.42,1.88,11.559999999999999,False,False,OK
E12000008,South East,E07000207,Elmbridge,2011,9.64,5.51,7.93,2.42,1.88,11.559999999999999,False,False,OK
E12000008,South East,E07000208,Epsom and Ewell,2011,8.42,5.51,7.93,2.42,1.88,11.559999999999999,False,False,OK
E12000008,South East,E07000209,Guildford,2011,8.93,5.51,7.93,2.42,1.88,11.559999999999999,False,False,OK
E12000008,South East,E07000210,Mole Valley,2011,10.89,5.51,7.93,2.42,1.88,11.559999999999999,False,False,OK
E12000008,South East,E07000211,Reigate and Banstead,2011,7.91,5.51,7.93,2.42,1.88,11.559999999999999,False,False,OK
E12000008,South East,E07000212,Runnymede,2011,8.46,5.51,7.93,2.42,1.88,11.559999999999999,False,False,OK
E12000008,South East,E07000213,Spelthorne,2011,7.47,5.51,7.93,2.42,1.88,11.559999999999999,False,False,OK
E12000008,South East,E07000214,Surrey Heath,2011,8.23,5.51,7.93,2.42,1.88,11.559999999999999,False,False,OK
E12000008,South East,E07000215,Tandridge,2011,10.48,5.51,7.93,2.42,1.88,11.559999999999999,False,False,OK
E12000008,South East,E07000216,Waverley,2011,9.66,5.51,7.93,2.42,1.88,11.559999999999999,False,False,OK
E12000008,South East,E07000217,Woking,2011,8.38,5.51,7.93,2.42,1.88,11.559999999999999,False,False,OK
E12000008,South East,E07000223,Adur,2011,9.61,5.51,7.93,2.42,1.88,11.559999999999999,False,False,OK
E12000008,South East,E07000224,Arun,2011,8.9,5.51,7.93,2.42,1.88,11.559999999999999,False,False,OK
E12000008,South East,E07000225,Chichester,2011,9.5,5.51,7.93,2.42,1.88,11.559999999999999,False,False,OK
E12000008,South East,E07000226,Crawley,2011,6.87,5.51,7.93,2.42,1.88,11.559999999999999,False,False,OK
E12000008,South East,E07000227,Horsham,2011,7.98,5.51,7.93,2.42,1.88,11.559999999999999,False,False,OK
E12000008,South East,E07000228,Mid Sussex,2011,8.37,5.51,7.93,2.42,1.88,11.559999999999999,False,False,OK
E12000008,South East,E07000229,Worthing,2011,7.41,5.51,7.93,2.42,1.88,11.559999999999999,False,False,OK
E12000009,South West,E06000022,Bath and North East Somerset,2011,8.87,5.51,7.93,2.42,1.88,11.559999999999999,False,False,OK
E12000009,South West,E06000023,"Bristol, City of",2011,6.78,5.51,7.93,2.42,1.88,11.559999999999999,False,False,OK
E12000009,South West,E06000024,North Somerset,2011,6.45,5.51,7.93,2.42,1.88,11.559999999999999,False,False,OK
E12000009,South West,E06000025,South Gloucestershire,2011,6.74,5.51,7.93,2.42,1.88,11.559999999999999,False,False,OK
E12000009,South West,E06000026,Plymouth,2011,6.0,5.51,7.93,2.42,1.88,11.559999999999999,False,False,OK
E12000009,South West,E06000027,Torbay,2011,7.25,5.51,7.93,2.42,1.88,11.559999999999999,False,False,OK
E12000009,South West,E06000030,Swindon,2011,5.58,5.51,7.93,2.42,1.88,11.559999999999999,False,False,OK
E12000009,South West,E06000052,Cornwall,2011,8.6,5.51,7.93,2.42,1.88,11.559999999999999,False,False,OK
E12000009,South West,E06000053,Isles of Scilly,2011,,5.51,7.93,2.42,1.88,11.559999999999999,False,True,Missing ratio value
E12000009,South West,E06000054,Wiltshire,2011,7.63,5.51,7.93,2.42,1.88,11.559999999999999,False,False,OK
E12000009,South West,E06000058,"Bournemouth, Christchurch and Poole",2011,8.18,5.51,7.93,2.42,1.88,11.559999999999999,False,False,OK
E12000009,South West,E06000059,Dorset,2011,9.28,5.51,7.93,2.42,1.88,11.559999999999999,False,False,OK
E12000009,South West,E06000066,Somerset,2011,7.3,5.51,7.93,2.42,1.88,11.559999999999999,False,False,OK
E12000009,South West,E07000040,East Devon,2011,9.69,5.51,7.93,2.42,1.88,11.559999999999999,False,False,OK
E12000009,South West,E07000041,Exeter,2011,8.04,5.51,7.93,2.42,1.88,11.559999999999999,False,False,OK
E12000009,South West,E07000042,Mid Devon,2011,8.26,5.51,7.93,2.42,1.88,11.559999999999999,False,False,OK
E12000009,South West,E07000043,North Devon,2011,9.04,5.51,7.93,2.42,1.88,11.559999999999999,False,False,OK
E12000009,South West,E07000044,South Hams,2011,9.61,5.51,7.93,2.42,1.88,11.559999999999999,False,False,OK
E12000009,South West,E07000045,Teignbridge,2011,8.52,5.51,7.93,2.42,1.88,11.559999999999999,False,False,OK
E12000009,South West,E07000046,Torridge,2011,8.71,5.51,7.93,2.42,1.88,11.559999999999999,False,False,OK
E12000009,South West,E07000047,West Devon,2011,8.12,5.51,7.93,2.42,1.88,11.559999999999999,False,False,OK
E12000009,South West,E07000078,Cheltenham,2011,7.22,5.51,7.93,2.42,1.88,11.559999999999999,False,False,OK
E12000009,South West,E07000079,Cotswold,2011,10.86,5.51,7.93,2.42,1.88,11.559999999999999,False,False,OK
E12000009,South West,E07000080,Forest of Dean,2011,6.55,5.51,7.93,2.42,1.88,11.559999999999999,False,False,OK
E12000009,South West,E07000081,Gloucester,2011,6.03,5.51,7.93,2.42,1.88,11.559999999999999,False,False,OK
E12000009,South West,E07000082,Stroud,2011,7.21,5.51,7.93,2.42,1.88,11.559999999999999,False,False,OK
E12000009,South West,E07000083,Tewkesbury,2011,6.45,5.51,7.93,2.42,1.88,11.559999999999999,False,False,OK
W92000004,Wales,W06000001,Isle of Anglesey,2011,6.81,5.51,7.93,2.42,1.88,11.559999999999999,False,False,OK
W92000004,Wales,W06000002,Gwynedd,2011,6.04,5.51,7.93,2.42,1.88,11.559999999999999,False,False,OK
W92000004,Wales,W06000003,Conwy,2011,6.35,5.51,7.93,2.42,1.88,11.559999999999999,False,False,OK
W92000004,Wales,W06000004,Denbighshire,2011,5.51,5.51,7.93,2.42,1.88,11.559999999999999,False,False,OK
W92000004,Wales,W06000005,Flintshire,2011,5.58,5.51,7.93,2.42,1.88,11.559999999999999,False,False,OK
W92000004,Wales,W06000006,Wrexham,2011,5.75,5.51,7.93,2.42,1.88,11.559999999999999,False,False,OK
W92000004,Wales,W06000008,Ceredigion,2011,7.74,5.51,7.93,2.42,1.88,11.559999999999999,False,False,OK
W92000004,Wales,W06000009,Pembrokeshire,2011,6.47,5.51,7.93,2.42,1.88,11.559999999999999,False,False,OK
W92000004,Wales,W06000010,Carmarthenshire,2011,5.55,5.51,7.93,2.42,1.88,11.559999999999999,False,False,OK
W92000004,Wales,W06000011,Swansea,2011,5.04,5.51,7.93,2.42,1.88,11.559999999999999,False,False,OK
W92000004,Wales,W06000012,Neath Port Talbot,2011,4.31,5.51,7.93,2.42,1.88,11.559999999999999,False,False,OK
W92000004,Wales,W06000013,Bridgend,2011,5.19,5.51,7.93,2.42,1.88,11.559999999999999,False,False,OK
W92000004,Wales,W06000014,Vale of Glamorgan,2011,6.13,5.51,7.93,2.42,1.88,11.559999999999999,False,False,OK
W92000004,Wales,W06000015,Cardiff,2011,6.15,5.51,7.93,2.42,1.88,11.559999999999999,False,False,OK
W92000004,Wales,W06000016,Rhondda Cynon Taf,2011,3.85,5.51,7.93,2.42,1.88,11.559999999999999,False,False,OK
W92000004,Wales,W06000018,Caerphilly,2011,4.75,5.51,7.93,2.42,1.88,11.559999999999999,False,False,OK
W92000004,Wales,W06000019,Blaenau Gwent,2011,3.64,5.51,7.93,2.42,1.88,11.559999999999999,False,False,OK
W92000004,Wales,W06000020,Torfaen,2011,4.98,5.51,7.93,2.42,1.88,11.559999999999999,False,False,OK
W92000004,Wales,W06000021,Monmouthshire,2011,6.66,5.51,7.93,2.42,1.88,11.559999999999999,False,False,OK
W92000004,Wales,W06000022,Newport,2011,5.29,5.51,7.93,2.42,1.88,11.559999999999999,False,False,OK
W92000004,Wales,W06000023,Powys,2011,6.76,5.51,7.93,2.42,1.88,11.559999999999999,False,False,OK
W92000004,Wales,W06000024,Merthyr Tydfil,2011,3.96,5.51,7.93,2.42,1.88,11.559999999999999,False,False,OK
E12000001,North East,E06000001,Hartlepool,2012,3.98,5.42,7.84,2.42,1.79,11.469999999999999,False,False,OK
E12000001,North East,E06000002,Middlesbrough,2012,4.62,5.42,7.84,2.42,1.79,11.469999999999999,False,False,OK
E12000001,North East,E06000003,Redcar and Cleveland,2012,5.19,5.42,7.84,2.42,1.79,11.469999999999999,False,False,OK
E12000001,North East,E06000004,Stockton-on-Tees,2012,5.07,5.42,7.84,2.42,1.79,11.469999999999999,False,False,OK
E12000001,North East,E06000005,Darlington,2012,5.26,5.42,7.84,2.42,1.79,11.469999999999999,False,False,OK
E12000001,North East,E06000047,County Durham,2012,4.2,5.42,7.84,2.42,1.79,11.469999999999999,False,False,OK
E12000001,North East,E06000057,Northumberland,2012,5.59,5.42,7.84,2.42,1.79,11.469999999999999,False,False,OK
E12000001,North East,E08000021,Newcastle upon Tyne,2012,5.63,5.42,7.84,2.42,1.79,11.469999999999999,False,False,OK
E12000001,North East,E08000022,North Tyneside,2012,5.57,5.42,7.84,2.42,1.79,11.469999999999999,False,False,OK
E12000001,North East,E08000023,South Tyneside,2012,4.56,5.42,7.84,2.42,1.79,11.469999999999999,False,False,OK
E12000001,North East,E08000024,Sunderland,2012,4.77,5.42,7.84,2.42,1.79,11.469999999999999,False,False,OK
E12000001,North East,E08000037,Gateshead,2012,4.76,5.42,7.84,2.42,1.79,11.469999999999999,False,False,OK
E12000002,North West,E06000006,Halton,2012,4.83,5.42,7.84,2.42,1.79,11.469999999999999,False,False,OK
E12000002,North West,E06000007,Warrington,2012,5.56,5.42,7.84,2.42,1.79,11.469999999999999,False,False,OK
E12000002,North West,E06000008,Blackburn with Darwen,2012,4.47,5.42,7.84,2.42,1.79,11.469999999999999,False,False,OK
E12000002,North West,E06000009,Blackpool,2012,4.92,5.42,7.84,2.42,1.79,11.469999999999999,False,False,OK
E12000002,North West,E06000049,Cheshire East,2012,6.34,5.42,7.84,2.42,1.79,11.469999999999999,False,False,OK
E12000002,North West,E06000050,Cheshire West and Chester,2012,5.86,5.42,7.84,2.42,1.79,11.469999999999999,False,False,OK
E12000002,North West,E06000063,Cumberland,2012,5.05,5.42,7.84,2.42,1.79,11.469999999999999,False,False,OK
E12000002,North West,E06000064,Westmorland and Furness,2012,6.46,5.42,7.84,2.42,1.79,11.469999999999999,False,False,OK
E12000002,North West,E07000117,Burnley,2012,3.31,5.42,7.84,2.42,1.79,11.469999999999999,False,False,OK
E12000002,North West,E07000118,Chorley,2012,5.83,5.42,7.84,2.42,1.79,11.469999999999999,False,False,OK
E12000002,North West,E07000119,Fylde,2012,5.6,5.42,7.84,2.42,1.79,11.469999999999999,False,False,OK
E12000002,North West,E07000120,Hyndburn,2012,4.22,5.42,7.84,2.42,1.79,11.469999999999999,False,False,OK
E12000002,North West,E07000121,Lancaster,2012,5.27,5.42,7.84,2.42,1.79,11.469999999999999,False,False,OK
E12000002,North West,E07000122,Pendle,2012,3.75,5.42,7.84,2.42,1.79,11.469999999999999,False,False,OK
E12000002,North West,E07000123,Preston,2012,5.41,5.42,7.84,2.42,1.79,11.469999999999999,False,False,OK
E12000002,North West,E07000124,Ribble Valley,2012,6.79,5.42,7.84,2.42,1.79,11.469999999999999,False,False,OK
E12000002,North West,E07000125,Rossendale,2012,4.39,5.42,7.84,2.42,1.79,11.469999999999999,False,False,OK
E12000002,North West,E07000126,South Ribble,2012,5.42,5.42,7.84,2.42,1.79,11.469999999999999,False,False,OK
E12000002,North West,E07000127,West Lancashire,2012,6.32,5.42,7.84,2.42,1.79,11.469999999999999,False,False,OK
E12000002,North West,E07000128,Wyre,2012,4.98,5.42,7.84,2.42,1.79,11.469999999999999,False,False,OK
E12000002,North West,E08000001,Bolton,2012,4.63,5.42,7.84,2.42,1.79,11.469999999999999,False,False,OK
E12000002,North West,E08000002,Bury,2012,4.76,5.42,7.84,2.42,1.79,11.469999999999999,False,False,OK
E12000002,North West,E08000003,Manchester,2012,5.15,5.42,7.84,2.42,1.79,11.469999999999999,False,False,OK
E12000002,North West,E08000004,Oldham,2012,4.85,5.42,7.84,2.42,1.79,11.469999999999999,False,False,OK
E12000002,North West,E08000005,Rochdale,2012,4.55,5.42,7.84,2.42,1.79,11.469999999999999,False,False,OK
E12000002,North West,E08000006,Salford,2012,4.7,5.42,7.84,2.42,1.79,11.469999999999999,False,False,OK
E12000002,North West,E08000007,Stockport,2012,5.98,5.42,7.84,2.42,1.79,11.469999999999999,False,False,OK
E12000002,North West,E08000008,Tameside,2012,4.62,5.42,7.84,2.42,1.79,11.469999999999999,False,False,OK
E12000002,North West,E08000009,Trafford,2012,6.15,5.42,7.84,2.42,1.79,11.469999999999999,False,False,OK
E12000002,North West,E08000010,Wigan,2012,4.62,5.42,7.84,2.42,1.79,11.469999999999999,False,False,OK
E12000002,North West,E08000011,Knowsley,2012,4.55,5.42,7.84,2.42,1.79,11.469999999999999,False,False,OK
E12000002,North West,E08000012,Liverpool,2012,4.68,5.42,7.84,2.42,1.79,11.469999999999999,False,False,OK
E12000002,North West,E08000013,St. Helens,2012,4.37,5.42,7.84,2.42,1.79,11.469999999999999,False,False,OK
E12000002,North West,E08000014,Sefton,2012,5.56,5.42,7.84,2.42,1.79,11.469999999999999,False,False,OK
E12000002,North West,E08000015,Wirral,2012,5.29,5.42,7.84,2.42,1.79,11.469999999999999,False,False,OK
E12000003,Yorkshire and The Humber,E06000010,"Kingston upon Hull, City of",2012,4.0,5.42,7.84,2.42,1.79,11.469999999999999,False,False,OK
E12000003,Yorkshire and The Humber,E06000011,East Riding of Yorkshire,2012,5.33,5.42,7.84,2.42,1.79,11.469999999999999,False,False,OK
E12000003,Yorkshire and The Humber,E06000012,North East Lincolnshire,2012,4.52,5.42,7.84,2.42,1.79,11.469999999999999,False,False,OK
E12000003,Yorkshire and The Humber,E06000013,North Lincolnshire,2012,4.28,5.42,7.84,2.42,1.79,11.469999999999999,False,False,OK
E12000003,Yorkshire and The Humber,E06000014,York,2012,6.7,5.42,7.84,2.42,1.79,11.469999999999999,False,False,OK
E12000003,Yorkshire and The Humber,E06000065,North Yorkshire,2012,7.12,5.42,7.84,2.42,1.79,11.469999999999999,False,False,OK
E12000003,Yorkshire and The Humber,E08000017,Doncaster,2012,4.59,5.42,7.84,2.42,1.79,11.469999999999999,False,False,OK
E12000003,Yorkshire and The Humber,E08000018,Rotherham,2012,4.99,5.42,7.84,2.42,1.79,11.469999999999999,False,False,OK
E12000003,Yorkshire and The Humber,E08000032,Bradford,2012,5.18,5.42,7.84,2.42,1.79,11.469999999999999,False,False,OK
E12000003,Yorkshire and The Humber,E08000033,Calderdale,2012,4.6,5.42,7.84,2.42,1.79,11.469999999999999,False,False,OK
E12000003,Yorkshire and The Humber,E08000034,Kirklees,2012,4.86,5.42,7.84,2.42,1.79,11.469999999999999,False,False,OK
E12000003,Yorkshire and The Humber,E08000035,Leeds,2012,5.76,5.42,7.84,2.42,1.79,11.469999999999999,False,False,OK
E12000003,Yorkshire and The Humber,E08000036,Wakefield,2012,5.22,5.42,7.84,2.42,1.79,11.469999999999999,False,False,OK
E12000003,Yorkshire and The Humber,E08000038,Barnsley,2012,4.43,5.42,7.84,2.42,1.79,11.469999999999999,False,False,OK
E12000003,Yorkshire and The Humber,E08000039,Sheffield,2012,5.11,5.42,7.84,2.42,1.79,11.469999999999999,False,False,OK
E12000004,East Midlands,E06000015,Derby,2012,4.51,5.42,7.84,2.42,1.79,11.469999999999999,False,False,OK
E12000004,East Midlands,E06000016,Leicester,2012,5.78,5.42,7.84,2.42,1.79,11.469999999999999,False,False,OK
E12000004,East Midlands,E06000017,Rutland,2012,8.51,5.42,7.84,2.42,1.79,11.469999999999999,False,False,OK
E12000004,East Midlands,E06000018,Nottingham,2012,4.31,5.42,7.84,2.42,1.79,11.469999999999999,False,False,OK
E12000004,East Midlands,E06000061,North Northamptonshire,2012,5.18,5.42,7.84,2.42,1.79,11.469999999999999,False,False,OK
E12000004,East Midlands,E06000062,West Northamptonshire,2012,6.15,5.42,7.84,2.42,1.79,11.469999999999999,False,False,OK
E12000004,East Midlands,E07000032,Amber Valley,2012,4.95,5.42,7.84,2.42,1.79,11.469999999999999,False,False,OK
E12000004,East Midlands,E07000033,Bolsover,2012,3.78,5.42,7.84,2.42,1.79,11.469999999999999,False,False,OK
E12000004,East Midlands,E07000034,Chesterfield,2012,4.98,5.42,7.84,2.42,1.79,11.469999999999999,False,False,OK
E12000004,East Midlands,E07000035,Derbyshire Dales,2012,7.15,5.42,7.84,2.42,1.79,11.469999999999999,False,False,OK
E12000004,East Midlands,E07000036,Erewash,2012,4.6,5.42,7.84,2.42,1.79,11.469999999999999,False,False,OK
E12000004,East Midlands,E07000037,High Peak,2012,5.72,5.42,7.84,2.42,1.79,11.469999999999999,False,False,OK
E12000004,East Midlands,E07000038,North East Derbyshire,2012,5.73,5.42,7.84,2.42,1.79,11.469999999999999,False,False,OK
E12000004,East Midlands,E07000039,South Derbyshire,2012,5.69,5.42,7.84,2.42,1.79,11.469999999999999,False,False,OK
E12000004,East Midlands,E07000129,Blaby,2012,5.74,5.42,7.84,2.42,1.79,11.469999999999999,False,False,OK
E12000004,East Midlands,E07000130,Charnwood,2012,6.16,5.42,7.84,2.42,1.79,11.469999999999999,False,False,OK
E12000004,East Midlands,E07000131,Harborough,2012,6.02,5.42,7.84,2.42,1.79,11.469999999999999,False,False,OK
E12000004,East Midlands,E07000132,Hinckley and Bosworth,2012,5.76,5.42,7.84,2.42,1.79,11.469999999999999,False,False,OK
E12000004,East Midlands,E07000133,Melton,2012,6.89,5.42,7.84,2.42,1.79,11.469999999999999,False,False,OK
E12000004,East Midlands,E07000134,North West Leicestershire,2012,5.57,5.42,7.84,2.42,1.79,11.469999999999999,False,False,OK
E12000004,East Midlands,E07000135,Oadby and Wigston,2012,5.84,5.42,7.84,2.42,1.79,11.469999999999999,False,False,OK
E12000004,East Midlands,E07000136,Boston,2012,6.0,5.42,7.84,2.42,1.79,11.469999999999999,False,False,OK
E12000004,East Midlands,E07000137,East Lindsey,2012,5.59,5.42,7.84,2.42,1.79,11.469999999999999,False,False,OK
E12000004,East Midlands,E07000138,Lincoln,2012,5.17,5.42,7.84,2.42,1.79,11.469999999999999,False,False,OK
E12000004,East Midlands,E07000139,North Kesteven,2012,6.12,5.42,7.84,2.42,1.79,11.469999999999999,False,False,OK
E12000004,East Midlands,E07000140,South Holland,2012,5.53,5.42,7.84,2.42,1.79,11.469999999999999,False,False,OK
E12000004,East Midlands,E07000141,South Kesteven,2012,5.77,5.42,7.84,2.42,1.79,11.469999999999999,False,False,OK
E12000004,East Midlands,E07000142,West Lindsey,2012,5.34,5.42,7.84,2.42,1.79,11.469999999999999,False,False,OK
E12000004,East Midlands,E07000170,Ashfield,2012,5.23,5.42,7.84,2.42,1.79,11.469999999999999,False,False,OK
E12000004,East Midlands,E07000171,Bassetlaw,2012,4.98,5.42,7.84,2.42,1.79,11.469999999999999,False,False,OK
E12000004,East Midlands,E07000172,Broxtowe,2012,4.92,5.42,7.84,2.42,1.79,11.469999999999999,False,False,OK
E12000004,East Midlands,E07000173,Gedling,2012,4.95,5.42,7.84,2.42,1.79,11.469999999999999,False,False,OK
E12000004,East Midlands,E07000174,Mansfield,2012,4.92,5.42,7.84,2.42,1.79,11.469999999999999,False,False,OK
E12000004,East Midlands,E07000175,Newark and Sherwood,2012,6.1,5.42,7.84,2.42,1.79,11.469999999999999,False,False,OK
E12000004,East Midlands,E07000176,Rushcliffe,2012,5.88,5.42,7.84,2.42,1.79,11.469999999999999,False,False,OK
E12000005,West Midlands,E06000019,"Herefordshire, County of",2012,8.8,5.42,7.84,2.42,1.79,11.469999999999999,False,False,OK
E12000005,West Midlands,E06000020,Telford and Wrekin,2012,6.07,5.42,7.84,2.42,1.79,11.469999999999999,False,False,OK
E12000005,West Midlands,E06000021,Stoke-on-Trent,2012,3.97,5.42,7.84,2.42,1.79,11.469999999999999,False,False,OK
E12000005,West Midlands,E06000051,Shropshire,2012,6.86,5.42,7.84,2.42,1.79,11.469999999999999,False,False,OK
E12000005,West Midlands,E07000192,Cannock Chase,2012,5.47,5.42,7.84,2.42,1.79,11.469999999999999,False,False,OK
E12000005,West Midlands,E07000193,East Staffordshire,2012,5.51,5.42,7.84,2.42,1.79,11.469999999999999,False,False,OK
E12000005,West Midlands,E07000194,Lichfield,2012,6.11,5.42,7.84,2.42,1.79,11.469999999999999,False,False,OK
E12000005,West Midlands,E07000195,Newcastle-under-Lyme,2012,5.48,5.42,7.84,2.42,1.79,11.469999999999999,False,False,OK
E12000005,West Midlands,E07000196,South Staffordshire,2012,6.5,5.42,7.84,2.42,1.79,11.469999999999999,False,False,OK
E12000005,West Midlands,E07000197,Stafford,2012,5.71,5.42,7.84,2.42,1.79,11.469999999999999,False,False,OK
E12000005,West Midlands,E07000198,Staffordshire Moorlands,2012,5.18,5.42,7.84,2.42,1.79,11.469999999999999,False,False,OK
E12000005,West Midlands,E07000199,Tamworth,2012,4.94,5.42,7.84,2.42,1.79,11.469999999999999,False,False,OK
E12000005,West Midlands,E07000218,North Warwickshire,2012,5.62,5.42,7.84,2.42,1.79,11.469999999999999,False,False,OK
E12000005,West Midlands,E07000219,Nuneaton and Bedworth,2012,5.04,5.42,7.84,2.42,1.79,11.469999999999999,False,False,OK
E12000005,West Midlands,E07000220,Rugby,2012,5.46,5.42,7.84,2.42,1.79,11.469999999999999,False,False,OK
E12000005,West Midlands,E07000221,Stratford-on-Avon,2012,8.63,5.42,7.84,2.42,1.79,11.469999999999999,False,False,OK
E12000005,West Midlands,E07000222,Warwick,2012,7.22,5.42,7.84,2.42,1.79,11.469999999999999,False,False,OK
E12000005,West Midlands,E07000234,Bromsgrove,2012,6.92,5.42,7.84,2.42,1.79,11.469999999999999,False,False,OK
E12000005,West Midlands,E07000235,Malvern Hills,2012,8.63,5.42,7.84,2.42,1.79,11.469999999999999,False,False,OK
E12000005,West Midlands,E07000236,Redditch,2012,6.4,5.42,7.84,2.42,1.79,11.469999999999999,False,False,OK
E12000005,West Midlands,E07000237,Worcester,2012,6.31,5.42,7.84,2.42,1.79,11.469999999999999,False,False,OK
E12000005,West Midlands,E07000238,Wychavon,2012,7.69,5.42,7.84,2.42,1.79,11.469999999999999,False,False,OK
E12000005,West Midlands,E07000239,Wyre Forest,2012,6.75,5.42,7.84,2.42,1.79,11.469999999999999,False,False,OK
E12000005,West Midlands,E08000025,Birmingham,2012,5.24,5.42,7.84,2.42,1.79,11.469999999999999,False,False,OK
E12000005,West Midlands,E08000026,Coventry,2012,4.87,5.42,7.84,2.42,1.79,11.469999999999999,False,False,OK
E12000005,West Midlands,E08000027,Dudley,2012,5.43,5.42,7.84,2.42,1.79,11.469999999999999,False,False,OK
E12000005,West Midlands,E08000028,Sandwell,2012,4.89,5.42,7.84,2.42,1.79,11.469999999999999,False,False,OK
E12000005,West Midlands,E08000029,Solihull,2012,6.64,5.42,7.84,2.42,1.79,11.469999999999999,False,False,OK
E12000005,West Midlands,E08000030,Walsall,2012,5.42,5.42,7.84,2.42,1.79,11.469999999999999,False,False,OK
E12000005,West Midlands,E08000031,Wolverhampton,2012,4.96,5.42,7.84,2.42,1.79,11.469999999999999,False,False,OK
E12000006,East of England,E06000031,Peterborough,2012,5.38,5.42,7.84,2.42,1.79,11.469999999999999,False,False,OK
E12000006,East of England,E06000032,Luton,2012,6.12,5.42,7.84,2.42,1.79,11.469999999999999,False,False,OK
E12000006,East of England,E06000033,Southend-on-Sea,2012,6.54,5.42,7.84,2.42,1.79,11.469999999999999,False,False,OK
E12000006,East of England,E06000034,Thurrock,2012,6.01,5.42,7.84,2.42,1.79,11.469999999999999,False,False,OK
E12000006,East of England,E06000055,Bedford,2012,6.67,5.42,7.84,2.42,1.79,11.469999999999999,False,False,OK
E12000006,East of England,E06000056,Central Bedfordshire,2012,6.76,5.42,7.84,2.42,1.79,11.469999999999999,False,False,OK
E12000006,East of England,E07000008,Cambridge,2012,9.33,5.42,7.84,2.42,1.79,11.469999999999999,False,False,OK
E12000006,East of England,E07000009,East Cambridgeshire,2012,6.61,5.42,7.84,2.42,1.79,11.469999999999999,False,False,OK
E12000006,East of England,E07000010,Fenland,2012,5.45,5.42,7.84,2.42,1.79,11.469999999999999,False,False,OK
E12000006,East of England,E07000011,Huntingdonshire,2012,6.31,5.42,7.84,2.42,1.79,11.469999999999999,False,False,OK
E12000006,East of England,E07000012,South Cambridgeshire,2012,7.42,5.42,7.84,2.42,1.79,11.469999999999999,False,False,OK
E12000006,East of England,E07000066,Basildon,2012,6.46,5.42,7.84,2.42,1.79,11.469999999999999,False,False,OK
E12000006,East of England,E07000067,Braintree,2012,6.11,5.42,7.84,2.42,1.79,11.469999999999999,False,False,OK
E12000006,East of England,E07000068,Brentwood,2012,7.49,5.42,7.84,2.42,1.79,11.469999999999999,False,False,OK
E12000006,East of England,E07000069,Castle Point,2012,7.09,5.42,7.84,2.42,1.79,11.469999999999999,False,False,OK
E12000006,East of England,E07000070,Chelmsford,2012,6.9,5.42,7.84,2.42,1.79,11.469999999999999,False,False,OK
E12000006,East of England,E07000071,Colchester,2012,6.63,5.42,7.84,2.42,1.79,11.469999999999999,False,False,OK
E12000006,East of England,E07000072,Epping Forest,2012,8.39,5.42,7.84,2.42,1.79,11.469999999999999,False,False,OK
E12000006,East of England,E07000073,Harlow,2012,7.07,5.42,7.84,2.42,1.79,11.469999999999999,False,False,OK
E12000006,East of England,E07000074,Maldon,2012,6.09,5.42,7.84,2.42,1.79,11.469999999999999,False,False,OK
E12000006,East of England,E07000075,Rochford,2012,7.12,5.42,7.84,2.42,1.79,11.469999999999999,False,False,OK
E12000006,East of England,E07000076,Tendring,2012,6.03,5.42,7.84,2.42,1.79,11.469999999999999,False,False,OK
E12000006,East of England,E07000077,Uttlesford,2012,9.43,5.42,7.84,2.42,1.79,11.469999999999999,False,False,OK
E12000006,East of England,E07000095,Broxbourne,2012,7.66,5.42,7.84,2.42,1.79,11.469999999999999,False,False,OK
E12000006,East of England,E07000096,Dacorum,2012,8.34,5.42,7.84,2.42,1.79,11.469999999999999,False,False,OK
E12000006,East of England,E07000098,Hertsmere,2012,10.06,5.42,7.84,2.42,1.79,11.469999999999999,False,False,OK
E12000006,East of England,E07000099,North Hertfordshire,2012,6.76,5.42,7.84,2.42,1.79,11.469999999999999,False,False,OK
E12000006,East of England,E07000102,Three Rivers,2012,9.79,5.42,7.84,2.42,1.79,11.469999999999999,False,False,OK
E12000006,East of England,E07000103,Watford,2012,6.68,5.42,7.84,2.42,1.79,11.469999999999999,False,False,OK
E12000006,East of England,E07000143,Breckland,2012,6.55,5.42,7.84,2.42,1.79,11.469999999999999,False,False,OK
E12000006,East of England,E07000144,Broadland,2012,6.11,5.42,7.84,2.42,1.79,11.469999999999999,False,False,OK
E12000006,East of England,E07000145,Great Yarmouth,2012,5.73,5.42,7.84,2.42,1.79,11.469999999999999,False,False,OK
E12000006,East of England,E07000146,King's Lynn and West Norfolk,2012,6.17,5.42,7.84,2.42,1.79,11.469999999999999,False,False,OK
E12000006,East of England,E07000147,North Norfolk,2012,8.44,5.42,7.84,2.42,1.79,11.469999999999999,False,False,OK
E12000006,East of England,E07000148,Norwich,2012,6.26,5.42,7.84,2.42,1.79,11.469999999999999,False,False,OK
E12000006,East of England,E07000149,South Norfolk,2012,6.41,5.42,7.84,2.42,1.79,11.469999999999999,False,False,OK
E12000006,East of England,E07000200,Babergh,2012,7.54,5.42,7.84,2.42,1.79,11.469999999999999,False,False,OK
E12000006,East of England,E07000202,Ipswich,2012,5.57,5.42,7.84,2.42,1.79,11.469999999999999,False,False,OK
E12000006,East of England,E07000203,Mid Suffolk,2012,7.45,5.42,7.84,2.42,1.79,11.469999999999999,False,False,OK
E12000006,East of England,E07000240,St Albans,2012,9.36,5.42,7.84,2.42,1.79,11.469999999999999,False,False,OK
E12000006,East of England,E07000241,Welwyn Hatfield,2012,8.2,5.42,7.84,2.42,1.79,11.469999999999999,False,False,OK
E12000006,East of England,E07000242,East Hertfordshire,2012,7.62,5.42,7.84,2.42,1.79,11.469999999999999,False,False,OK
E12000006,East of England,E07000243,Stevenage,2012,5.93,5.42,7.84,2.42,1.79,11.469999999999999,False,False,OK
E12000006,East of England,E07000244,East Suffolk,2012,7.03,5.42,7.84,2.42,1.79,11.469999999999999,False,False,OK
E12000006,East of England,E07000245,West Suffolk,2012,7.08,5.42,7.84,2.42,1.79,11.469999999999999,False,False,OK
E12000007,London,E09000001,City of London,2012,,5.42,7.84,2.42,1.79,11.469999999999999,False,True,Missing ratio value
E12000007,London,E09000002,Barking and Dagenham,2012,6.38,5.42,7.84,2.42,1.79,11.469999999999999,False,False,OK
E12000007,London,E09000003,Barnet,2012,10.05,5.42,7.84,2.42,1.79,11.469999999999999,False,False,OK
E12000007,London,E09000004,Bexley,2012,6.53,5.42,7.84,2.42,1.79,11.469999999999999,False,False,OK
E12000007,London,E09000005,Brent,2012,11.13,5.42,7.84,2.42,1.79,11.469999999999999,False,False,OK
E12000007,London,E09000006,Bromley,2012,7.64,5.42,7.84,2.42,1.79,11.469999999999999,False,False,OK
E12000007,London,E09000007,Camden,2012,13.3,5.42,7.84,2.42,1.79,11.469999999999999,True,False,Statistical outlier
E12000007,London,E09000008,Croydon,2012,7.41,5.42,7.84,2.42,1.79,11.469999999999999,False,False,OK
E12000007,London,E09000009,Ealing,2012,9.94,5.42,7.84,2.42,1.79,11.469999999999999,False,False,OK
E12000007,London,E09000010,Enfield,2012,8.26,5.42,7.84,2.42,1.79,11.469999999999999,False,False,OK
E12000007,London,E09000011,Greenwich,2012,7.96,5.42,7.84,2.42,1.79,11.469999999999999,False,False,OK
E12000007,London,E09000012,Hackney,2012,10.41,5.42,7.84,2.42,1.79,11.469999999999999,False,False,OK
E12000007,London,E09000013,Hammersmith and Fulham,2012,12.48,5.42,7.84,2.42,1.79,11.469999999999999,True,False,Statistical outlier
E12000007,London,E09000014,Haringey,2012,10.28,5.42,7.84,2.42,1.79,11.469999999999999,False,False,OK
E12000007,London,E09000015,Harrow,2012,10.06,5.42,7.84,2.42,1.79,11.469999999999999,False,False,OK
E12000007,London,E09000016,Havering,2012,6.88,5.42,7.84,2.42,1.79,11.469999999999999,False,False,OK
E12000007,London,E09000017,Hillingdon,2012,7.96,5.42,7.84,2.42,1.79,11.469999999999999,False,False,OK
E12000007,London,E09000018,Hounslow,2012,8.67,5.42,7.84,2.42,1.79,11.469999999999999,False,False,OK
E12000007,London,E09000019,Islington,2012,10.64,5.42,7.84,2.42,1.79,11.469999999999999,False,False,OK
E12000007,London,E09000020,Kensington and Chelsea,2012,21.32,5.42,7.84,2.42,1.79,11.469999999999999,True,False,Statistical outlier
E12000007,London,E09000021,Kingston upon Thames,2012,8.69,5.42,7.84,2.42,1.79,11.469999999999999,False,False,OK
E12000007,London,E09000022,Lambeth,2012,9.85,5.42,7.84,2.42,1.79,11.469999999999999,False,False,OK
E12000007,London,E09000023,Lewisham,2012,7.76,5.42,7.84,2.42,1.79,11.469999999999999,False,False,OK
E12000007,London,E09000024,Merton,2012,8.59,5.42,7.84,2.42,1.79,11.469999999999999,False,False,OK
E12000007,London,E09000025,Newham,2012,8.21,5.42,7.84,2.42,1.79,11.469999999999999,False,False,OK
E12000007,London,E09000026,Redbridge,2012,8.02,5.42,7.84,2.42,1.79,11.469999999999999,False,False,OK
E12000007,London,E09000027,Richmond upon Thames,2012,10.35,5.42,7.84,2.42,1.79,11.469999999999999,False,False,OK
E12000007,London,E09000028,Southwark,2012,9.61,5.42,7.84,2.42,1.79,11.469999999999999,False,False,OK
E12000007,London,E09000029,Sutton,2012,7.83,5.42,7.84,2.42,1.79,11.469999999999999,False,False,OK
E12000007,London,E09000030,Tower Hamlets,2012,8.7,5.42,7.84,2.42,1.79,11.469999999999999,False,False,OK
E12000007,London,E09000031,Waltham Forest,2012,8.27,5.42,7.84,2.42,1.79,11.469999999999999,False,False,OK
E12000007,London,E09000032,Wandsworth,2012,10.89,5.42,7.84,2.42,1.79,11.469999999999999,False,False,OK
E12000007,London,E09000033,Westminster,2012,14.18,5.42,7.84,2.42,1.79,11.469999999999999,True,False,Statistical outlier
E12000008,South East,E06000035,Medway,2012,5.24,5.42,7.84,2.42,1.79,11.469999999999999,False,False,OK
E12000008,South East,E06000036,Bracknell Forest,2012,7.78,5.42,7.84,2.42,1.79,11.469999999999999,False,False,OK
E12000008,South East,E06000037,West Berkshire,2012,7.74,5.42,7.84,2.42,1.79,11.469999999999999,False,False,OK
E12000008,South East,E06000038,Reading,2012,6.2,5.42,7.84,2.42,1.79,11.469999999999999,False,False,OK
E12000008,South East,E06000039,Slough,2012,7.06,5.42,7.84,2.42,1.79,11.469999999999999,False,False,OK
E12000008,South East,E06000040,Windsor and Maidenhead,2012,8.37,5.42,7.84,2.42,1.79,11.469999999999999,False,False,OK
E12000008,South East,E06000041,Wokingham,2012,7.53,5.42,7.84,2.42,1.79,11.469999999999999,False,False,OK
E12000008,South East,E06000042,Milton Keynes,2012,6.4,5.42,7.84,2.42,1.79,11.469999999999999,False,False,OK
E12000008,South East,E06000043,Brighton and Hove,2012,8.54,5.42,7.84,2.42,1.79,11.469999999999999,False,False,OK
E12000008,South East,E06000044,Portsmouth,2012,6.05,5.42,7.84,2.42,1.79,11.469999999999999,False,False,OK
E12000008,South East,E06000045,Southampton,2012,6.58,5.42,7.84,2.42,1.79,11.469999999999999,False,False,OK
E12000008,South East,E06000046,Isle of Wight,2012,6.89,5.42,7.84,2.42,1.79,11.469999999999999,False,False,OK
E12000008,South East,E06000060,Buckinghamshire,2012,8.37,5.42,7.84,2.42,1.79,11.469999999999999,False,False,OK
E12000008,South East,E07000061,Eastbourne,2012,7.38,5.42,7.84,2.42,1.79,11.469999999999999,False,False,OK
E12000008,South East,E07000062,Hastings,2012,6.9,5.42,7.84,2.42,1.79,11.469999999999999,False,False,OK
E12000008,South East,E07000063,Lewes,2012,8.54,5.42,7.84,2.42,1.79,11.469999999999999,False,False,OK
E12000008,South East,E07000064,Rother,2012,8.81,5.42,7.84,2.42,1.79,11.469999999999999,False,False,OK
E12000008,South East,E07000065,Wealden,2012,7.68,5.42,7.84,2.42,1.79,11.469999999999999,False,False,OK
E12000008,South East,E07000084,Basingstoke and Deane,2012,7.18,5.42,7.84,2.42,1.79,11.469999999999999,False,False,OK
E12000008,South East,E07000085,East Hampshire,2012,8.35,5.42,7.84,2.42,1.79,11.469999999999999,False,False,OK
E12000008,South East,E07000086,Eastleigh,2012,7.23,5.42,7.84,2.42,1.79,11.469999999999999,False,False,OK
E12000008,South East,E07000087,Fareham,2012,7.31,5.42,7.84,2.42,1.79,11.469999999999999,False,False,OK
E12000008,South East,E07000088,Gosport,2012,6.12,5.42,7.84,2.42,1.79,11.469999999999999,False,False,OK
E12000008,South East,E07000089,Hart,2012,7.7,5.42,7.84,2.42,1.79,11.469999999999999,False,False,OK
E12000008,South East,E07000090,Havant,2012,7.22,5.42,7.84,2.42,1.79,11.469999999999999,False,False,OK
E12000008,South East,E07000091,New Forest,2012,8.65,5.42,7.84,2.42,1.79,11.469999999999999,False,False,OK
E12000008,South East,E07000092,Rushmoor,2012,7.45,5.42,7.84,2.42,1.79,11.469999999999999,False,False,OK
E12000008,South East,E07000093,Test Valley,2012,8.41,5.42,7.84,2.42,1.79,11.469999999999999,False,False,OK
E12000008,South East,E07000094,Winchester,2012,8.66,5.42,7.84,2.42,1.79,11.469999999999999,False,False,OK
E12000008,South East,E07000105,Ashford,2012,6.78,5.42,7.84,2.42,1.79,11.469999999999999,False,False,OK
E12000008,South East,E07000106,Canterbury,2012,7.29,5.42,7.84,2.42,1.79,11.469999999999999,False,False,OK
E12000008,South East,E07000107,Dartford,2012,6.73,5.42,7.84,2.42,1.79,11.469999999999999,False,False,OK
E12000008,South East,E07000108,Dover,2012,5.88,5.42,7.84,2.42,1.79,11.469999999999999,False,False,OK
E12000008,South East,E07000109,Gravesham,2012,6.24,5.42,7.84,2.42,1.79,11.469999999999999,False,False,OK
E12000008,South East,E07000110,Maidstone,2012,6.82,5.42,7.84,2.42,1.79,11.469999999999999,False,False,OK
E12000008,South East,E07000111,Sevenoaks,2012,9.37,5.42,7.84,2.42,1.79,11.469999999999999,False,False,OK
E12000008,South East,E07000112,Folkestone and Hythe,2012,6.42,5.42,7.84,2.42,1.79,11.469999999999999,False,False,OK
E12000008,South East,E07000113,Swale,2012,5.53,5.42,7.84,2.42,1.79,11.469999999999999,False,False,OK
E12000008,South East,E07000114,Thanet,2012,7.09,5.42,7.84,2.42,1.79,11.469999999999999,False,False,OK
E12000008,South East,E07000115,Tonbridge and Malling,2012,7.53,5.42,7.84,2.42,1.79,11.469999999999999,False,False,OK
E12000008,South East,E07000116,Tunbridge Wells,2012,7.3,5.42,7.84,2.42,1.79,11.469999999999999,False,False,OK
E12000008,South East,E07000177,Cherwell,2012,7.53,5.42,7.84,2.42,1.79,11.469999999999999,False,False,OK
E12000008,South East,E07000178,Oxford,2012,10.04,5.42,7.84,2.42,1.79,11.469999999999999,False,False,OK
E12000008,South East,E07000179,South Oxfordshire,2012,9.21,5.42,7.84,2.42,1.79,11.469999999999999,False,False,OK
E12000008,South East,E07000180,Vale of White Horse,2012,7.98,5.42,7.84,2.42,1.79,11.469999999999999,False,False,OK
E12000008,South East,E07000181,West Oxfordshire,2012,7.95,5.42,7.84,2.42,1.79,11.469999999999999,False,False,OK
E12000008,South East,E07000207,Elmbridge,2012,10.18,5.42,7.84,2.42,1.79,11.469999999999999,False,False,OK
E12000008,South East,E07000208,Epsom and Ewell,2012,8.77,5.42,7.84,2.42,1.79,11.469999999999999,False,False,OK
E12000008,South East,E07000209,Guildford,2012,8.64,5.42,7.84,2.42,1.79,11.469999999999999,False,False,OK
E12000008,South East,E07000210,Mole Valley,2012,11.08,5.42,7.84,2.42,1.79,11.469999999999999,False,False,OK
E12000008,South East,E07000211,Reigate and Banstead,2012,7.3,5.42,7.84,2.42,1.79,11.469999999999999,False,False,OK
E12000008,South East,E07000212,Runnymede,2012,7.97,5.42,7.84,2.42,1.79,11.469999999999999,False,False,OK
E12000008,South East,E07000213,Spelthorne,2012,7.59,5.42,7.84,2.42,1.79,11.469999999999999,False,False,OK
E12000008,South East,E07000214,Surrey Heath,2012,8.2,5.42,7.84,2.42,1.79,11.469999999999999,False,False,OK
E12000008,South East,E07000215,Tandridge,2012,9.3,5.42,7.84,2.42,1.79,11.469999999999999,False,False,OK
E12000008,South East,E07000216,Waverley,2012,8.93,5.42,7.84,2.42,1.79,11.469999999999999,False,False,OK
E12000008,South East,E07000217,Woking,2012,7.61,5.42,7.84,2.42,1.79,11.469999999999999,False,False,OK
E12000008,South East,E07000223,Adur,2012,9.04,5.42,7.84,2.42,1.79,11.469999999999999,False,False,OK
E12000008,South East,E07000224,Arun,2012,8.71,5.42,7.84,2.42,1.79,11.469999999999999,False,False,OK
E12000008,South East,E07000225,Chichester,2012,9.47,5.42,7.84,2.42,1.79,11.469999999999999,False,False,OK
E12000008,South East,E07000226,Crawley,2012,6.83,5.42,7.84,2.42,1.79,11.469999999999999,False,False,OK
E12000008,South East,E07000227,Horsham,2012,8.84,5.42,7.84,2.42,1.79,11.469999999999999,False,False,OK
E12000008,South East,E07000228,Mid Sussex,2012,8.31,5.42,7.84,2.42,1.79,11.469999999999999,False,False,OK
E12000008,South East,E07000229,Worthing,2012,7.7,5.42,7.84,2.42,1.79,11.469999999999999,False,False,OK
E12000009,South West,E06000022,Bath and North East Somerset,2012,8.56,5.42,7.84,2.42,1.79,11.469999999999999,False,False,OK
E12000009,South West,E06000023,"Bristol, City of",2012,6.74,5.42,7.84,2.42,1.79,11.469999999999999,False,False,OK
E12000009,South West,E06000024,North Somerset,2012,6.3,5.42,7.84,2.42,1.79,11.469999999999999,False,False,OK
E12000009,South West,E06000025,South Gloucestershire,2012,6.73,5.42,7.84,2.42,1.79,11.469999999999999,False,False,OK
E12000009,South West,E06000026,Plymouth,2012,5.96,5.42,7.84,2.42,1.79,11.469999999999999,False,False,OK
E12000009,South West,E06000027,Torbay,2012,7.35,5.42,7.84,2.42,1.79,11.469999999999999,False,False,OK
E12000009,South West,E06000030,Swindon,2012,5.57,5.42,7.84,2.42,1.79,11.469999999999999,False,False,OK
E12000009,South West,E06000052,Cornwall,2012,8.38,5.42,7.84,2.42,1.79,11.469999999999999,False,False,OK
E12000009,South West,E06000053,Isles of Scilly,2012,,5.42,7.84,2.42,1.79,11.469999999999999,False,True,Missing ratio value
E12000009,South West,E06000054,Wiltshire,2012,7.97,5.42,7.84,2.42,1.79,11.469999999999999,False,False,OK
E12000009,South West,E06000058,"Bournemouth, Christchurch and Poole",2012,7.94,5.42,7.84,2.42,1.79,11.469999999999999,False,False,OK
E12000009,South West,E06000059,Dorset,2012,9.19,5.42,7.84,2.42,1.79,11.469999999999999,False,False,OK
E12000009,South West,E06000066,Somerset,2012,7.1,5.42,7.84,2.42,1.79,11.469999999999999,False,False,OK
E12000009,South West,E07000040,East Devon,2012,9.81,5.42,7.84,2.42,1.79,11.469999999999999,False,False,OK
E12000009,South West,E07000041,Exeter,2012,8.26,5.42,7.84,2.42,1.79,11.469999999999999,False,False,OK
E12000009,South West,E07000042,Mid Devon,2012,7.87,5.42,7.84,2.42,1.79,11.469999999999999,False,False,OK
E12000009,South West,E07000043,North Devon,2012,8.95,5.42,7.84,2.42,1.79,11.469999999999999,False,False,OK
E12000009,South West,E07000044,South Hams,2012,8.89,5.42,7.84,2.42,1.79,11.469999999999999,False,False,OK
E12000009,South West,E07000045,Teignbridge,2012,8.06,5.42,7.84,2.42,1.79,11.469999999999999,False,False,OK
E12000009,South West,E07000046,Torridge,2012,8.11,5.42,7.84,2.42,1.79,11.469999999999999,False,False,OK
E12000009,South West,E07000047,West Devon,2012,8.16,5.42,7.84,2.42,1.79,11.469999999999999,False,False,OK
E12000009,South West,E07000078,Cheltenham,2012,7.0,5.42,7.84,2.42,1.79,11.469999999999999,False,False,OK
E12000009,South West,E07000079,Cotswold,2012,10.21,5.42,7.84,2.42,1.79,11.469999999999999,False,False,OK
E12000009,South West,E07000080,Forest of Dean,2012,6.17,5.42,7.84,2.42,1.79,11.469999999999999,False,False,OK
E12000009,South West,E07000081,Gloucester,2012,6.13,5.42,7.84,2.42,1.79,11.469999999999999,False,False,OK
E12000009,South West,E07000082,Stroud,2012,6.91,5.42,7.84,2.42,1.79,11.469999999999999,False,False,OK
E12000009,South West,E07000083,Tewkesbury,2012,6.87,5.42,7.84,2.42,1.79,11.469999999999999,False,False,OK
W92000004,Wales,W06000001,Isle of Anglesey,2012,6.34,5.42,7.84,2.42,1.79,11.469999999999999,False,False,OK
W92000004,Wales,W06000002,Gwynedd,2012,5.89,5.42,7.84,2.42,1.79,11.469999999999999,False,False,OK
W92000004,Wales,W06000003,Conwy,2012,6.23,5.42,7.84,2.42,1.79,11.469999999999999,False,False,OK
W92000004,Wales,W06000004,Denbighshire,2012,5.81,5.42,7.84,2.42,1.79,11.469999999999999,False,False,OK
W92000004,Wales,W06000005,Flintshire,2012,5.53,5.42,7.84,2.42,1.79,11.469999999999999,False,False,OK
W92000004,Wales,W06000006,Wrexham,2012,5.67,5.42,7.84,2.42,1.79,11.469999999999999,False,False,OK
W92000004,Wales,W06000008,Ceredigion,2012,7.8,5.42,7.84,2.42,1.79,11.469999999999999,False,False,OK
W92000004,Wales,W06000009,Pembrokeshire,2012,7.12,5.42,7.84,2.42,1.79,11.469999999999999,False,False,OK
W92000004,Wales,W06000010,Carmarthenshire,2012,5.27,5.42,7.84,2.42,1.79,11.469999999999999,False,False,OK
W92000004,Wales,W06000011,Swansea,2012,5.01,5.42,7.84,2.42,1.79,11.469999999999999,False,False,OK
W92000004,Wales,W06000012,Neath Port Talbot,2012,4.1,5.42,7.84,2.42,1.79,11.469999999999999,False,False,OK
W92000004,Wales,W06000013,Bridgend,2012,5.06,5.42,7.84,2.42,1.79,11.469999999999999,False,False,OK
W92000004,Wales,W06000014,Vale of Glamorgan,2012,6.35,5.42,7.84,2.42,1.79,11.469999999999999,False,False,OK
W92000004,Wales,W06000015,Cardiff,2012,6.11,5.42,7.84,2.42,1.79,11.469999999999999,False,False,OK
W92000004,Wales,W06000016,Rhondda Cynon Taf,2012,3.82,5.42,7.84,2.42,1.79,11.469999999999999,False,False,OK
W92000004,Wales,W06000018,Caerphilly,2012,4.79,5.42,7.84,2.42,1.79,11.469999999999999,False,False,OK
W92000004,Wales,W06000019,Blaenau Gwent,2012,3.49,5.42,7.84,2.42,1.79,11.469999999999999,False,False,OK
W92000004,Wales,W06000020,Torfaen,2012,5.12,5.42,7.84,2.42,1.79,11.469999999999999,False,False,OK
W92000004,Wales,W06000021,Monmouthshire,2012,6.69,5.42,7.84,2.42,1.79,11.469999999999999,False,False,OK
W92000004,Wales,W06000022,Newport,2012,5.24,5.42,7.84,2.42,1.79,11.469999999999999,False,False,OK
W92000004,Wales,W06000023,Powys,2012,7.49,5.42,7.84,2.42,1.79,11.469999999999999,False,False,OK
W92000004,Wales,W06000024,Merthyr Tydfil,2012,3.86,5.42,7.84,2.42,1.79,11.469999999999999,False,False,OK
E12000001,North East,E06000001,Hartlepool,2013,4.79,5.34,8.004999999999999,2.664999999999999,1.3425000000000011,12.002499999999998,False,False,OK
E12000001,North East,E06000002,Middlesbrough,2013,4.98,5.34,8.004999999999999,2.664999999999999,1.3425000000000011,12.002499999999998,False,False,OK
E12000001,North East,E06000003,Redcar and Cleveland,2013,4.8,5.34,8.004999999999999,2.664999999999999,1.3425000000000011,12.002499999999998,False,False,OK
E12000001,North East,E06000004,Stockton-on-Tees,2013,4.79,5.34,8.004999999999999,2.664999999999999,1.3425000000000011,12.002499999999998,False,False,OK
E12000001,North East,E06000005,Darlington,2013,5.34,5.34,8.004999999999999,2.664999999999999,1.3425000000000011,12.002499999999998,False,False,OK
E12000001,North East,E06000047,County Durham,2013,4.36,5.34,8.004999999999999,2.664999999999999,1.3425000000000011,12.002499999999998,False,False,OK
E12000001,North East,E06000057,Northumberland,2013,5.46,5.34,8.004999999999999,2.664999999999999,1.3425000000000011,12.002499999999998,False,False,OK
E12000001,North East,E08000021,Newcastle upon Tyne,2013,5.66,5.34,8.004999999999999,2.664999999999999,1.3425000000000011,12.002499999999998,False,False,OK
E12000001,North East,E08000022,North Tyneside,2013,5.67,5.34,8.004999999999999,2.664999999999999,1.3425000000000011,12.002499999999998,False,False,OK
E12000001,North East,E08000023,South Tyneside,2013,4.77,5.34,8.004999999999999,2.664999999999999,1.3425000000000011,12.002499999999998,False,False,OK
E12000001,North East,E08000024,Sunderland,2013,4.64,5.34,8.004999999999999,2.664999999999999,1.3425000000000011,12.002499999999998,False,False,OK
E12000001,North East,E08000037,Gateshead,2013,5.06,5.34,8.004999999999999,2.664999999999999,1.3425000000000011,12.002499999999998,False,False,OK
E12000002,North West,E06000006,Halton,2013,4.8,5.34,8.004999999999999,2.664999999999999,1.3425000000000011,12.002499999999998,False,False,OK
E12000002,North West,E06000007,Warrington,2013,5.83,5.34,8.004999999999999,2.664999999999999,1.3425000000000011,12.002499999999998,False,False,OK
E12000002,North West,E06000008,Blackburn with Darwen,2013,4.39,5.34,8.004999999999999,2.664999999999999,1.3425000000000011,12.002499999999998,False,False,OK
E12000002,North West,E06000009,Blackpool,2013,4.74,5.34,8.004999999999999,2.664999999999999,1.3425000000000011,12.002499999999998,False,False,OK
E12000002,North West,E06000049,Cheshire East,2013,6.33,5.34,8.004999999999999,2.664999999999999,1.3425000000000011,12.002499999999998,False,False,OK
E12000002,North West,E06000050,Cheshire West and Chester,2013,5.89,5.34,8.004999999999999,2.664999999999999,1.3425000000000011,12.002499999999998,False,False,OK
E12000002,North West,E06000063,Cumberland,2013,4.68,5.34,8.004999999999999,2.664999999999999,1.3425000000000011,12.002499999999998,False,False,OK
E12000002,North West,E06000064,Westmorland and Furness,2013,5.95,5.34,8.004999999999999,2.664999999999999,1.3425000000000011,12.002499999999998,False,False,OK
E12000002,North West,E07000117,Burnley,2013,3.12,5.34,8.004999999999999,2.664999999999999,1.3425000000000011,12.002499999999998,False,False,OK
E12000002,North West,E07000118,Chorley,2013,6.28,5.34,8.004999999999999,2.664999999999999,1.3425000000000011,12.002499999999998,False,False,OK
E12000002,North West,E07000119,Fylde,2013,5.72,5.34,8.004999999999999,2.664999999999999,1.3425000000000011,12.002499999999998,False,False,OK
E12000002,North West,E07000120,Hyndburn,2013,4.13,5.34,8.004999999999999,2.664999999999999,1.3425000000000011,12.002499999999998,False,False,OK
E12000002,North West,E07000121,Lancaster,2013,4.55,5.34,8.004999999999999,2.664999999999999,1.3425000000000011,12.002499999999998,False,False,OK
E12000002,North West,E07000122,Pendle,2013,3.75,5.34,8.004999999999999,2.664999999999999,1.3425000000000011,12.002499999999998,False,False,OK
E12000002,North West,E07000123,Preston,2013,5.42,5.34,8.004999999999999,2.664999999999999,1.3425000000000011,12.002499999999998,False,False,OK
E12000002,North West,E07000124,Ribble Valley,2013,6.78,5.34,8.004999999999999,2.664999999999999,1.3425000000000011,12.002499999999998,False,False,OK
E12000002,North West,E07000125,Rossendale,2013,4.88,5.34,8.004999999999999,2.664999999999999,1.3425000000000011,12.002499999999998,False,False,OK
E12000002,North West,E07000126,South Ribble,2013,5.43,5.34,8.004999999999999,2.664999999999999,1.3425000000000011,12.002499999999998,False,False,OK
E12000002,North West,E07000127,West Lancashire,2013,6.25,5.34,8.004999999999999,2.664999999999999,1.3425000000000011,12.002499999999998,False,False,OK
E12000002,North West,E07000128,Wyre,2013,5.25,5.34,8.004999999999999,2.664999999999999,1.3425000000000011,12.002499999999998,False,False,OK
E12000002,North West,E08000001,Bolton,2013,4.63,5.34,8.004999999999999,2.664999999999999,1.3425000000000011,12.002499999999998,False,False,OK
E12000002,North West,E08000002,Bury,2013,4.72,5.34,8.004999999999999,2.664999999999999,1.3425000000000011,12.002499999999998,False,False,OK
E12000002,North West,E08000003,Manchester,2013,5.06,5.34,8.004999999999999,2.664999999999999,1.3425000000000011,12.002499999999998,False,False,OK
E12000002,North West,E08000004,Oldham,2013,4.98,5.34,8.004999999999999,2.664999999999999,1.3425000000000011,12.002499999999998,False,False,OK
E12000002,North West,E08000005,Rochdale,2013,4.82,5.34,8.004999999999999,2.664999999999999,1.3425000000000011,12.002499999999998,False,False,OK
E12000002,North West,E08000006,Salford,2013,4.85,5.34,8.004999999999999,2.664999999999999,1.3425000000000011,12.002499999999998,False,False,OK
E12000002,North West,E08000007,Stockport,2013,5.85,5.34,8.004999999999999,2.664999999999999,1.3425000000000011,12.002499999999998,False,False,OK
E12000002,North West,E08000008,Tameside,2013,4.88,5.34,8.004999999999999,2.664999999999999,1.3425000000000011,12.002499999999998,False,False,OK
E12000002,North West,E08000009,Trafford,2013,6.24,5.34,8.004999999999999,2.664999999999999,1.3425000000000011,12.002499999999998,False,False,OK
E12000002,North West,E08000010,Wigan,2013,4.28,5.34,8.004999999999999,2.664999999999999,1.3425000000000011,12.002499999999998,False,False,OK
E12000002,North West,E08000011,Knowsley,2013,4.72,5.34,8.004999999999999,2.664999999999999,1.3425000000000011,12.002499999999998,False,False,OK
E12000002,North West,E08000012,Liverpool,2013,4.51,5.34,8.004999999999999,2.664999999999999,1.3425000000000011,12.002499999999998,False,False,OK
E12000002,North West,E08000013,St. Helens,2013,4.44,5.34,8.004999999999999,2.664999999999999,1.3425000000000011,12.002499999999998,False,False,OK
E12000002,North West,E08000014,Sefton,2013,5.33,5.34,8.004999999999999,2.664999999999999,1.3425000000000011,12.002499999999998,False,False,OK
E12000002,North West,E08000015,Wirral,2013,5.05,5.34,8.004999999999999,2.664999999999999,1.3425000000000011,12.002499999999998,False,False,OK
E12000003,Yorkshire and The Humber,E06000010,"Kingston upon Hull, City of",2013,4.04,5.34,8.004999999999999,2.664999999999999,1.3425000000000011,12.002499999999998,False,False,OK
E12000003,Yorkshire and The Humber,E06000011,East Riding of Yorkshire,2013,5.24,5.34,8.004999999999999,2.664999999999999,1.3425000000000011,12.002499999999998,False,False,OK
E12000003,Yorkshire and The Humber,E06000012,North East Lincolnshire,2013,4.43,5.34,8.004999999999999,2.664999999999999,1.3425000000000011,12.002499999999998,False,False,OK
E12000003,Yorkshire and The Humber,E06000013,North Lincolnshire,2013,4.2,5.34,8.004999999999999,2.664999999999999,1.3425000000000011,12.002499999999998,False,False,OK
E12000003,Yorkshire and The Humber,E06000014,York,2013,6.53,5.34,8.004999999999999,2.664999999999999,1.3425000000000011,12.002499999999998,False,False,OK
E12000003,Yorkshire and The Humber,E06000065,North Yorkshire,2013,7.04,5.34,8.004999999999999,2.664999999999999,1.3425000000000011,12.002499999999998,False,False,OK
E12000003,Yorkshire and The Humber,E08000017,Doncaster,2013,4.53,5.34,8.004999999999999,2.664999999999999,1.3425000000000011,12.002499999999998,False,False,OK
E12000003,Yorkshire and The Humber,E08000018,Rotherham,2013,4.94,5.34,8.004999999999999,2.664999999999999,1.3425000000000011,12.002499999999998,False,False,OK
E12000003,Yorkshire and The Humber,E08000032,Bradford,2013,5.07,5.34,8.004999999999999,2.664999999999999,1.3425000000000011,12.002499999999998,False,False,OK
E12000003,Yorkshire and The Humber,E08000033,Calderdale,2013,4.75,5.34,8.004999999999999,2.664999999999999,1.3425000000000011,12.002499999999998,False,False,OK
E12000003,Yorkshire and The Humber,E08000034,Kirklees,2013,4.94,5.34,8.004999999999999,2.664999999999999,1.3425000000000011,12.002499999999998,False,False,OK
E12000003,Yorkshire and The Humber,E08000035,Leeds,2013,5.48,5.34,8.004999999999999,2.664999999999999,1.3425000000000011,12.002499999999998,False,False,OK
E12000003,Yorkshire and The Humber,E08000036,Wakefield,2013,5.24,5.34,8.004999999999999,2.664999999999999,1.3425000000000011,12.002499999999998,False,False,OK
E12000003,Yorkshire and The Humber,E08000038,Barnsley,2013,4.32,5.34,8.004999999999999,2.664999999999999,1.3425000000000011,12.002499999999998,False,False,OK
E12000003,Yorkshire and The Humber,E08000039,Sheffield,2013,5.08,5.34,8.004999999999999,2.664999999999999,1.3425000000000011,12.002499999999998,False,False,OK
E12000004,East Midlands,E06000015,Derby,2013,4.72,5.34,8.004999999999999,2.664999999999999,1.3425000000000011,12.002499999999998,False,False,OK
E12000004,East Midlands,E06000016,Leicester,2013,5.55,5.34,8.004999999999999,2.664999999999999,1.3425000000000011,12.002499999999998,False,False,OK
E12000004,East Midlands,E06000017,Rutland,2013,8.47,5.34,8.004999999999999,2.664999999999999,1.3425000000000011,12.002499999999998,False,False,OK
E12000004,East Midlands,E06000018,Nottingham,2013,4.46,5.34,8.004999999999999,2.664999999999999,1.3425000000000011,12.002499999999998,False,False,OK
E12000004,East Midlands,E06000061,North Northamptonshire,2013,5.4,5.34,8.004999999999999,2.664999999999999,1.3425000000000011,12.002499999999998,False,False,OK
E12000004,East Midlands,E06000062,West Northamptonshire,2013,5.92,5.34,8.004999999999999,2.664999999999999,1.3425000000000011,12.002499999999998,False,False,OK
E12000004,East Midlands,E07000032,Amber Valley,2013,5.13,5.34,8.004999999999999,2.664999999999999,1.3425000000000011,12.002499999999998,False,False,OK
E12000004,East Midlands,E07000033,Bolsover,2013,4.18,5.34,8.004999999999999,2.664999999999999,1.3425000000000011,12.002499999999998,False,False,OK
E12000004,East Midlands,E07000034,Chesterfield,2013,5.14,5.34,8.004999999999999,2.664999999999999,1.3425000000000011,12.002499999999998,False,False,OK
E12000004,East Midlands,E07000035,Derbyshire Dales,2013,7.4,5.34,8.004999999999999,2.664999999999999,1.3425000000000011,12.002499999999998,False,False,OK
E12000004,East Midlands,E07000036,Erewash,2013,4.4,5.34,8.004999999999999,2.664999999999999,1.3425000000000011,12.002499999999998,False,False,OK
E12000004,East Midlands,E07000037,High Peak,2013,5.62,5.34,8.004999999999999,2.664999999999999,1.3425000000000011,12.002499999999998,False,False,OK
E12000004,East Midlands,E07000038,North East Derbyshire,2013,5.49,5.34,8.004999999999999,2.664999999999999,1.3425000000000011,12.002499999999998,False,False,OK
E12000004,East Midlands,E07000039,South Derbyshire,2013,5.25,5.34,8.004999999999999,2.664999999999999,1.3425000000000011,12.002499999999998,False,False,OK
E12000004,East Midlands,E07000129,Blaby,2013,5.64,5.34,8.004999999999999,2.664999999999999,1.3425000000000011,12.002499999999998,False,False,OK
E12000004,East Midlands,E07000130,Charnwood,2013,5.93,5.34,8.004999999999999,2.664999999999999,1.3425000000000011,12.002499999999998,False,False,OK
E12000004,East Midlands,E07000131,Harborough,2013,6.47,5.34,8.004999999999999,2.664999999999999,1.3425000000000011,12.002499999999998,False,False,OK
E12000004,East Midlands,E07000132,Hinckley and Bosworth,2013,5.88,5.34,8.004999999999999,2.664999999999999,1.3425000000000011,12.002499999999998,False,False,OK
E12000004,East Midlands,E07000133,Melton,2013,6.95,5.34,8.004999999999999,2.664999999999999,1.3425000000000011,12.002499999999998,False,False,OK
E12000004,East Midlands,E07000134,North West Leicestershire,2013,5.98,5.34,8.004999999999999,2.664999999999999,1.3425000000000011,12.002499999999998,False,False,OK
E12000004,East Midlands,E07000135,Oadby and Wigston,2013,6.17,5.34,8.004999999999999,2.664999999999999,1.3425000000000011,12.002499999999998,False,False,OK
E12000004,East Midlands,E07000136,Boston,2013,5.83,5.34,8.004999999999999,2.664999999999999,1.3425000000000011,12.002499999999998,False,False,OK
E12000004,East Midlands,E07000137,East Lindsey,2013,5.34,5.34,8.004999999999999,2.664999999999999,1.3425000000000011,12.002499999999998,False,False,OK
E12000004,East Midlands,E07000138,Lincoln,2013,4.97,5.34,8.004999999999999,2.664999999999999,1.3425000000000011,12.002499999999998,False,False,OK
E12000004,East Midlands,E07000139,North Kesteven,2013,5.79,5.34,8.004999999999999,2.664999999999999,1.3425000000000011,12.002499999999998,False,False,OK
E12000004,East Midlands,E07000140,South Holland,2013,5.64,5.34,8.004999999999999,2.664999999999999,1.3425000000000011,12.002499999999998,False,False,OK
E12000004,East Midlands,E07000141,South Kesteven,2013,5.73,5.34,8.004999999999999,2.664999999999999,1.3425000000000011,12.002499999999998,False,False,OK
E12000004,East Midlands,E07000142,West Lindsey,2013,5.13,5.34,8.004999999999999,2.664999999999999,1.3425000000000011,12.002499999999998,False,False,OK
E12000004,East Midlands,E07000170,Ashfield,2013,5.07,5.34,8.004999999999999,2.664999999999999,1.3425000000000011,12.002499999999998,False,False,OK
E12000004,East Midlands,E07000171,Bassetlaw,2013,4.95,5.34,8.004999999999999,2.664999999999999,1.3425000000000011,12.002499999999998,False,False,OK
E12000004,East Midlands,E07000172,Broxtowe,2013,5.05,5.34,8.004999999999999,2.664999999999999,1.3425000000000011,12.002499999999998,False,False,OK
E12000004,East Midlands,E07000173,Gedling,2013,4.93,5.34,8.004999999999999,2.664999999999999,1.3425000000000011,12.002499999999998,False,False,OK
E12000004,East Midlands,E07000174,Mansfield,2013,5.12,5.34,8.004999999999999,2.664999999999999,1.3425000000000011,12.002499999999998,False,False,OK
E12000004,East Midlands,E07000175,Newark and Sherwood,2013,6.23,5.34,8.004999999999999,2.664999999999999,1.3425000000000011,12.002499999999998,False,False,OK
E12000004,East Midlands,E07000176,Rushcliffe,2013,6.0,5.34,8.004999999999999,2.664999999999999,1.3425000000000011,12.002499999999998,False,False,OK
E12000005,West Midlands,E06000019,"Herefordshire, County of",2013,8.62,5.34,8.004999999999999,2.664999999999999,1.3425000000000011,12.002499999999998,False,False,OK
E12000005,West Midlands,E06000020,Telford and Wrekin,2013,6.06,5.34,8.004999999999999,2.664999999999999,1.3425000000000011,12.002499999999998,False,False,OK
E12000005,West Midlands,E06000021,Stoke-on-Trent,2013,4.08,5.34,8.004999999999999,2.664999999999999,1.3425000000000011,12.002499999999998,False,False,OK
E12000005,West Midlands,E06000051,Shropshire,2013,6.21,5.34,8.004999999999999,2.664999999999999,1.3425000000000011,12.002499999999998,False,False,OK
E12000005,West Midlands,E07000192,Cannock Chase,2013,5.09,5.34,8.004999999999999,2.664999999999999,1.3425000000000011,12.002499999999998,False,False,OK
E12000005,West Midlands,E07000193,East Staffordshire,2013,5.42,5.34,8.004999999999999,2.664999999999999,1.3425000000000011,12.002499999999998,False,False,OK
E12000005,West Midlands,E07000194,Lichfield,2013,6.0,5.34,8.004999999999999,2.664999999999999,1.3425000000000011,12.002499999999998,False,False,OK
E12000005,West Midlands,E07000195,Newcastle-under-Lyme,2013,5.05,5.34,8.004999999999999,2.664999999999999,1.3425000000000011,12.002499999999998,False,False,OK
E12000005,West Midlands,E07000196,South Staffordshire,2013,6.24,5.34,8.004999999999999,2.664999999999999,1.3425000000000011,12.002499999999998,False,False,OK
E12000005,West Midlands,E07000197,Stafford,2013,5.61,5.34,8.004999999999999,2.664999999999999,1.3425000000000011,12.002499999999998,False,False,OK
E12000005,West Midlands,E07000198,Staffordshire Moorlands,2013,5.16,5.34,8.004999999999999,2.664999999999999,1.3425000000000011,12.002499999999998,False,False,OK
E12000005,West Midlands,E07000199,Tamworth,2013,5.46,5.34,8.004999999999999,2.664999999999999,1.3425000000000011,12.002499999999998,False,False,OK
E12000005,West Midlands,E07000218,North Warwickshire,2013,5.55,5.34,8.004999999999999,2.664999999999999,1.3425000000000011,12.002499999999998,False,False,OK
E12000005,West Midlands,E07000219,Nuneaton and Bedworth,2013,4.9,5.34,8.004999999999999,2.664999999999999,1.3425000000000011,12.002499999999998,False,False,OK
E12000005,West Midlands,E07000220,Rugby,2013,5.56,5.34,8.004999999999999,2.664999999999999,1.3425000000000011,12.002499999999998,False,False,OK
E12000005,West Midlands,E07000221,Stratford-on-Avon,2013,8.18,5.34,8.004999999999999,2.664999999999999,1.3425000000000011,12.002499999999998,False,False,OK
E12000005,West Midlands,E07000222,Warwick,2013,7.4,5.34,8.004999999999999,2.664999999999999,1.3425000000000011,12.002499999999998,False,False,OK
E12000005,West Midlands,E07000234,Bromsgrove,2013,6.4,5.34,8.004999999999999,2.664999999999999,1.3425000000000011,12.002499999999998,False,False,OK
E12000005,West Midlands,E07000235,Malvern Hills,2013,7.23,5.34,8.004999999999999,2.664999999999999,1.3425000000000011,12.002499999999998,False,False,OK
E12000005,West Midlands,E07000236,Redditch,2013,6.51,5.34,8.004999999999999,2.664999999999999,1.3425000000000011,12.002499999999998,False,False,OK
E12000005,West Midlands,E07000237,Worcester,2013,6.11,5.34,8.004999999999999,2.664999999999999,1.3425000000000011,12.002499999999998,False,False,OK
E12000005,West Midlands,E07000238,Wychavon,2013,7.74,5.34,8.004999999999999,2.664999999999999,1.3425000000000011,12.002499999999998,False,False,OK
E12000005,West Midlands,E07000239,Wyre Forest,2013,6.49,5.34,8.004999999999999,2.664999999999999,1.3425000000000011,12.002499999999998,False,False,OK
E12000005,West Midlands,E08000025,Birmingham,2013,5.33,5.34,8.004999999999999,2.664999999999999,1.3425000000000011,12.002499999999998,False,False,OK
E12000005,West Midlands,E08000026,Coventry,2013,4.8,5.34,8.004999999999999,2.664999999999999,1.3425000000000011,12.002499999999998,False,False,OK
E12000005,West Midlands,E08000027,Dudley,2013,5.33,5.34,8.004999999999999,2.664999999999999,1.3425000000000011,12.002499999999998,False,False,OK
E12000005,West Midlands,E08000028,Sandwell,2013,4.92,5.34,8.004999999999999,2.664999999999999,1.3425000000000011,12.002499999999998,False,False,OK
E12000005,West Midlands,E08000029,Solihull,2013,6.59,5.34,8.004999999999999,2.664999999999999,1.3425000000000011,12.002499999999998,False,False,OK
E12000005,West Midlands,E08000030,Walsall,2013,5.59,5.34,8.004999999999999,2.664999999999999,1.3425000000000011,12.002499999999998,False,False,OK
E12000005,West Midlands,E08000031,Wolverhampton,2013,4.96,5.34,8.004999999999999,2.664999999999999,1.3425000000000011,12.002499999999998,False,False,OK
E12000006,East of England,E06000031,Peterborough,2013,5.73,5.34,8.004999999999999,2.664999999999999,1.3425000000000011,12.002499999999998,False,False,OK
E12000006,East of England,E06000032,Luton,2013,6.08,5.34,8.004999999999999,2.664999999999999,1.3425000000000011,12.002499999999998,False,False,OK
E12000006,East of England,E06000033,Southend-on-Sea,2013,6.94,5.34,8.004999999999999,2.664999999999999,1.3425000000000011,12.002499999999998,False,False,OK
E12000006,East of England,E06000034,Thurrock,2013,5.93,5.34,8.004999999999999,2.664999999999999,1.3425000000000011,12.002499999999998,False,False,OK
E12000006,East of England,E06000055,Bedford,2013,6.43,5.34,8.004999999999999,2.664999999999999,1.3425000000000011,12.002499999999998,False,False,OK
E12000006,East of England,E06000056,Central Bedfordshire,2013,6.64,5.34,8.004999999999999,2.664999999999999,1.3425000000000011,12.002499999999998,False,False,OK
E12000006,East of England,E07000008,Cambridge,2013,9.64,5.34,8.004999999999999,2.664999999999999,1.3425000000000011,12.002499999999998,False,False,OK
E12000006,East of England,E07000009,East Cambridgeshire,2013,7.07,5.34,8.004999999999999,2.664999999999999,1.3425000000000011,12.002499999999998,False,False,OK
E12000006,East of England,E07000010,Fenland,2013,5.31,5.34,8.004999999999999,2.664999999999999,1.3425000000000011,12.002499999999998,False,False,OK
E12000006,East of England,E07000011,Huntingdonshire,2013,6.6,5.34,8.004999999999999,2.664999999999999,1.3425000000000011,12.002499999999998,False,False,OK
E12000006,East of England,E07000012,South Cambridgeshire,2013,7.14,5.34,8.004999999999999,2.664999999999999,1.3425000000000011,12.002499999999998,False,False,OK
E12000006,East of England,E07000066,Basildon,2013,6.24,5.34,8.004999999999999,2.664999999999999,1.3425000000000011,12.002499999999998,False,False,OK
E12000006,East of England,E07000067,Braintree,2013,6.2,5.34,8.004999999999999,2.664999999999999,1.3425000000000011,12.002499999999998,False,False,OK
E12000006,East of England,E07000068,Brentwood,2013,6.88,5.34,8.004999999999999,2.664999999999999,1.3425000000000011,12.002499999999998,False,False,OK
E12000006,East of England,E07000069,Castle Point,2013,7.56,5.34,8.004999999999999,2.664999999999999,1.3425000000000011,12.002499999999998,False,False,OK
E12000006,East of England,E07000070,Chelmsford,2013,7.48,5.34,8.004999999999999,2.664999999999999,1.3425000000000011,12.002499999999998,False,False,OK
E12000006,East of England,E07000071,Colchester,2013,6.83,5.34,8.004999999999999,2.664999999999999,1.3425000000000011,12.002499999999998,False,False,OK
E12000006,East of England,E07000072,Epping Forest,2013,9.23,5.34,8.004999999999999,2.664999999999999,1.3425000000000011,12.002499999999998,False,False,OK
E12000006,East of England,E07000073,Harlow,2013,7.18,5.34,8.004999999999999,2.664999999999999,1.3425000000000011,12.002499999999998,False,False,OK
E12000006,East of England,E07000074,Maldon,2013,6.37,5.34,8.004999999999999,2.664999999999999,1.3425000000000011,12.002499999999998,False,False,OK
E12000006,East of England,E07000075,Rochford,2013,7.12,5.34,8.004999999999999,2.664999999999999,1.3425000000000011,12.002499999999998,False,False,OK
E12000006,East of England,E07000076,Tendring,2013,5.97,5.34,8.004999999999999,2.664999999999999,1.3425000000000011,12.002499999999998,False,False,OK
E12000006,East of England,E07000077,Uttlesford,2013,9.54,5.34,8.004999999999999,2.664999999999999,1.3425000000000011,12.002499999999998,False,False,OK
E12000006,East of England,E07000095,Broxbourne,2013,7.6,5.34,8.004999999999999,2.664999999999999,1.3425000000000011,12.002499999999998,False,False,OK
E12000006,East of England,E07000096,Dacorum,2013,8.2,5.34,8.004999999999999,2.664999999999999,1.3425000000000011,12.002499999999998,False,False,OK
E12000006,East of England,E07000098,Hertsmere,2013,10.78,5.34,8.004999999999999,2.664999999999999,1.3425000000000011,12.002499999999998,False,False,OK
E12000006,East of England,E07000099,North Hertfordshire,2013,6.65,5.34,8.004999999999999,2.664999999999999,1.3425000000000011,12.002499999999998,False,False,OK
E12000006,East of England,E07000102,Three Rivers,2013,9.48,5.34,8.004999999999999,2.664999999999999,1.3425000000000011,12.002499999999998,False,False,OK
E12000006,East of England,E07000103,Watford,2013,6.71,5.34,8.004999999999999,2.664999999999999,1.3425000000000011,12.002499999999998,False,False,OK
E12000006,East of England,E07000143,Breckland,2013,6.83,5.34,8.004999999999999,2.664999999999999,1.3425000000000011,12.002499999999998,False,False,OK
E12000006,East of England,E07000144,Broadland,2013,6.36,5.34,8.004999999999999,2.664999999999999,1.3425000000000011,12.002499999999998,False,False,OK
E12000006,East of England,E07000145,Great Yarmouth,2013,5.8,5.34,8.004999999999999,2.664999999999999,1.3425000000000011,12.002499999999998,False,False,OK
E12000006,East of England,E07000146,King's Lynn and West Norfolk,2013,6.54,5.34,8.004999999999999,2.664999999999999,1.3425000000000011,12.002499999999998,False,False,OK
E12000006,East of England,E07000147,North Norfolk,2013,8.25,5.34,8.004999999999999,2.664999999999999,1.3425000000000011,12.002499999999998,False,False,OK
E12000006,East of England,E07000148,Norwich,2013,6.15,5.34,8.004999999999999,2.664999999999999,1.3425000000000011,12.002499999999998,False,False,OK
E12000006,East of England,E07000149,South Norfolk,2013,6.92,5.34,8.004999999999999,2.664999999999999,1.3425000000000011,12.002499999999998,False,False,OK
E12000006,East of England,E07000200,Babergh,2013,7.54,5.34,8.004999999999999,2.664999999999999,1.3425000000000011,12.002499999999998,False,False,OK
E12000006,East of England,E07000202,Ipswich,2013,5.64,5.34,8.004999999999999,2.664999999999999,1.3425000000000011,12.002499999999998,False,False,OK
E12000006,East of England,E07000203,Mid Suffolk,2013,6.54,5.34,8.004999999999999,2.664999999999999,1.3425000000000011,12.002499999999998,False,False,OK
E12000006,East of England,E07000240,St Albans,2013,9.39,5.34,8.004999999999999,2.664999999999999,1.3425000000000011,12.002499999999998,False,False,OK
E12000006,East of England,E07000241,Welwyn Hatfield,2013,8.55,5.34,8.004999999999999,2.664999999999999,1.3425000000000011,12.002499999999998,False,False,OK
E12000006,East of England,E07000242,East Hertfordshire,2013,8.72,5.34,8.004999999999999,2.664999999999999,1.3425000000000011,12.002499999999998,False,False,OK
E12000006,East of England,E07000243,Stevenage,2013,6.2,5.34,8.004999999999999,2.664999999999999,1.3425000000000011,12.002499999999998,False,False,OK
E12000006,East of England,E07000244,East Suffolk,2013,6.94,5.34,8.004999999999999,2.664999999999999,1.3425000000000011,12.002499999999998,False,False,OK
E12000006,East of England,E07000245,West Suffolk,2013,7.41,5.34,8.004999999999999,2.664999999999999,1.3425000000000011,12.002499999999998,False,False,OK
E12000007,London,E09000001,City of London,2013,,5.34,8.004999999999999,2.664999999999999,1.3425000000000011,12.002499999999998,False,True,Missing ratio value
E12000007,London,E09000002,Barking and Dagenham,2013,6.28,5.34,8.004999999999999,2.664999999999999,1.3425000000000011,12.002499999999998,False,False,OK
E12000007,London,E09000003,Barnet,2013,10.16,5.34,8.004999999999999,2.664999999999999,1.3425000000000011,12.002499999999998,False,False,OK
E12000007,London,E09000004,Bexley,2013,6.68,5.34,8.004999999999999,2.664999999999999,1.3425000000000011,12.002499999999998,False,False,OK
E12000007,London,E09000005,Brent,2013,12.13,5.34,8.004999999999999,2.664999999999999,1.3425000000000011,12.002499999999998,True,False,Statistical outlier
E12000007,London,E09000006,Bromley,2013,7.94,5.34,8.004999999999999,2.664999999999999,1.3425000000000011,12.002499999999998,False,False,OK
E12000007,London,E09000007,Camden,2013,15.15,5.34,8.004999999999999,2.664999999999999,1.3425000000000011,12.002499999999998,True,False,Statistical outlier
E12000007,London,E09000008,Croydon,2013,7.54,5.34,8.004999999999999,2.664999999999999,1.3425000000000011,12.002499999999998,False,False,OK
E12000007,London,E09000009,Ealing,2013,10.93,5.34,8.004999999999999,2.664999999999999,1.3425000000000011,12.002499999999998,False,False,OK
E12000007,London,E09000010,Enfield,2013,8.43,5.34,8.004999999999999,2.664999999999999,1.3425000000000011,12.002499999999998,False,False,OK
E12000007,London,E09000011,Greenwich,2013,8.1,5.34,8.004999999999999,2.664999999999999,1.3425000000000011,12.002499999999998,False,False,OK
E12000007,London,E09000012,Hackney,2013,11.42,5.34,8.004999999999999,2.664999999999999,1.3425000000000011,12.002499999999998,False,False,OK
E12000007,London,E09000013,Hammersmith and Fulham,2013,14.45,5.34,8.004999999999999,2.664999999999999,1.3425000000000011,12.002499999999998,True,False,Statistical outlier
E12000007,London,E09000014,Haringey,2013,11.32,5.34,8.004999999999999,2.664999999999999,1.3425000000000011,12.002499999999998,False,False,OK
E12000007,London,E09000015,Harrow,2013,9.76,5.34,8.004999999999999,2.664999999999999,1.3425000000000011,12.002499999999998,False,False,OK
E12000007,London,E09000016,Havering,2013,7.34,5.34,8.004999999999999,2.664999999999999,1.3425000000000011,12.002499999999998,False,False,OK
E12000007,London,E09000017,Hillingdon,2013,8.34,5.34,8.004999999999999,2.664999999999999,1.3425000000000011,12.002499999999998,False,False,OK
E12000007,London,E09000018,Hounslow,2013,9.21,5.34,8.004999999999999,2.664999999999999,1.3425000000000011,12.002499999999998,False,False,OK
E12000007,London,E09000019,Islington,2013,12.55,5.34,8.004999999999999,2.664999999999999,1.3425000000000011,12.002499999999998,True,False,Statistical outlier
E12000007,London,E09000020,Kensington and Chelsea,2013,20.88,5.34,8.004999999999999,2.664999999999999,1.3425000000000011,12.002499999999998,True,False,Statistical outlier
E12000007,London,E09000021,Kingston upon Thames,2013,9.06,5.34,8.004999999999999,2.664999999999999,1.3425000000000011,12.002499999999998,False,False,OK
E12000007,London,E09000022,Lambeth,2013,10.14,5.34,8.004999999999999,2.664999999999999,1.3425000000000011,12.002499999999998,False,False,OK
E12000007,London,E09000023,Lewisham,2013,7.7,5.34,8.004999999999999,2.664999999999999,1.3425000000000011,12.002499999999998,False,False,OK
E12000007,London,E09000024,Merton,2013,9.43,5.34,8.004999999999999,2.664999999999999,1.3425000000000011,12.002499999999998,False,False,OK
E12000007,London,E09000025,Newham,2013,8.0,5.34,8.004999999999999,2.664999999999999,1.3425000000000011,12.002499999999998,False,False,OK
E12000007,London,E09000026,Redbridge,2013,8.37,5.34,8.004999999999999,2.664999999999999,1.3425000000000011,12.002499999999998,False,False,OK
E12000007,London,E09000027,Richmond upon Thames,2013,11.82,5.34,8.004999999999999,2.664999999999999,1.3425000000000011,12.002499999999998,False,False,OK
E12000007,London,E09000028,Southwark,2013,10.12,5.34,8.004999999999999,2.664999999999999,1.3425000000000011,12.002499999999998,False,False,OK
E12000007,London,E09000029,Sutton,2013,8.06,5.34,8.004999999999999,2.664999999999999,1.3425000000000011,12.002499999999998,False,False,OK
E12000007,London,E09000030,Tower Hamlets,2013,9.01,5.34,8.004999999999999,2.664999999999999,1.3425000000000011,12.002499999999998,False,False,OK
E12000007,London,E09000031,Waltham Forest,2013,8.96,5.34,8.004999999999999,2.664999999999999,1.3425000000000011,12.002499999999998,False,False,OK
E12000007,London,E09000032,Wandsworth,2013,11.75,5.34,8.004999999999999,2.664999999999999,1.3425000000000011,12.002499999999998,False,False,OK
E12000007,London,E09000033,Westminster,2013,18.69,5.34,8.004999999999999,2.664999999999999,1.3425000000000011,12.002499999999998,True,False,Statistical outlier
E12000008,South East,E06000035,Medway,2013,5.69,5.34,8.004999999999999,2.664999999999999,1.3425000000000011,12.002499999999998,False,False,OK
E12000008,South East,E06000036,Bracknell Forest,2013,7.63,5.34,8.004999999999999,2.664999999999999,1.3425000000000011,12.002499999999998,False,False,OK
E12000008,South East,E06000037,West Berkshire,2013,7.64,5.34,8.004999999999999,2.664999999999999,1.3425000000000011,12.002499999999998,False,False,OK
E12000008,South East,E06000038,Reading,2013,6.22,5.34,8.004999999999999,2.664999999999999,1.3425000000000011,12.002499999999998,False,False,OK
E12000008,South East,E06000039,Slough,2013,7.36,5.34,8.004999999999999,2.664999999999999,1.3425000000000011,12.002499999999998,False,False,OK
E12000008,South East,E06000040,Windsor and Maidenhead,2013,8.86,5.34,8.004999999999999,2.664999999999999,1.3425000000000011,12.002499999999998,False,False,OK
E12000008,South East,E06000041,Wokingham,2013,7.59,5.34,8.004999999999999,2.664999999999999,1.3425000000000011,12.002499999999998,False,False,OK
E12000008,South East,E06000042,Milton Keynes,2013,6.35,5.34,8.004999999999999,2.664999999999999,1.3425000000000011,12.002499999999998,False,False,OK
E12000008,South East,E06000043,Brighton and Hove,2013,8.86,5.34,8.004999999999999,2.664999999999999,1.3425000000000011,12.002499999999998,False,False,OK
E12000008,South East,E06000044,Portsmouth,2013,6.11,5.34,8.004999999999999,2.664999999999999,1.3425000000000011,12.002499999999998,False,False,OK
E12000008,South East,E06000045,Southampton,2013,6.48,5.34,8.004999999999999,2.664999999999999,1.3425000000000011,12.002499999999998,False,False,OK
E12000008,South East,E06000046,Isle of Wight,2013,7.07,5.34,8.004999999999999,2.664999999999999,1.3425000000000011,12.002499999999998,False,False,OK
E12000008,South East,E06000060,Buckinghamshire,2013,8.75,5.34,8.004999999999999,2.664999999999999,1.3425000000000011,12.002499999999998,False,False,OK
E12000008,South East,E07000061,Eastbourne,2013,7.18,5.34,8.004999999999999,2.664999999999999,1.3425000000000011,12.002499999999998,False,False,OK
E12000008,South East,E07000062,Hastings,2013,7.07,5.34,8.004999999999999,2.664999999999999,1.3425000000000011,12.002499999999998,False,False,OK
E12000008,South East,E07000063,Lewes,2013,8.37,5.34,8.004999999999999,2.664999999999999,1.3425000000000011,12.002499999999998,False,False,OK
E12000008,South East,E07000064,Rother,2013,8.83,5.34,8.004999999999999,2.664999999999999,1.3425000000000011,12.002499999999998,False,False,OK
E12000008,South East,E07000065,Wealden,2013,8.49,5.34,8.004999999999999,2.664999999999999,1.3425000000000011,12.002499999999998,False,False,OK
E12000008,South East,E07000084,Basingstoke and Deane,2013,7.07,5.34,8.004999999999999,2.664999999999999,1.3425000000000011,12.002499999999998,False,False,OK
E12000008,South East,E07000085,East Hampshire,2013,8.52,5.34,8.004999999999999,2.664999999999999,1.3425000000000011,12.002499999999998,False,False,OK
E12000008,South East,E07000086,Eastleigh,2013,7.2,5.34,8.004999999999999,2.664999999999999,1.3425000000000011,12.002499999999998,False,False,OK
E12000008,South East,E07000087,Fareham,2013,7.59,5.34,8.004999999999999,2.664999999999999,1.3425000000000011,12.002499999999998,False,False,OK
E12000008,South East,E07000088,Gosport,2013,5.73,5.34,8.004999999999999,2.664999999999999,1.3425000000000011,12.002499999999998,False,False,OK
E12000008,South East,E07000089,Hart,2013,8.6,5.34,8.004999999999999,2.664999999999999,1.3425000000000011,12.002499999999998,False,False,OK
E12000008,South East,E07000090,Havant,2013,6.9,5.34,8.004999999999999,2.664999999999999,1.3425000000000011,12.002499999999998,False,False,OK
E12000008,South East,E07000091,New Forest,2013,8.5,5.34,8.004999999999999,2.664999999999999,1.3425000000000011,12.002499999999998,False,False,OK
E12000008,South East,E07000092,Rushmoor,2013,7.25,5.34,8.004999999999999,2.664999999999999,1.3425000000000011,12.002499999999998,False,False,OK
E12000008,South East,E07000093,Test Valley,2013,8.15,5.34,8.004999999999999,2.664999999999999,1.3425000000000011,12.002499999999998,False,False,OK
E12000008,South East,E07000094,Winchester,2013,8.78,5.34,8.004999999999999,2.664999999999999,1.3425000000000011,12.002499999999998,False,False,OK
E12000008,South East,E07000105,Ashford,2013,7.32,5.34,8.004999999999999,2.664999999999999,1.3425000000000011,12.002499999999998,False,False,OK
E12000008,South East,E07000106,Canterbury,2013,6.92,5.34,8.004999999999999,2.664999999999999,1.3425000000000011,12.002499999999998,False,False,OK
E12000008,South East,E07000107,Dartford,2013,6.74,5.34,8.004999999999999,2.664999999999999,1.3425000000000011,12.002499999999998,False,False,OK
E12000008,South East,E07000108,Dover,2013,6.05,5.34,8.004999999999999,2.664999999999999,1.3425000000000011,12.002499999999998,False,False,OK
E12000008,South East,E07000109,Gravesham,2013,6.54,5.34,8.004999999999999,2.664999999999999,1.3425000000000011,12.002499999999998,False,False,OK
E12000008,South East,E07000110,Maidstone,2013,7.76,5.34,8.004999999999999,2.664999999999999,1.3425000000000011,12.002499999999998,False,False,OK
E12000008,South East,E07000111,Sevenoaks,2013,9.52,5.34,8.004999999999999,2.664999999999999,1.3425000000000011,12.002499999999998,False,False,OK
E12000008,South East,E07000112,Folkestone and Hythe,2013,6.53,5.34,8.004999999999999,2.664999999999999,1.3425000000000011,12.002499999999998,False,False,OK
E12000008,South East,E07000113,Swale,2013,5.89,5.34,8.004999999999999,2.664999999999999,1.3425000000000011,12.002499999999998,False,False,OK
E12000008,South East,E07000114,Thanet,2013,6.54,5.34,8.004999999999999,2.664999999999999,1.3425000000000011,12.002499999999998,False,False,OK
E12000008,South East,E07000115,Tonbridge and Malling,2013,8.06,5.34,8.004999999999999,2.664999999999999,1.3425000000000011,12.002499999999998,False,False,OK
E12000008,South East,E07000116,Tunbridge Wells,2013,7.26,5.34,8.004999999999999,2.664999999999999,1.3425000000000011,12.002499999999998,False,False,OK
E12000008,South East,E07000177,Cherwell,2013,8.09,5.34,8.004999999999999,2.664999999999999,1.3425000000000011,12.002499999999998,False,False,OK
E12000008,South East,E07000178,Oxford,2013,10.39,5.34,8.004999999999999,2.664999999999999,1.3425000000000011,12.002499999999998,False,False,OK
E12000008,South East,E07000179,South Oxfordshire,2013,8.79,5.34,8.004999999999999,2.664999999999999,1.3425000000000011,12.002499999999998,False,False,OK
E12000008,South East,E07000180,Vale of White Horse,2013,7.91,5.34,8.004999999999999,2.664999999999999,1.3425000000000011,12.002499999999998,False,False,OK
E12000008,South East,E07000181,West Oxfordshire,2013,8.31,5.34,8.004999999999999,2.664999999999999,1.3425000000000011,12.002499999999998,False,False,OK
E12000008,South East,E07000207,Elmbridge,2013,11.43,5.34,8.004999999999999,2.664999999999999,1.3425000000000011,12.002499999999998,False,False,OK
E12000008,South East,E07000208,Epsom and Ewell,2013,9.31,5.34,8.004999999999999,2.664999999999999,1.3425000000000011,12.002499999999998,False,False,OK
E12000008,South East,E07000209,Guildford,2013,8.97,5.34,8.004999999999999,2.664999999999999,1.3425000000000011,12.002499999999998,False,False,OK
E12000008,South East,E07000210,Mole Valley,2013,11.35,5.34,8.004999999999999,2.664999999999999,1.3425000000000011,12.002499999999998,False,False,OK
E12000008,South East,E07000211,Reigate and Banstead,2013,7.89,5.34,8.004999999999999,2.664999999999999,1.3425000000000011,12.002499999999998,False,False,OK
E12000008,South East,E07000212,Runnymede,2013,8.3,5.34,8.004999999999999,2.664999999999999,1.3425000000000011,12.002499999999998,False,False,OK
E12000008,South East,E07000213,Spelthorne,2013,7.57,5.34,8.004999999999999,2.664999999999999,1.3425000000000011,12.002499999999998,False,False,OK
E12000008,South East,E07000214,Surrey Heath,2013,8.15,5.34,8.004999999999999,2.664999999999999,1.3425000000000011,12.002499999999998,False,False,OK
E12000008,South East,E07000215,Tandridge,2013,9.64,5.34,8.004999999999999,2.664999999999999,1.3425000000000011,12.002499999999998,False,False,OK
E12000008,South East,E07000216,Waverley,2013,9.88,5.34,8.004999999999999,2.664999999999999,1.3425000000000011,12.002499999999998,False,False,OK
E12000008,South East,E07000217,Woking,2013,8.32,5.34,8.004999999999999,2.664999999999999,1.3425000000000011,12.002499999999998,False,False,OK
E12000008,South East,E07000223,Adur,2013,9.72,5.34,8.004999999999999,2.664999999999999,1.3425000000000011,12.002499999999998,False,False,OK
E12000008,South East,E07000224,Arun,2013,8.62,5.34,8.004999999999999,2.664999999999999,1.3425000000000011,12.002499999999998,False,False,OK
E12000008,South East,E07000225,Chichester,2013,10.29,5.34,8.004999999999999,2.664999999999999,1.3425000000000011,12.002499999999998,False,False,OK
E12000008,South East,E07000226,Crawley,2013,7.16,5.34,8.004999999999999,2.664999999999999,1.3425000000000011,12.002499999999998,False,False,OK
E12000008,South East,E07000227,Horsham,2013,8.79,5.34,8.004999999999999,2.664999999999999,1.3425000000000011,12.002499999999998,False,False,OK
E12000008,South East,E07000228,Mid Sussex,2013,8.87,5.34,8.004999999999999,2.664999999999999,1.3425000000000011,12.002499999999998,False,False,OK
E12000008,South East,E07000229,Worthing,2013,7.7,5.34,8.004999999999999,2.664999999999999,1.3425000000000011,12.002499999999998,False,False,OK
E12000009,South West,E06000022,Bath and North East Somerset,2013,8.02,5.34,8.004999999999999,2.664999999999999,1.3425000000000011,12.002499999999998,False,False,OK
E12000009,South West,E06000023,"Bristol, City of",2013,6.75,5.34,8.004999999999999,2.664999999999999,1.3425000000000011,12.002499999999998,False,False,OK
E12000009,South West,E06000024,North Somerset,2013,6.37,5.34,8.004999999999999,2.664999999999999,1.3425000000000011,12.002499999999998,False,False,OK
E12000009,South West,E06000025,South Gloucestershire,2013,6.89,5.34,8.004999999999999,2.664999999999999,1.3425000000000011,12.002499999999998,False,False,OK
E12000009,South West,E06000026,Plymouth,2013,6.01,5.34,8.004999999999999,2.664999999999999,1.3425000000000011,12.002499999999998,False,False,OK
E12000009,South West,E06000027,Torbay,2013,7.3,5.34,8.004999999999999,2.664999999999999,1.3425000000000011,12.002499999999998,False,False,OK
E12000009,South West,E06000030,Swindon,2013,5.82,5.34,8.004999999999999,2.664999999999999,1.3425000000000011,12.002499999999998,False,False,OK
E12000009,South West,E06000052,Cornwall,2013,8.32,5.34,8.004999999999999,2.664999999999999,1.3425000000000011,12.002499999999998,False,False,OK
E12000009,South West,E06000053,Isles of Scilly,2013,,5.34,8.004999999999999,2.664999999999999,1.3425000000000011,12.002499999999998,False,True,Missing ratio value
E12000009,South West,E06000054,Wiltshire,2013,7.69,5.34,8.004999999999999,2.664999999999999,1.3425000000000011,12.002499999999998,False,False,OK
E12000009,South West,E06000058,"Bournemouth, Christchurch and Poole",2013,7.68,5.34,8.004999999999999,2.664999999999999,1.3425000000000011,12.002499999999998,False,False,OK
E12000009,South West,E06000059,Dorset,2013,8.84,5.34,8.004999999999999,2.664999999999999,1.3425000000000011,12.002499999999998,False,False,OK
E12000009,South West,E06000066,Somerset,2013,7.07,5.34,8.004999999999999,2.664999999999999,1.3425000000000011,12.002499999999998,False,False,OK
E12000009,South West,E07000040,East Devon,2013,8.67,5.34,8.004999999999999,2.664999999999999,1.3425000000000011,12.002499999999998,False,False,OK
E12000009,South West,E07000041,Exeter,2013,7.96,5.34,8.004999999999999,2.664999999999999,1.3425000000000011,12.002499999999998,False,False,OK
E12000009,South West,E07000042,Mid Devon,2013,8.05,5.34,8.004999999999999,2.664999999999999,1.3425000000000011,12.002499999999998,False,False,OK
E12000009,South West,E07000043,North Devon,2013,8.92,5.34,8.004999999999999,2.664999999999999,1.3425000000000011,12.002499999999998,False,False,OK
E12000009,South West,E07000044,South Hams,2013,9.75,5.34,8.004999999999999,2.664999999999999,1.3425000000000011,12.002499999999998,False,False,OK
E12000009,South West,E07000045,Teignbridge,2013,8.24,5.34,8.004999999999999,2.664999999999999,1.3425000000000011,12.002499999999998,False,False,OK
E12000009,South West,E07000046,Torridge,2013,8.07,5.34,8.004999999999999,2.664999999999999,1.3425000000000011,12.002499999999998,False,False,OK
E12000009,South West,E07000047,West Devon,2013,7.48,5.34,8.004999999999999,2.664999999999999,1.3425000000000011,12.002499999999998,False,False,OK
E12000009,South West,E07000078,Cheltenham,2013,6.78,5.34,8.004999999999999,2.664999999999999,1.3425000000000011,12.002499999999998,False,False,OK
E12000009,South West,E07000079,Cotswold,2013,10.44,5.34,8.004999999999999,2.664999999999999,1.3425000000000011,12.002499999999998,False,False,OK
E12000009,South West,E07000080,Forest of Dean,2013,5.74,5.34,8.004999999999999,2.664999999999999,1.3425000000000011,12.002499999999998,False,False,OK
E12000009,South West,E07000081,Gloucester,2013,5.81,5.34,8.004999999999999,2.664999999999999,1.3425000000000011,12.002499999999998,False,False,OK
E12000009,South West,E07000082,Stroud,2013,7.08,5.34,8.004999999999999,2.664999999999999,1.3425000000000011,12.002499999999998,False,False,OK
E12000009,South West,E07000083,Tewkesbury,2013,6.6,5.34,8.004999999999999,2.664999999999999,1.3425000000000011,12.002499999999998,False,False,OK
W92000004,Wales,W06000001,Isle of Anglesey,2013,6.24,5.34,8.004999999999999,2.664999999999999,1.3425000000000011,12.002499999999998,False,False,OK
W92000004,Wales,W06000002,Gwynedd,2013,5.78,5.34,8.004999999999999,2.664999999999999,1.3425000000000011,12.002499999999998,False,False,OK
W92000004,Wales,W06000003,Conwy,2013,5.35,5.34,8.004999999999999,2.664999999999999,1.3425000000000011,12.002499999999998,False,False,OK
W92000004,Wales,W06000004,Denbighshire,2013,5.65,5.34,8.004999999999999,2.664999999999999,1.3425000000000011,12.002499999999998,False,False,OK
W92000004,Wales,W06000005,Flintshire,2013,5.39,5.34,8.004999999999999,2.664999999999999,1.3425000000000011,12.002499999999998,False,False,OK
W92000004,Wales,W06000006,Wrexham,2013,5.1,5.34,8.004999999999999,2.664999999999999,1.3425000000000011,12.002499999999998,False,False,OK
W92000004,Wales,W06000008,Ceredigion,2013,6.88,5.34,8.004999999999999,2.664999999999999,1.3425000000000011,12.002499999999998,False,False,OK
W92000004,Wales,W06000009,Pembrokeshire,2013,6.59,5.34,8.004999999999999,2.664999999999999,1.3425000000000011,12.002499999999998,False,False,OK
W92000004,Wales,W06000010,Carmarthenshire,2013,4.79,5.34,8.004999999999999,2.664999999999999,1.3425000000000011,12.002499999999998,False,False,OK
W92000004,Wales,W06000011,Swansea,2013,5.1,5.34,8.004999999999999,2.664999999999999,1.3425000000000011,12.002499999999998,False,False,OK
W92000004,Wales,W06000012,Neath Port Talbot,2013,4.13,5.34,8.004999999999999,2.664999999999999,1.3425000000000011,12.002499999999998,False,False,OK
W92000004,Wales,W06000013,Bridgend,2013,5.11,5.34,8.004999999999999,2.664999999999999,1.3425000000000011,12.002499999999998,False,False,OK
W92000004,Wales,W06000014,Vale of Glamorgan,2013,6.11,5.34,8.004999999999999,2.664999999999999,1.3425000000000011,12.002499999999998,False,False,OK
W92000004,Wales,W06000015,Cardiff,2013,6.17,5.34,8.004999999999999,2.664999999999999,1.3425000000000011,12.002499999999998,False,False,OK
W92000004,Wales,W06000016,Rhondda Cynon Taf,2013,3.72,5.34,8.004999999999999,2.664999999999999,1.3425000000000011,12.002499999999998,False,False,OK
W92000004,Wales,W06000018,Caerphilly,2013,4.68,5.34,8.004999999999999,2.664999999999999,1.3425000000000011,12.002499999999998,False,False,OK
W92000004,Wales,W06000019,Blaenau Gwent,2013,3.32,5.34,8.004999999999999,2.664999999999999,1.3425000000000011,12.002499999999998,False,False,OK
W92000004,Wales,W06000020,Torfaen,2013,5.16,5.34,8.004999999999999,2.664999999999999,1.3425000000000011,12.002499999999998,False,False,OK
W92000004,Wales,W06000021,Monmouthshire,2013,6.53,5.34,8.004999999999999,2.664999999999999,1.3425000000000011,12.002499999999998,False,False,OK
W92000004,Wales,W06000022,Newport,2013,5.45,5.34,8.004999999999999,2.664999999999999,1.3425000000000011,12.002499999999998,False,False,OK
W92000004,Wales,W06000023,Powys,2013,7.35,5.34,8.004999999999999,2.664999999999999,1.3425000000000011,12.002499999999998,False,False,OK
W92000004,Wales,W06000024,Merthyr Tydfil,2013,3.87,5.34,8.004999999999999,2.664999999999999,1.3425000000000011,12.002499999999998,False,False,OK
E12000001,North East,E06000001,Hartlepool,2014,4.69,5.52,8.385,2.865,1.2224999999999993,12.682500000000001,False,False,OK
E12000001,North East,E06000002,Middlesbrough,2014,5.28,5.52,8.385,2.865,1.2224999999999993,12.682500000000001,False,False,OK
E12000001,North East,E06000003,Redcar and Cleveland,2014,4.9,5.52,8.385,2.865,1.2224999999999993,12.682500000000001,False,False,OK
E12000001,North East,E06000004,Stockton-on-Tees,2014,5.09,5.52,8.385,2.865,1.2224999999999993,12.682500000000001,False,False,OK
E12000001,North East,E06000005,Darlington,2014,4.76,5.52,8.385,2.865,1.2224999999999993,12.682500000000001,False,False,OK
E12000001,North East,E06000047,County Durham,2014,4.46,5.52,8.385,2.865,1.2224999999999993,12.682500000000001,False,False,OK
E12000001,North East,E06000057,Northumberland,2014,5.86,5.52,8.385,2.865,1.2224999999999993,12.682500000000001,False,False,OK
E12000001,North East,E08000021,Newcastle upon Tyne,2014,5.56,5.52,8.385,2.865,1.2224999999999993,12.682500000000001,False,False,OK
E12000001,North East,E08000022,North Tyneside,2014,5.86,5.52,8.385,2.865,1.2224999999999993,12.682500000000001,False,False,OK
E12000001,North East,E08000023,South Tyneside,2014,5.02,5.52,8.385,2.865,1.2224999999999993,12.682500000000001,False,False,OK
E12000001,North East,E08000024,Sunderland,2014,4.76,5.52,8.385,2.865,1.2224999999999993,12.682500000000001,False,False,OK
E12000001,North East,E08000037,Gateshead,2014,4.98,5.52,8.385,2.865,1.2224999999999993,12.682500000000001,False,False,OK
E12000002,North West,E06000006,Halton,2014,4.96,5.52,8.385,2.865,1.2224999999999993,12.682500000000001,False,False,OK
E12000002,North West,E06000007,Warrington,2014,5.95,5.52,8.385,2.865,1.2224999999999993,12.682500000000001,False,False,OK
E12000002,North West,E06000008,Blackburn with Darwen,2014,4.29,5.52,8.385,2.865,1.2224999999999993,12.682500000000001,False,False,OK
E12000002,North West,E06000009,Blackpool,2014,5.04,5.52,8.385,2.865,1.2224999999999993,12.682500000000001,False,False,OK
E12000002,North West,E06000049,Cheshire East,2014,6.5,5.52,8.385,2.865,1.2224999999999993,12.682500000000001,False,False,OK
E12000002,North West,E06000050,Cheshire West and Chester,2014,6.07,5.52,8.385,2.865,1.2224999999999993,12.682500000000001,False,False,OK
E12000002,North West,E06000063,Cumberland,2014,4.91,5.52,8.385,2.865,1.2224999999999993,12.682500000000001,False,False,OK
E12000002,North West,E06000064,Westmorland and Furness,2014,6.21,5.52,8.385,2.865,1.2224999999999993,12.682500000000001,False,False,OK
E12000002,North West,E07000117,Burnley,2014,3.77,5.52,8.385,2.865,1.2224999999999993,12.682500000000001,False,False,OK
E12000002,North West,E07000118,Chorley,2014,6.16,5.52,8.385,2.865,1.2224999999999993,12.682500000000001,False,False,OK
E12000002,North West,E07000119,Fylde,2014,5.41,5.52,8.385,2.865,1.2224999999999993,12.682500000000001,False,False,OK
E12000002,North West,E07000120,Hyndburn,2014,3.97,5.52,8.385,2.865,1.2224999999999993,12.682500000000001,False,False,OK
E12000002,North West,E07000121,Lancaster,2014,4.9,5.52,8.385,2.865,1.2224999999999993,12.682500000000001,False,False,OK
E12000002,North West,E07000122,Pendle,2014,3.7,5.52,8.385,2.865,1.2224999999999993,12.682500000000001,False,False,OK
E12000002,North West,E07000123,Preston,2014,5.45,5.52,8.385,2.865,1.2224999999999993,12.682500000000001,False,False,OK
E12000002,North West,E07000124,Ribble Valley,2014,6.66,5.52,8.385,2.865,1.2224999999999993,12.682500000000001,False,False,OK
E12000002,North West,E07000125,Rossendale,2014,5.12,5.52,8.385,2.865,1.2224999999999993,12.682500000000001,False,False,OK
E12000002,North West,E07000126,South Ribble,2014,5.72,5.52,8.385,2.865,1.2224999999999993,12.682500000000001,False,False,OK
E12000002,North West,E07000127,West Lancashire,2014,6.59,5.52,8.385,2.865,1.2224999999999993,12.682500000000001,False,False,OK
E12000002,North West,E07000128,Wyre,2014,5.49,5.52,8.385,2.865,1.2224999999999993,12.682500000000001,False,False,OK
E12000002,North West,E08000001,Bolton,2014,4.96,5.52,8.385,2.865,1.2224999999999993,12.682500000000001,False,False,OK
E12000002,North West,E08000002,Bury,2014,5.04,5.52,8.385,2.865,1.2224999999999993,12.682500000000001,False,False,OK
E12000002,North West,E08000003,Manchester,2014,5.49,5.52,8.385,2.865,1.2224999999999993,12.682500000000001,False,False,OK
E12000002,North West,E08000004,Oldham,2014,5.01,5.52,8.385,2.865,1.2224999999999993,12.682500000000001,False,False,OK
E12000002,North West,E08000005,Rochdale,2014,5.1,5.52,8.385,2.865,1.2224999999999993,12.682500000000001,False,False,OK
E12000002,North West,E08000006,Salford,2014,4.96,5.52,8.385,2.865,1.2224999999999993,12.682500000000001,False,False,OK
E12000002,North West,E08000007,Stockport,2014,6.08,5.52,8.385,2.865,1.2224999999999993,12.682500000000001,False,False,OK
E12000002,North West,E08000008,Tameside,2014,5.29,5.52,8.385,2.865,1.2224999999999993,12.682500000000001,False,False,OK
E12000002,North West,E08000009,Trafford,2014,6.67,5.52,8.385,2.865,1.2224999999999993,12.682500000000001,False,False,OK
E12000002,North West,E08000010,Wigan,2014,4.68,5.52,8.385,2.865,1.2224999999999993,12.682500000000001,False,False,OK
E12000002,North West,E08000011,Knowsley,2014,4.66,5.52,8.385,2.865,1.2224999999999993,12.682500000000001,False,False,OK
E12000002,North West,E08000012,Liverpool,2014,4.46,5.52,8.385,2.865,1.2224999999999993,12.682500000000001,False,False,OK
E12000002,North West,E08000013,St. Helens,2014,4.94,5.52,8.385,2.865,1.2224999999999993,12.682500000000001,False,False,OK
E12000002,North West,E08000014,Sefton,2014,5.8,5.52,8.385,2.865,1.2224999999999993,12.682500000000001,False,False,OK
E12000002,North West,E08000015,Wirral,2014,5.08,5.52,8.385,2.865,1.2224999999999993,12.682500000000001,False,False,OK
E12000003,Yorkshire and The Humber,E06000010,"Kingston upon Hull, City of",2014,4.39,5.52,8.385,2.865,1.2224999999999993,12.682500000000001,False,False,OK
E12000003,Yorkshire and The Humber,E06000011,East Riding of Yorkshire,2014,5.41,5.52,8.385,2.865,1.2224999999999993,12.682500000000001,False,False,OK
E12000003,Yorkshire and The Humber,E06000012,North East Lincolnshire,2014,5.02,5.52,8.385,2.865,1.2224999999999993,12.682500000000001,False,False,OK
E12000003,Yorkshire and The Humber,E06000013,North Lincolnshire,2014,4.36,5.52,8.385,2.865,1.2224999999999993,12.682500000000001,False,False,OK
E12000003,Yorkshire and The Humber,E06000014,York,2014,7.27,5.52,8.385,2.865,1.2224999999999993,12.682500000000001,False,False,OK
E12000003,Yorkshire and The Humber,E06000065,North Yorkshire,2014,7.15,5.52,8.385,2.865,1.2224999999999993,12.682500000000001,False,False,OK
E12000003,Yorkshire and The Humber,E08000017,Doncaster,2014,4.68,5.52,8.385,2.865,1.2224999999999993,12.682500000000001,False,False,OK
E12000003,Yorkshire and The Humber,E08000018,Rotherham,2014,5.34,5.52,8.385,2.865,1.2224999999999993,12.682500000000001,False,False,OK
E12000003,Yorkshire and The Humber,E08000032,Bradford,2014,5.16,5.52,8.385,2.865,1.2224999999999993,12.682500000000001,False,False,OK
E12000003,Yorkshire and The Humber,E08000033,Calderdale,2014,4.86,5.52,8.385,2.865,1.2224999999999993,12.682500000000001,False,False,OK
E12000003,Yorkshire and The Humber,E08000034,Kirklees,2014,4.94,5.52,8.385,2.865,1.2224999999999993,12.682500000000001,False,False,OK
E12000003,Yorkshire and The Humber,E08000035,Leeds,2014,5.7,5.52,8.385,2.865,1.2224999999999993,12.682500000000001,False,False,OK
E12000003,Yorkshire and The Humber,E08000036,Wakefield,2014,5.44,5.52,8.385,2.865,1.2224999999999993,12.682500000000001,False,False,OK
E12000003,Yorkshire and The Humber,E08000038,Barnsley,2014,4.44,5.52,8.385,2.865,1.2224999999999993,12.682500000000001,False,False,OK
E12000003,Yorkshire and The Humber,E08000039,Sheffield,2014,5.34,5.52,8.385,2.865,1.2224999999999993,12.682500000000001,False,False,OK
E12000004,East Midlands,E06000015,Derby,2014,4.88,5.52,8.385,2.865,1.2224999999999993,12.682500000000001,False,False,OK
E12000004,East Midlands,E06000016,Leicester,2014,5.65,5.52,8.385,2.865,1.2224999999999993,12.682500000000001,False,False,OK
E12000004,East Midlands,E06000017,Rutland,2014,8.46,5.52,8.385,2.865,1.2224999999999993,12.682500000000001,False,False,OK
E12000004,East Midlands,E06000018,Nottingham,2014,4.86,5.52,8.385,2.865,1.2224999999999993,12.682500000000001,False,False,OK
E12000004,East Midlands,E06000061,North Northamptonshire,2014,5.78,5.52,8.385,2.865,1.2224999999999993,12.682500000000001,False,False,OK
E12000004,East Midlands,E06000062,West Northamptonshire,2014,6.61,5.52,8.385,2.865,1.2224999999999993,12.682500000000001,False,False,OK
E12000004,East Midlands,E07000032,Amber Valley,2014,5.22,5.52,8.385,2.865,1.2224999999999993,12.682500000000001,False,False,OK
E12000004,East Midlands,E07000033,Bolsover,2014,4.55,5.52,8.385,2.865,1.2224999999999993,12.682500000000001,False,False,OK
E12000004,East Midlands,E07000034,Chesterfield,2014,5.17,5.52,8.385,2.865,1.2224999999999993,12.682500000000001,False,False,OK
E12000004,East Midlands,E07000035,Derbyshire Dales,2014,7.6,5.52,8.385,2.865,1.2224999999999993,12.682500000000001,False,False,OK
E12000004,East Midlands,E07000036,Erewash,2014,4.8,5.52,8.385,2.865,1.2224999999999993,12.682500000000001,False,False,OK
E12000004,East Midlands,E07000037,High Peak,2014,5.61,5.52,8.385,2.865,1.2224999999999993,12.682500000000001,False,False,OK
E12000004,East Midlands,E07000038,North East Derbyshire,2014,5.84,5.52,8.385,2.865,1.2224999999999993,12.682500000000001,False,False,OK
E12000004,East Midlands,E07000039,South Derbyshire,2014,5.76,5.52,8.385,2.865,1.2224999999999993,12.682500000000001,False,False,OK
E12000004,East Midlands,E07000129,Blaby,2014,5.97,5.52,8.385,2.865,1.2224999999999993,12.682500000000001,False,False,OK
E12000004,East Midlands,E07000130,Charnwood,2014,6.23,5.52,8.385,2.865,1.2224999999999993,12.682500000000001,False,False,OK
E12000004,East Midlands,E07000131,Harborough,2014,7.17,5.52,8.385,2.865,1.2224999999999993,12.682500000000001,False,False,OK
E12000004,East Midlands,E07000132,Hinckley and Bosworth,2014,6.5,5.52,8.385,2.865,1.2224999999999993,12.682500000000001,False,False,OK
E12000004,East Midlands,E07000133,Melton,2014,6.91,5.52,8.385,2.865,1.2224999999999993,12.682500000000001,False,False,OK
E12000004,East Midlands,E07000134,North West Leicestershire,2014,6.21,5.52,8.385,2.865,1.2224999999999993,12.682500000000001,False,False,OK
E12000004,East Midlands,E07000135,Oadby and Wigston,2014,6.67,5.52,8.385,2.865,1.2224999999999993,12.682500000000001,False,False,OK
E12000004,East Midlands,E07000136,Boston,2014,6.24,5.52,8.385,2.865,1.2224999999999993,12.682500000000001,False,False,OK
E12000004,East Midlands,E07000137,East Lindsey,2014,5.65,5.52,8.385,2.865,1.2224999999999993,12.682500000000001,False,False,OK
E12000004,East Midlands,E07000138,Lincoln,2014,5.18,5.52,8.385,2.865,1.2224999999999993,12.682500000000001,False,False,OK
E12000004,East Midlands,E07000139,North Kesteven,2014,6.0,5.52,8.385,2.865,1.2224999999999993,12.682500000000001,False,False,OK
E12000004,East Midlands,E07000140,South Holland,2014,5.94,5.52,8.385,2.865,1.2224999999999993,12.682500000000001,False,False,OK
E12000004,East Midlands,E07000141,South Kesteven,2014,6.37,5.52,8.385,2.865,1.2224999999999993,12.682500000000001,False,False,OK
E12000004,East Midlands,E07000142,West Lindsey,2014,6.45,5.52,8.385,2.865,1.2224999999999993,12.682500000000001,False,False,OK
E12000004,East Midlands,E07000170,Ashfield,2014,5.15,5.52,8.385,2.865,1.2224999999999993,12.682500000000001,False,False,OK
E12000004,East Midlands,E07000171,Bassetlaw,2014,4.91,5.52,8.385,2.865,1.2224999999999993,12.682500000000001,False,False,OK
E12000004,East Midlands,E07000172,Broxtowe,2014,4.92,5.52,8.385,2.865,1.2224999999999993,12.682500000000001,False,False,OK
E12000004,East Midlands,E07000173,Gedling,2014,5.38,5.52,8.385,2.865,1.2224999999999993,12.682500000000001,False,False,OK
E12000004,East Midlands,E07000174,Mansfield,2014,5.24,5.52,8.385,2.865,1.2224999999999993,12.682500000000001,False,False,OK
E12000004,East Midlands,E07000175,Newark and Sherwood,2014,6.22,5.52,8.385,2.865,1.2224999999999993,12.682500000000001,False,False,OK
E12000004,East Midlands,E07000176,Rushcliffe,2014,6.38,5.52,8.385,2.865,1.2224999999999993,12.682500000000001,False,False,OK
E12000005,West Midlands,E06000019,"Herefordshire, County of",2014,8.27,5.52,8.385,2.865,1.2224999999999993,12.682500000000001,False,False,OK
E12000005,West Midlands,E06000020,Telford and Wrekin,2014,6.08,5.52,8.385,2.865,1.2224999999999993,12.682500000000001,False,False,OK
E12000005,West Midlands,E06000021,Stoke-on-Trent,2014,4.27,5.52,8.385,2.865,1.2224999999999993,12.682500000000001,False,False,OK
E12000005,West Midlands,E06000051,Shropshire,2014,6.9,5.52,8.385,2.865,1.2224999999999993,12.682500000000001,False,False,OK
E12000005,West Midlands,E07000192,Cannock Chase,2014,5.4,5.52,8.385,2.865,1.2224999999999993,12.682500000000001,False,False,OK
E12000005,West Midlands,E07000193,East Staffordshire,2014,5.83,5.52,8.385,2.865,1.2224999999999993,12.682500000000001,False,False,OK
E12000005,West Midlands,E07000194,Lichfield,2014,6.49,5.52,8.385,2.865,1.2224999999999993,12.682500000000001,False,False,OK
E12000005,West Midlands,E07000195,Newcastle-under-Lyme,2014,5.35,5.52,8.385,2.865,1.2224999999999993,12.682500000000001,False,False,OK
E12000005,West Midlands,E07000196,South Staffordshire,2014,6.74,5.52,8.385,2.865,1.2224999999999993,12.682500000000001,False,False,OK
E12000005,West Midlands,E07000197,Stafford,2014,5.87,5.52,8.385,2.865,1.2224999999999993,12.682500000000001,False,False,OK
E12000005,West Midlands,E07000198,Staffordshire Moorlands,2014,5.09,5.52,8.385,2.865,1.2224999999999993,12.682500000000001,False,False,OK
E12000005,West Midlands,E07000199,Tamworth,2014,6.06,5.52,8.385,2.865,1.2224999999999993,12.682500000000001,False,False,OK
E12000005,West Midlands,E07000218,North Warwickshire,2014,6.21,5.52,8.385,2.865,1.2224999999999993,12.682500000000001,False,False,OK
E12000005,West Midlands,E07000219,Nuneaton and Bedworth,2014,5.31,5.52,8.385,2.865,1.2224999999999993,12.682500000000001,False,False,OK
E12000005,West Midlands,E07000220,Rugby,2014,6.13,5.52,8.385,2.865,1.2224999999999993,12.682500000000001,False,False,OK
E12000005,West Midlands,E07000221,Stratford-on-Avon,2014,8.92,5.52,8.385,2.865,1.2224999999999993,12.682500000000001,False,False,OK
E12000005,West Midlands,E07000222,Warwick,2014,8.18,5.52,8.385,2.865,1.2224999999999993,12.682500000000001,False,False,OK
E12000005,West Midlands,E07000234,Bromsgrove,2014,7.14,5.52,8.385,2.865,1.2224999999999993,12.682500000000001,False,False,OK
E12000005,West Midlands,E07000235,Malvern Hills,2014,9.24,5.52,8.385,2.865,1.2224999999999993,12.682500000000001,False,False,OK
E12000005,West Midlands,E07000236,Redditch,2014,7.52,5.52,8.385,2.865,1.2224999999999993,12.682500000000001,False,False,OK
E12000005,West Midlands,E07000237,Worcester,2014,6.11,5.52,8.385,2.865,1.2224999999999993,12.682500000000001,False,False,OK
E12000005,West Midlands,E07000238,Wychavon,2014,7.95,5.52,8.385,2.865,1.2224999999999993,12.682500000000001,False,False,OK
E12000005,West Midlands,E07000239,Wyre Forest,2014,6.68,5.52,8.385,2.865,1.2224999999999993,12.682500000000001,False,False,OK
E12000005,West Midlands,E08000025,Birmingham,2014,5.48,5.52,8.385,2.865,1.2224999999999993,12.682500000000001,False,False,OK
E12000005,West Midlands,E08000026,Coventry,2014,5.26,5.52,8.385,2.865,1.2224999999999993,12.682500000000001,False,False,OK
E12000005,West Midlands,E08000027,Dudley,2014,5.52,5.52,8.385,2.865,1.2224999999999993,12.682500000000001,False,False,OK
E12000005,West Midlands,E08000028,Sandwell,2014,5.29,5.52,8.385,2.865,1.2224999999999993,12.682500000000001,False,False,OK
E12000005,West Midlands,E08000029,Solihull,2014,7.0,5.52,8.385,2.865,1.2224999999999993,12.682500000000001,False,False,OK
E12000005,West Midlands,E08000030,Walsall,2014,5.95,5.52,8.385,2.865,1.2224999999999993,12.682500000000001,False,False,OK
E12000005,West Midlands,E08000031,Wolverhampton,2014,5.35,5.52,8.385,2.865,1.2224999999999993,12.682500000000001,False,False,OK
E12000006,East of England,E06000031,Peterborough,2014,6.09,5.52,8.385,2.865,1.2224999999999993,12.682500000000001,False,False,OK
E12000006,East of England,E06000032,Luton,2014,6.47,5.52,8.385,2.865,1.2224999999999993,12.682500000000001,False,False,OK
E12000006,East of England,E06000033,Southend-on-Sea,2014,6.81,5.52,8.385,2.865,1.2224999999999993,12.682500000000001,False,False,OK
E12000006,East of England,E06000034,Thurrock,2014,6.45,5.52,8.385,2.865,1.2224999999999993,12.682500000000001,False,False,OK
E12000006,East of England,E06000055,Bedford,2014,7.13,5.52,8.385,2.865,1.2224999999999993,12.682500000000001,False,False,OK
E12000006,East of England,E06000056,Central Bedfordshire,2014,7.32,5.52,8.385,2.865,1.2224999999999993,12.682500000000001,False,False,OK
E12000006,East of England,E07000008,Cambridge,2014,10.82,5.52,8.385,2.865,1.2224999999999993,12.682500000000001,False,False,OK
E12000006,East of England,E07000009,East Cambridgeshire,2014,7.48,5.52,8.385,2.865,1.2224999999999993,12.682500000000001,False,False,OK
E12000006,East of England,E07000010,Fenland,2014,5.72,5.52,8.385,2.865,1.2224999999999993,12.682500000000001,False,False,OK
E12000006,East of England,E07000011,Huntingdonshire,2014,6.68,5.52,8.385,2.865,1.2224999999999993,12.682500000000001,False,False,OK
E12000006,East of England,E07000012,South Cambridgeshire,2014,7.76,5.52,8.385,2.865,1.2224999999999993,12.682500000000001,False,False,OK
E12000006,East of England,E07000066,Basildon,2014,6.76,5.52,8.385,2.865,1.2224999999999993,12.682500000000001,False,False,OK
E12000006,East of England,E07000067,Braintree,2014,6.54,5.52,8.385,2.865,1.2224999999999993,12.682500000000001,False,False,OK
E12000006,East of England,E07000068,Brentwood,2014,7.52,5.52,8.385,2.865,1.2224999999999993,12.682500000000001,False,False,OK
E12000006,East of England,E07000069,Castle Point,2014,7.21,5.52,8.385,2.865,1.2224999999999993,12.682500000000001,False,False,OK
E12000006,East of England,E07000070,Chelmsford,2014,7.99,5.52,8.385,2.865,1.2224999999999993,12.682500000000001,False,False,OK
E12000006,East of England,E07000071,Colchester,2014,6.72,5.52,8.385,2.865,1.2224999999999993,12.682500000000001,False,False,OK
E12000006,East of England,E07000072,Epping Forest,2014,9.48,5.52,8.385,2.865,1.2224999999999993,12.682500000000001,False,False,OK
E12000006,East of England,E07000073,Harlow,2014,7.45,5.52,8.385,2.865,1.2224999999999993,12.682500000000001,False,False,OK
E12000006,East of England,E07000074,Maldon,2014,7.36,5.52,8.385,2.865,1.2224999999999993,12.682500000000001,False,False,OK
E12000006,East of England,E07000075,Rochford,2014,7.97,5.52,8.385,2.865,1.2224999999999993,12.682500000000001,False,False,OK
E12000006,East of England,E07000076,Tendring,2014,6.33,5.52,8.385,2.865,1.2224999999999993,12.682500000000001,False,False,OK
E12000006,East of England,E07000077,Uttlesford,2014,10.16,5.52,8.385,2.865,1.2224999999999993,12.682500000000001,False,False,OK
E12000006,East of England,E07000095,Broxbourne,2014,8.24,5.52,8.385,2.865,1.2224999999999993,12.682500000000001,False,False,OK
E12000006,East of England,E07000096,Dacorum,2014,8.99,5.52,8.385,2.865,1.2224999999999993,12.682500000000001,False,False,OK
E12000006,East of England,E07000098,Hertsmere,2014,13.09,5.52,8.385,2.865,1.2224999999999993,12.682500000000001,True,False,Statistical outlier
E12000006,East of England,E07000099,North Hertfordshire,2014,7.37,5.52,8.385,2.865,1.2224999999999993,12.682500000000001,False,False,OK
E12000006,East of England,E07000102,Three Rivers,2014,10.86,5.52,8.385,2.865,1.2224999999999993,12.682500000000001,False,False,OK
E12000006,East of England,E07000103,Watford,2014,7.81,5.52,8.385,2.865,1.2224999999999993,12.682500000000001,False,False,OK
E12000006,East of England,E07000143,Breckland,2014,7.2,5.52,8.385,2.865,1.2224999999999993,12.682500000000001,False,False,OK
E12000006,East of England,E07000144,Broadland,2014,7.19,5.52,8.385,2.865,1.2224999999999993,12.682500000000001,False,False,OK
E12000006,East of England,E07000145,Great Yarmouth,2014,5.67,5.52,8.385,2.865,1.2224999999999993,12.682500000000001,False,False,OK
E12000006,East of England,E07000146,King's Lynn and West Norfolk,2014,6.3,5.52,8.385,2.865,1.2224999999999993,12.682500000000001,False,False,OK
E12000006,East of England,E07000147,North Norfolk,2014,7.75,5.52,8.385,2.865,1.2224999999999993,12.682500000000001,False,False,OK
E12000006,East of England,E07000148,Norwich,2014,6.92,5.52,8.385,2.865,1.2224999999999993,12.682500000000001,False,False,OK
E12000006,East of England,E07000149,South Norfolk,2014,7.0,5.52,8.385,2.865,1.2224999999999993,12.682500000000001,False,False,OK
E12000006,East of England,E07000200,Babergh,2014,7.76,5.52,8.385,2.865,1.2224999999999993,12.682500000000001,False,False,OK
E12000006,East of England,E07000202,Ipswich,2014,5.75,5.52,8.385,2.865,1.2224999999999993,12.682500000000001,False,False,OK
E12000006,East of England,E07000203,Mid Suffolk,2014,6.94,5.52,8.385,2.865,1.2224999999999993,12.682500000000001,False,False,OK
E12000006,East of England,E07000240,St Albans,2014,10.01,5.52,8.385,2.865,1.2224999999999993,12.682500000000001,False,False,OK
E12000006,East of England,E07000241,Welwyn Hatfield,2014,8.5,5.52,8.385,2.865,1.2224999999999993,12.682500000000001,False,False,OK
E12000006,East of England,E07000242,East Hertfordshire,2014,9.0,5.52,8.385,2.865,1.2224999999999993,12.682500000000001,False,False,OK
E12000006,East of England,E07000243,Stevenage,2014,7.02,5.52,8.385,2.865,1.2224999999999993,12.682500000000001,False,False,OK
E12000006,East of England,E07000244,East Suffolk,2014,6.67,5.52,8.385,2.865,1.2224999999999993,12.682500000000001,False,False,OK
E12000006,East of England,E07000245,West Suffolk,2014,7.86,5.52,8.385,2.865,1.2224999999999993,12.682500000000001,False,False,OK
E12000007,London,E09000001,City of London,2014,,5.52,8.385,2.865,1.2224999999999993,12.682500000000001,False,True,Missing ratio value
E12000007,London,E09000002,Barking and Dagenham,2014,7.54,5.52,8.385,2.865,1.2224999999999993,12.682500000000001,False,False,OK
E12000007,London,E09000003,Barnet,2014,12.14,5.52,8.385,2.865,1.2224999999999993,12.682500000000001,False,False,OK
E12000007,London,E09000004,Bexley,2014,7.69,5.52,8.385,2.865,1.2224999999999993,12.682500000000001,False,False,OK
E12000007,London,E09000005,Brent,2014,12.36,5.52,8.385,2.865,1.2224999999999993,12.682500000000001,False,False,OK
E12000007,London,E09000006,Bromley,2014,8.92,5.52,8.385,2.865,1.2224999999999993,12.682500000000001,False,False,OK
E12000007,London,E09000007,Camden,2014,17.43,5.52,8.385,2.865,1.2224999999999993,12.682500000000001,True,False,Statistical outlier
E12000007,London,E09000008,Croydon,2014,7.82,5.52,8.385,2.865,1.2224999999999993,12.682500000000001,False,False,OK
E12000007,London,E09000009,Ealing,2014,12.28,5.52,8.385,2.865,1.2224999999999993,12.682500000000001,False,False,OK
E12000007,London,E09000010,Enfield,2014,9.16,5.52,8.385,2.865,1.2224999999999993,12.682500000000001,False,False,OK
E12000007,London,E09000011,Greenwich,2014,10.09,5.52,8.385,2.865,1.2224999999999993,12.682500000000001,False,False,OK
E12000007,London,E09000012,Hackney,2014,12.82,5.52,8.385,2.865,1.2224999999999993,12.682500000000001,True,False,Statistical outlier
E12000007,London,E09000013,Hammersmith and Fulham,2014,16.95,5.52,8.385,2.865,1.2224999999999993,12.682500000000001,True,False,Statistical outlier
E12000007,London,E09000014,Haringey,2014,12.56,5.52,8.385,2.865,1.2224999999999993,12.682500000000001,False,False,OK
E12000007,London,E09000015,Harrow,2014,11.27,5.52,8.385,2.865,1.2224999999999993,12.682500000000001,False,False,OK
E12000007,London,E09000016,Havering,2014,7.99,5.52,8.385,2.865,1.2224999999999993,12.682500000000001,False,False,OK
E12000007,London,E09000017,Hillingdon,2014,9.33,5.52,8.385,2.865,1.2224999999999993,12.682500000000001,False,False,OK
E12000007,London,E09000018,Hounslow,2014,10.3,5.52,8.385,2.865,1.2224999999999993,12.682500000000001,False,False,OK
E12000007,London,E09000019,Islington,2014,13.57,5.52,8.385,2.865,1.2224999999999993,12.682500000000001,True,False,Statistical outlier
E12000007,London,E09000020,Kensington and Chelsea,2014,25.28,5.52,8.385,2.865,1.2224999999999993,12.682500000000001,True,False,Statistical outlier
E12000007,London,E09000021,Kingston upon Thames,2014,10.19,5.52,8.385,2.865,1.2224999999999993,12.682500000000001,False,False,OK
E12000007,London,E09000022,Lambeth,2014,12.43,5.52,8.385,2.865,1.2224999999999993,12.682500000000001,False,False,OK
E12000007,London,E09000023,Lewisham,2014,9.33,5.52,8.385,2.865,1.2224999999999993,12.682500000000001,False,False,OK
E12000007,London,E09000024,Merton,2014,11.48,5.52,8.385,2.865,1.2224999999999993,12.682500000000001,False,False,OK
E12000007,London,E09000025,Newham,2014,9.66,5.52,8.385,2.865,1.2224999999999993,12.682500000000001,False,False,OK
E12000007,London,E09000026,Redbridge,2014,8.76,5.52,8.385,2.865,1.2224999999999993,12.682500000000001,False,False,OK
E12000007,London,E09000027,Richmond upon Thames,2014,12.79,5.52,8.385,2.865,1.2224999999999993,12.682500000000001,True,False,Statistical outlier
E12000007,London,E09000028,Southwark,2014,12.13,5.52,8.385,2.865,1.2224999999999993,12.682500000000001,False,False,OK
E12000007,London,E09000029,Sutton,2014,8.72,5.52,8.385,2.865,1.2224999999999993,12.682500000000001,False,False,OK
E12000007,London,E09000030,Tower Hamlets,2014,10.88,5.52,8.385,2.865,1.2224999999999993,12.682500000000001,False,False,OK
E12000007,London,E09000031,Waltham Forest,2014,10.68,5.52,8.385,2.865,1.2224999999999993,12.682500000000001,False,False,OK
E12000007,London,E09000032,Wandsworth,2014,13.12,5.52,8.385,2.865,1.2224999999999993,12.682500000000001,True,False,Statistical outlier
E12000007,London,E09000033,Westminster,2014,20.38,5.52,8.385,2.865,1.2224999999999993,12.682500000000001,True,False,Statistical outlier
E12000008,South East,E06000035,Medway,2014,5.67,5.52,8.385,2.865,1.2224999999999993,12.682500000000001,False,False,OK
E12000008,South East,E06000036,Bracknell Forest,2014,8.27,5.52,8.385,2.865,1.2224999999999993,12.682500000000001,False,False,OK
E12000008,South East,E06000037,West Berkshire,2014,8.13,5.52,8.385,2.865,1.2224999999999993,12.682500000000001,False,False,OK
E12000008,South East,E06000038,Reading,2014,6.97,5.52,8.385,2.865,1.2224999999999993,12.682500000000001,False,False,OK
E12000008,South East,E06000039,Slough,2014,8.05,5.52,8.385,2.865,1.2224999999999993,12.682500000000001,False,False,OK
E12000008,South East,E06000040,Windsor and Maidenhead,2014,9.87,5.52,8.385,2.865,1.2224999999999993,12.682500000000001,False,False,OK
E12000008,South East,E06000041,Wokingham,2014,8.7,5.52,8.385,2.865,1.2224999999999993,12.682500000000001,False,False,OK
E12000008,South East,E06000042,Milton Keynes,2014,6.92,5.52,8.385,2.865,1.2224999999999993,12.682500000000001,False,False,OK
E12000008,South East,E06000043,Brighton and Hove,2014,9.29,5.52,8.385,2.865,1.2224999999999993,12.682500000000001,False,False,OK
E12000008,South East,E06000044,Portsmouth,2014,6.19,5.52,8.385,2.865,1.2224999999999993,12.682500000000001,False,False,OK
E12000008,South East,E06000045,Southampton,2014,6.75,5.52,8.385,2.865,1.2224999999999993,12.682500000000001,False,False,OK
E12000008,South East,E06000046,Isle of Wight,2014,6.97,5.52,8.385,2.865,1.2224999999999993,12.682500000000001,False,False,OK
E12000008,South East,E06000060,Buckinghamshire,2014,9.38,5.52,8.385,2.865,1.2224999999999993,12.682500000000001,False,False,OK
E12000008,South East,E07000061,Eastbourne,2014,6.83,5.52,8.385,2.865,1.2224999999999993,12.682500000000001,False,False,OK
E12000008,South East,E07000062,Hastings,2014,6.95,5.52,8.385,2.865,1.2224999999999993,12.682500000000001,False,False,OK
E12000008,South East,E07000063,Lewes,2014,8.56,5.52,8.385,2.865,1.2224999999999993,12.682500000000001,False,False,OK
E12000008,South East,E07000064,Rother,2014,9.13,5.52,8.385,2.865,1.2224999999999993,12.682500000000001,False,False,OK
E12000008,South East,E07000065,Wealden,2014,8.31,5.52,8.385,2.865,1.2224999999999993,12.682500000000001,False,False,OK
E12000008,South East,E07000084,Basingstoke and Deane,2014,7.16,5.52,8.385,2.865,1.2224999999999993,12.682500000000001,False,False,OK
E12000008,South East,E07000085,East Hampshire,2014,9.87,5.52,8.385,2.865,1.2224999999999993,12.682500000000001,False,False,OK
E12000008,South East,E07000086,Eastleigh,2014,7.39,5.52,8.385,2.865,1.2224999999999993,12.682500000000001,False,False,OK
E12000008,South East,E07000087,Fareham,2014,7.49,5.52,8.385,2.865,1.2224999999999993,12.682500000000001,False,False,OK
E12000008,South East,E07000088,Gosport,2014,5.69,5.52,8.385,2.865,1.2224999999999993,12.682500000000001,False,False,OK
E12000008,South East,E07000089,Hart,2014,8.83,5.52,8.385,2.865,1.2224999999999993,12.682500000000001,False,False,OK
E12000008,South East,E07000090,Havant,2014,7.84,5.52,8.385,2.865,1.2224999999999993,12.682500000000001,False,False,OK
E12000008,South East,E07000091,New Forest,2014,8.74,5.52,8.385,2.865,1.2224999999999993,12.682500000000001,False,False,OK
E12000008,South East,E07000092,Rushmoor,2014,7.71,5.52,8.385,2.865,1.2224999999999993,12.682500000000001,False,False,OK
E12000008,South East,E07000093,Test Valley,2014,8.36,5.52,8.385,2.865,1.2224999999999993,12.682500000000001,False,False,OK
E12000008,South East,E07000094,Winchester,2014,10.27,5.52,8.385,2.865,1.2224999999999993,12.682500000000001,False,False,OK
E12000008,South East,E07000105,Ashford,2014,8.32,5.52,8.385,2.865,1.2224999999999993,12.682500000000001,False,False,OK
E12000008,South East,E07000106,Canterbury,2014,7.46,5.52,8.385,2.865,1.2224999999999993,12.682500000000001,False,False,OK
E12000008,South East,E07000107,Dartford,2014,7.06,5.52,8.385,2.865,1.2224999999999993,12.682500000000001,False,False,OK
E12000008,South East,E07000108,Dover,2014,6.55,5.52,8.385,2.865,1.2224999999999993,12.682500000000001,False,False,OK
E12000008,South East,E07000109,Gravesham,2014,7.09,5.52,8.385,2.865,1.2224999999999993,12.682500000000001,False,False,OK
E12000008,South East,E07000110,Maidstone,2014,7.79,5.52,8.385,2.865,1.2224999999999993,12.682500000000001,False,False,OK
E12000008,South East,E07000111,Sevenoaks,2014,9.66,5.52,8.385,2.865,1.2224999999999993,12.682500000000001,False,False,OK
E12000008,South East,E07000112,Folkestone and Hythe,2014,7.2,5.52,8.385,2.865,1.2224999999999993,12.682500000000001,False,False,OK
E12000008,South East,E07000113,Swale,2014,6.24,5.52,8.385,2.865,1.2224999999999993,12.682500000000001,False,False,OK
E12000008,South East,E07000114,Thanet,2014,7.42,5.52,8.385,2.865,1.2224999999999993,12.682500000000001,False,False,OK
E12000008,South East,E07000115,Tonbridge and Malling,2014,8.99,5.52,8.385,2.865,1.2224999999999993,12.682500000000001,False,False,OK
E12000008,South East,E07000116,Tunbridge Wells,2014,7.52,5.52,8.385,2.865,1.2224999999999993,12.682500000000001,False,False,OK
E12000008,South East,E07000177,Cherwell,2014,8.57,5.52,8.385,2.865,1.2224999999999993,12.682500000000001,False,False,OK
E12000008,South East,E07000178,Oxford,2014,10.2,5.52,8.385,2.865,1.2224999999999993,12.682500000000001,False,False,OK
E12000008,South East,E07000179,South Oxfordshire,2014,8.88,5.52,8.385,2.865,1.2224999999999993,12.682500000000001,False,False,OK
E12000008,South East,E07000180,Vale of White Horse,2014,8.56,5.52,8.385,2.865,1.2224999999999993,12.682500000000001,False,False,OK
E12000008,South East,E07000181,West Oxfordshire,2014,8.34,5.52,8.385,2.865,1.2224999999999993,12.682500000000001,False,False,OK
E12000008,South East,E07000207,Elmbridge,2014,12.02,5.52,8.385,2.865,1.2224999999999993,12.682500000000001,False,False,OK
E12000008,South East,E07000208,Epsom and Ewell,2014,10.39,5.52,8.385,2.865,1.2224999999999993,12.682500000000001,False,False,OK
E12000008,South East,E07000209,Guildford,2014,10.34,5.52,8.385,2.865,1.2224999999999993,12.682500000000001,False,False,OK
E12000008,South East,E07000210,Mole Valley,2014,11.76,5.52,8.385,2.865,1.2224999999999993,12.682500000000001,False,False,OK
E12000008,South East,E07000211,Reigate and Banstead,2014,8.79,5.52,8.385,2.865,1.2224999999999993,12.682500000000001,False,False,OK
E12000008,South East,E07000212,Runnymede,2014,9.9,5.52,8.385,2.865,1.2224999999999993,12.682500000000001,False,False,OK
E12000008,South East,E07000213,Spelthorne,2014,8.5,5.52,8.385,2.865,1.2224999999999993,12.682500000000001,False,False,OK
E12000008,South East,E07000214,Surrey Heath,2014,8.82,5.52,8.385,2.865,1.2224999999999993,12.682500000000001,False,False,OK
E12000008,South East,E07000215,Tandridge,2014,10.53,5.52,8.385,2.865,1.2224999999999993,12.682500000000001,False,False,OK
E12000008,South East,E07000216,Waverley,2014,9.36,5.52,8.385,2.865,1.2224999999999993,12.682500000000001,False,False,OK
E12000008,South East,E07000217,Woking,2014,9.14,5.52,8.385,2.865,1.2224999999999993,12.682500000000001,False,False,OK
E12000008,South East,E07000223,Adur,2014,9.87,5.52,8.385,2.865,1.2224999999999993,12.682500000000001,False,False,OK
E12000008,South East,E07000224,Arun,2014,9.09,5.52,8.385,2.865,1.2224999999999993,12.682500000000001,False,False,OK
E12000008,South East,E07000225,Chichester,2014,11.22,5.52,8.385,2.865,1.2224999999999993,12.682500000000001,False,False,OK
E12000008,South East,E07000226,Crawley,2014,7.93,5.52,8.385,2.865,1.2224999999999993,12.682500000000001,False,False,OK
E12000008,South East,E07000227,Horsham,2014,9.89,5.52,8.385,2.865,1.2224999999999993,12.682500000000001,False,False,OK
E12000008,South East,E07000228,Mid Sussex,2014,9.48,5.52,8.385,2.865,1.2224999999999993,12.682500000000001,False,False,OK
E12000008,South East,E07000229,Worthing,2014,8.3,5.52,8.385,2.865,1.2224999999999993,12.682500000000001,False,False,OK
E12000009,South West,E06000022,Bath and North East Somerset,2014,8.76,5.52,8.385,2.865,1.2224999999999993,12.682500000000001,False,False,OK
E12000009,South West,E06000023,"Bristol, City of",2014,7.16,5.52,8.385,2.865,1.2224999999999993,12.682500000000001,False,False,OK
E12000009,South West,E06000024,North Somerset,2014,6.69,5.52,8.385,2.865,1.2224999999999993,12.682500000000001,False,False,OK
E12000009,South West,E06000025,South Gloucestershire,2014,6.99,5.52,8.385,2.865,1.2224999999999993,12.682500000000001,False,False,OK
E12000009,South West,E06000026,Plymouth,2014,6.33,5.52,8.385,2.865,1.2224999999999993,12.682500000000001,False,False,OK
E12000009,South West,E06000027,Torbay,2014,7.53,5.52,8.385,2.865,1.2224999999999993,12.682500000000001,False,False,OK
E12000009,South West,E06000030,Swindon,2014,5.9,5.52,8.385,2.865,1.2224999999999993,12.682500000000001,False,False,OK
E12000009,South West,E06000052,Cornwall,2014,8.16,5.52,8.385,2.865,1.2224999999999993,12.682500000000001,False,False,OK
E12000009,South West,E06000053,Isles of Scilly,2014,,5.52,8.385,2.865,1.2224999999999993,12.682500000000001,False,True,Missing ratio value
E12000009,South West,E06000054,Wiltshire,2014,7.89,5.52,8.385,2.865,1.2224999999999993,12.682500000000001,False,False,OK
E12000009,South West,E06000058,"Bournemouth, Christchurch and Poole",2014,8.11,5.52,8.385,2.865,1.2224999999999993,12.682500000000001,False,False,OK
E12000009,South West,E06000059,Dorset,2014,9.35,5.52,8.385,2.865,1.2224999999999993,12.682500000000001,False,False,OK
E12000009,South West,E06000066,Somerset,2014,7.27,5.52,8.385,2.865,1.2224999999999993,12.682500000000001,False,False,OK
E12000009,South West,E07000040,East Devon,2014,9.22,5.52,8.385,2.865,1.2224999999999993,12.682500000000001,False,False,OK
E12000009,South West,E07000041,Exeter,2014,8.16,5.52,8.385,2.865,1.2224999999999993,12.682500000000001,False,False,OK
E12000009,South West,E07000042,Mid Devon,2014,8.0,5.52,8.385,2.865,1.2224999999999993,12.682500000000001,False,False,OK
E12000009,South West,E07000043,North Devon,2014,9.05,5.52,8.385,2.865,1.2224999999999993,12.682500000000001,False,False,OK
E12000009,South West,E07000044,South Hams,2014,8.85,5.52,8.385,2.865,1.2224999999999993,12.682500000000001,False,False,OK
E12000009,South West,E07000045,Teignbridge,2014,8.61,5.52,8.385,2.865,1.2224999999999993,12.682500000000001,False,False,OK
E12000009,South West,E07000046,Torridge,2014,7.84,5.52,8.385,2.865,1.2224999999999993,12.682500000000001,False,False,OK
E12000009,South West,E07000047,West Devon,2014,7.42,5.52,8.385,2.865,1.2224999999999993,12.682500000000001,False,False,OK
E12000009,South West,E07000078,Cheltenham,2014,7.4,5.52,8.385,2.865,1.2224999999999993,12.682500000000001,False,False,OK
E12000009,South West,E07000079,Cotswold,2014,10.77,5.52,8.385,2.865,1.2224999999999993,12.682500000000001,False,False,OK
E12000009,South West,E07000080,Forest of Dean,2014,6.5,5.52,8.385,2.865,1.2224999999999993,12.682500000000001,False,False,OK
E12000009,South West,E07000081,Gloucester,2014,6.27,5.52,8.385,2.865,1.2224999999999993,12.682500000000001,False,False,OK
E12000009,South West,E07000082,Stroud,2014,7.61,5.52,8.385,2.865,1.2224999999999993,12.682500000000001,False,False,OK
E12000009,South West,E07000083,Tewkesbury,2014,7.82,5.52,8.385,2.865,1.2224999999999993,12.682500000000001,False,False,OK
W92000004,Wales,W06000001,Isle of Anglesey,2014,6.23,5.52,8.385,2.865,1.2224999999999993,12.682500000000001,False,False,OK
W92000004,Wales,W06000002,Gwynedd,2014,5.81,5.52,8.385,2.865,1.2224999999999993,12.682500000000001,False,False,OK
W92000004,Wales,W06000003,Conwy,2014,5.52,5.52,8.385,2.865,1.2224999999999993,12.682500000000001,False,False,OK
W92000004,Wales,W06000004,Denbighshire,2014,5.94,5.52,8.385,2.865,1.2224999999999993,12.682500000000001,False,False,OK
W92000004,Wales,W06000005,Flintshire,2014,5.2,5.52,8.385,2.865,1.2224999999999993,12.682500000000001,False,False,OK
W92000004,Wales,W06000006,Wrexham,2014,5.31,5.52,8.385,2.865,1.2224999999999993,12.682500000000001,False,False,OK
W92000004,Wales,W06000008,Ceredigion,2014,7.6,5.52,8.385,2.865,1.2224999999999993,12.682500000000001,False,False,OK
W92000004,Wales,W06000009,Pembrokeshire,2014,6.48,5.52,8.385,2.865,1.2224999999999993,12.682500000000001,False,False,OK
W92000004,Wales,W06000010,Carmarthenshire,2014,4.8,5.52,8.385,2.865,1.2224999999999993,12.682500000000001,False,False,OK
W92000004,Wales,W06000011,Swansea,2014,5.03,5.52,8.385,2.865,1.2224999999999993,12.682500000000001,False,False,OK
W92000004,Wales,W06000012,Neath Port Talbot,2014,4.16,5.52,8.385,2.865,1.2224999999999993,12.682500000000001,False,False,OK
W92000004,Wales,W06000013,Bridgend,2014,4.96,5.52,8.385,2.865,1.2224999999999993,12.682500000000001,False,False,OK
W92000004,Wales,W06000014,Vale of Glamorgan,2014,6.58,5.52,8.385,2.865,1.2224999999999993,12.682500000000001,False,False,OK
W92000004,Wales,W06000015,Cardiff,2014,6.24,5.52,8.385,2.865,1.2224999999999993,12.682500000000001,False,False,OK
W92000004,Wales,W06000016,Rhondda Cynon Taf,2014,3.84,5.52,8.385,2.865,1.2224999999999993,12.682500000000001,False,False,OK
W92000004,Wales,W06000018,Caerphilly,2014,5.02,5.52,8.385,2.865,1.2224999999999993,12.682500000000001,False,False,OK
W92000004,Wales,W06000019,Blaenau Gwent,2014,3.56,5.52,8.385,2.865,1.2224999999999993,12.682500000000001,False,False,OK
W92000004,Wales,W06000020,Torfaen,2014,4.85,5.52,8.385,2.865,1.2224999999999993,12.682500000000001,False,False,OK
W92000004,Wales,W06000021,Monmouthshire,2014,6.66,5.52,8.385,2.865,1.2224999999999993,12.682500000000001,False,False,OK
W92000004,Wales,W06000022,Newport,2014,5.42,5.52,8.385,2.865,1.2224999999999993,12.682500000000001,False,False,OK
W92000004,Wales,W06000023,Powys,2014,7.15,5.52,8.385,2.865,1.2224999999999993,12.682500000000001,False,False,OK
W92000004,Wales,W06000024,Merthyr Tydfil,2014,4.07,5.52,8.385,2.865,1.2224999999999993,12.682500000000001,False,False,OK
E12000001,North East,E06000001,Hartlepool,2015,4.74,5.7775,8.98,3.2025000000000006,0.973749999999999,13.783750000000001,False,False,OK
E12000001,North East,E06000002,Middlesbrough,2015,5.05,5.7775,8.98,3.2025000000000006,0.973749999999999,13.783750000000001,False,False,OK
E12000001,North East,E06000003,Redcar and Cleveland,2015,5.0,5.7775,8.98,3.2025000000000006,0.973749999999999,13.783750000000001,False,False,OK
E12000001,North East,E06000004,Stockton-on-Tees,2015,5.07,5.7775,8.98,3.2025000000000006,0.973749999999999,13.783750000000001,False,False,OK
E12000001,North East,E06000005,Darlington,2015,5.18,5.7775,8.98,3.2025000000000006,0.973749999999999,13.783750000000001,False,False,OK
E12000001,North East,E06000047,County Durham,2015,4.45,5.7775,8.98,3.2025000000000006,0.973749999999999,13.783750000000001,False,False,OK
E12000001,North East,E06000057,Northumberland,2015,6.17,5.7775,8.98,3.2025000000000006,0.973749999999999,13.783750000000001,False,False,OK
E12000001,North East,E08000021,Newcastle upon Tyne,2015,5.68,5.7775,8.98,3.2025000000000006,0.973749999999999,13.783750000000001,False,False,OK
E12000001,North East,E08000022,North Tyneside,2015,6.02,5.7775,8.98,3.2025000000000006,0.973749999999999,13.783750000000001,False,False,OK
E12000001,North East,E08000023,South Tyneside,2015,5.31,5.7775,8.98,3.2025000000000006,0.973749999999999,13.783750000000001,False,False,OK
E12000001,North East,E08000024,Sunderland,2015,4.87,5.7775,8.98,3.2025000000000006,0.973749999999999,13.783750000000001,False,False,OK
E12000001,North East,E08000037,Gateshead,2015,5.21,5.7775,8.98,3.2025000000000006,0.973749999999999,13.783750000000001,False,False,OK
E12000002,North West,E06000006,Halton,2015,5.01,5.7775,8.98,3.2025000000000006,0.973749999999999,13.783750000000001,False,False,OK
E12000002,North West,E06000007,Warrington,2015,5.81,5.7775,8.98,3.2025000000000006,0.973749999999999,13.783750000000001,False,False,OK
E12000002,North West,E06000008,Blackburn with Darwen,2015,4.88,5.7775,8.98,3.2025000000000006,0.973749999999999,13.783750000000001,False,False,OK
E12000002,North West,E06000009,Blackpool,2015,4.76,5.7775,8.98,3.2025000000000006,0.973749999999999,13.783750000000001,False,False,OK
E12000002,North West,E06000049,Cheshire East,2015,6.9,5.7775,8.98,3.2025000000000006,0.973749999999999,13.783750000000001,False,False,OK
E12000002,North West,E06000050,Cheshire West and Chester,2015,6.38,5.7775,8.98,3.2025000000000006,0.973749999999999,13.783750000000001,False,False,OK
E12000002,North West,E06000063,Cumberland,2015,4.9,5.7775,8.98,3.2025000000000006,0.973749999999999,13.783750000000001,False,False,OK
E12000002,North West,E06000064,Westmorland and Furness,2015,6.66,5.7775,8.98,3.2025000000000006,0.973749999999999,13.783750000000001,False,False,OK
E12000002,North West,E07000117,Burnley,2015,3.45,5.7775,8.98,3.2025000000000006,0.973749999999999,13.783750000000001,False,False,OK
E12000002,North West,E07000118,Chorley,2015,6.25,5.7775,8.98,3.2025000000000006,0.973749999999999,13.783750000000001,False,False,OK
E12000002,North West,E07000119,Fylde,2015,7.22,5.7775,8.98,3.2025000000000006,0.973749999999999,13.783750000000001,False,False,OK
E12000002,North West,E07000120,Hyndburn,2015,4.01,5.7775,8.98,3.2025000000000006,0.973749999999999,13.783750000000001,False,False,OK
E12000002,North West,E07000121,Lancaster,2015,5.31,5.7775,8.98,3.2025000000000006,0.973749999999999,13.783750000000001,False,False,OK
E12000002,North West,E07000122,Pendle,2015,3.7,5.7775,8.98,3.2025000000000006,0.973749999999999,13.783750000000001,False,False,OK
E12000002,North West,E07000123,Preston,2015,5.43,5.7775,8.98,3.2025000000000006,0.973749999999999,13.783750000000001,False,False,OK
E12000002,North West,E07000124,Ribble Valley,2015,7.16,5.7775,8.98,3.2025000000000006,0.973749999999999,13.783750000000001,False,False,OK
E12000002,North West,E07000125,Rossendale,2015,5.15,5.7775,8.98,3.2025000000000006,0.973749999999999,13.783750000000001,False,False,OK
E12000002,North West,E07000126,South Ribble,2015,5.87,5.7775,8.98,3.2025000000000006,0.973749999999999,13.783750000000001,False,False,OK
E12000002,North West,E07000127,West Lancashire,2015,6.45,5.7775,8.98,3.2025000000000006,0.973749999999999,13.783750000000001,False,False,OK
E12000002,North West,E07000128,Wyre,2015,5.13,5.7775,8.98,3.2025000000000006,0.973749999999999,13.783750000000001,False,False,OK
E12000002,North West,E08000001,Bolton,2015,5.0,5.7775,8.98,3.2025000000000006,0.973749999999999,13.783750000000001,False,False,OK
E12000002,North West,E08000002,Bury,2015,5.27,5.7775,8.98,3.2025000000000006,0.973749999999999,13.783750000000001,False,False,OK
E12000002,North West,E08000003,Manchester,2015,5.63,5.7775,8.98,3.2025000000000006,0.973749999999999,13.783750000000001,False,False,OK
E12000002,North West,E08000004,Oldham,2015,5.15,5.7775,8.98,3.2025000000000006,0.973749999999999,13.783750000000001,False,False,OK
E12000002,North West,E08000005,Rochdale,2015,5.14,5.7775,8.98,3.2025000000000006,0.973749999999999,13.783750000000001,False,False,OK
E12000002,North West,E08000006,Salford,2015,5.14,5.7775,8.98,3.2025000000000006,0.973749999999999,13.783750000000001,False,False,OK
E12000002,North West,E08000007,Stockport,2015,6.55,5.7775,8.98,3.2025000000000006,0.973749999999999,13.783750000000001,False,False,OK
E12000002,North West,E08000008,Tameside,2015,5.32,5.7775,8.98,3.2025000000000006,0.973749999999999,13.783750000000001,False,False,OK
E12000002,North West,E08000009,Trafford,2015,6.99,5.7775,8.98,3.2025000000000006,0.973749999999999,13.783750000000001,False,False,OK
E12000002,North West,E08000010,Wigan,2015,4.7,5.7775,8.98,3.2025000000000006,0.973749999999999,13.783750000000001,False,False,OK
E12000002,North West,E08000011,Knowsley,2015,4.95,5.7775,8.98,3.2025000000000006,0.973749999999999,13.783750000000001,False,False,OK
E12000002,North West,E08000012,Liverpool,2015,4.67,5.7775,8.98,3.2025000000000006,0.973749999999999,13.783750000000001,False,False,OK
E12000002,North West,E08000013,St. Helens,2015,4.57,5.7775,8.98,3.2025000000000006,0.973749999999999,13.783750000000001,False,False,OK
E12000002,North West,E08000014,Sefton,2015,6.02,5.7775,8.98,3.2025000000000006,0.973749999999999,13.783750000000001,False,False,OK
E12000002,North West,E08000015,Wirral,2015,5.05,5.7775,8.98,3.2025000000000006,0.973749999999999,13.783750000000001,False,False,OK
E12000003,Yorkshire and The Humber,E06000010,"Kingston upon Hull, City of",2015,4.41,5.7775,8.98,3.2025000000000006,0.973749999999999,13.783750000000001,False,False,OK
E12000003,Yorkshire and The Humber,E06000011,East Riding of Yorkshire,2015,5.82,5.7775,8.98,3.2025000000000006,0.973749999999999,13.783750000000001,False,False,OK
E12000003,Yorkshire and The Humber,E06000012,North East Lincolnshire,2015,4.98,5.7775,8.98,3.2025000000000006,0.973749999999999,13.783750000000001,False,False,OK
E12000003,Yorkshire and The Humber,E06000013,North Lincolnshire,2015,4.4,5.7775,8.98,3.2025000000000006,0.973749999999999,13.783750000000001,False,False,OK
E12000003,Yorkshire and The Humber,E06000014,York,2015,8.2,5.7775,8.98,3.2025000000000006,0.973749999999999,13.783750000000001,False,False,OK
E12000003,Yorkshire and The Humber,E06000065,North Yorkshire,2015,7.2,5.7775,8.98,3.2025000000000006,0.973749999999999,13.783750000000001,False,False,OK
E12000003,Yorkshire and The Humber,E08000017,Doncaster,2015,5.18,5.7775,8.98,3.2025000000000006,0.973749999999999,13.783750000000001,False,False,OK
E12000003,Yorkshire and The Humber,E08000018,Rotherham,2015,5.2,5.7775,8.98,3.2025000000000006,0.973749999999999,13.783750000000001,False,False,OK
E12000003,Yorkshire and The Humber,E08000032,Bradford,2015,5.33,5.7775,8.98,3.2025000000000006,0.973749999999999,13.783750000000001,False,False,OK
E12000003,Yorkshire and The Humber,E08000033,Calderdale,2015,5.03,5.7775,8.98,3.2025000000000006,0.973749999999999,13.783750000000001,False,False,OK
E12000003,Yorkshire and The Humber,E08000034,Kirklees,2015,5.28,5.7775,8.98,3.2025000000000006,0.973749999999999,13.783750000000001,False,False,OK
E12000003,Yorkshire and The Humber,E08000035,Leeds,2015,5.88,5.7775,8.98,3.2025000000000006,0.973749999999999,13.783750000000001,False,False,OK
E12000003,Yorkshire and The Humber,E08000036,Wakefield,2015,5.52,5.7775,8.98,3.2025000000000006,0.973749999999999,13.783750000000001,False,False,OK
E12000003,Yorkshire and The Humber,E08000038,Barnsley,2015,4.49,5.7775,8.98,3.2025000000000006,0.973749999999999,13.783750000000001,False,False,OK
E12000003,Yorkshire and The Humber,E08000039,Sheffield,2015,5.46,5.7775,8.98,3.2025000000000006,0.973749999999999,13.783750000000001,False,False,OK
E12000004,East Midlands,E06000015,Derby,2015,4.83,5.7775,8.98,3.2025000000000006,0.973749999999999,13.783750000000001,False,False,OK
E12000004,East Midlands,E06000016,Leicester,2015,6.16,5.7775,8.98,3.2025000000000006,0.973749999999999,13.783750000000001,False,False,OK
E12000004,East Midlands,E06000017,Rutland,2015,8.18,5.7775,8.98,3.2025000000000006,0.973749999999999,13.783750000000001,False,False,OK
E12000004,East Midlands,E06000018,Nottingham,2015,4.98,5.7775,8.98,3.2025000000000006,0.973749999999999,13.783750000000001,False,False,OK
E12000004,East Midlands,E06000061,North Northamptonshire,2015,6.07,5.7775,8.98,3.2025000000000006,0.973749999999999,13.783750000000001,False,False,OK
E12000004,East Midlands,E06000062,West Northamptonshire,2015,6.98,5.7775,8.98,3.2025000000000006,0.973749999999999,13.783750000000001,False,False,OK
E12000004,East Midlands,E07000032,Amber Valley,2015,5.62,5.7775,8.98,3.2025000000000006,0.973749999999999,13.783750000000001,False,False,OK
E12000004,East Midlands,E07000033,Bolsover,2015,4.98,5.7775,8.98,3.2025000000000006,0.973749999999999,13.783750000000001,False,False,OK
E12000004,East Midlands,E07000034,Chesterfield,2015,5.05,5.7775,8.98,3.2025000000000006,0.973749999999999,13.783750000000001,False,False,OK
E12000004,East Midlands,E07000035,Derbyshire Dales,2015,8.36,5.7775,8.98,3.2025000000000006,0.973749999999999,13.783750000000001,False,False,OK
E12000004,East Midlands,E07000036,Erewash,2015,5.11,5.7775,8.98,3.2025000000000006,0.973749999999999,13.783750000000001,False,False,OK
E12000004,East Midlands,E07000037,High Peak,2015,6.28,5.7775,8.98,3.2025000000000006,0.973749999999999,13.783750000000001,False,False,OK
E12000004,East Midlands,E07000038,North East Derbyshire,2015,5.92,5.7775,8.98,3.2025000000000006,0.973749999999999,13.783750000000001,False,False,OK
E12000004,East Midlands,E07000039,South Derbyshire,2015,6.32,5.7775,8.98,3.2025000000000006,0.973749999999999,13.783750000000001,False,False,OK
E12000004,East Midlands,E07000129,Blaby,2015,6.41,5.7775,8.98,3.2025000000000006,0.973749999999999,13.783750000000001,False,False,OK
E12000004,East Midlands,E07000130,Charnwood,2015,6.34,5.7775,8.98,3.2025000000000006,0.973749999999999,13.783750000000001,False,False,OK
E12000004,East Midlands,E07000131,Harborough,2015,7.67,5.7775,8.98,3.2025000000000006,0.973749999999999,13.783750000000001,False,False,OK
E12000004,East Midlands,E07000132,Hinckley and Bosworth,2015,6.71,5.7775,8.98,3.2025000000000006,0.973749999999999,13.783750000000001,False,False,OK
E12000004,East Midlands,E07000133,Melton,2015,6.82,5.7775,8.98,3.2025000000000006,0.973749999999999,13.783750000000001,False,False,OK
E12000004,East Midlands,E07000134,North West Leicestershire,2015,6.86,5.7775,8.98,3.2025000000000006,0.973749999999999,13.783750000000001,False,False,OK
E12000004,East Midlands,E07000135,Oadby and Wigston,2015,7.8,5.7775,8.98,3.2025000000000006,0.973749999999999,13.783750000000001,False,False,OK
E12000004,East Midlands,E07000136,Boston,2015,6.63,5.7775,8.98,3.2025000000000006,0.973749999999999,13.783750000000001,False,False,OK
E12000004,East Midlands,E07000137,East Lindsey,2015,6.01,5.7775,8.98,3.2025000000000006,0.973749999999999,13.783750000000001,False,False,OK
E12000004,East Midlands,E07000138,Lincoln,2015,5.66,5.7775,8.98,3.2025000000000006,0.973749999999999,13.783750000000001,False,False,OK
E12000004,East Midlands,E07000139,North Kesteven,2015,6.22,5.7775,8.98,3.2025000000000006,0.973749999999999,13.783750000000001,False,False,OK
E12000004,East Midlands,E07000140,South Holland,2015,6.42,5.7775,8.98,3.2025000000000006,0.973749999999999,13.783750000000001,False,False,OK
E12000004,East Midlands,E07000141,South Kesteven,2015,6.99,5.7775,8.98,3.2025000000000006,0.973749999999999,13.783750000000001,False,False,OK
E12000004,East Midlands,E07000142,West Lindsey,2015,6.01,5.7775,8.98,3.2025000000000006,0.973749999999999,13.783750000000001,False,False,OK
E12000004,East Midlands,E07000170,Ashfield,2015,5.23,5.7775,8.98,3.2025000000000006,0.973749999999999,13.783750000000001,False,False,OK
E12000004,East Midlands,E07000171,Bassetlaw,2015,5.16,5.7775,8.98,3.2025000000000006,0.973749999999999,13.783750000000001,False,False,OK
E12000004,East Midlands,E07000172,Broxtowe,2015,5.07,5.7775,8.98,3.2025000000000006,0.973749999999999,13.783750000000001,False,False,OK
E12000004,East Midlands,E07000173,Gedling,2015,5.54,5.7775,8.98,3.2025000000000006,0.973749999999999,13.783750000000001,False,False,OK
E12000004,East Midlands,E07000174,Mansfield,2015,5.24,5.7775,8.98,3.2025000000000006,0.973749999999999,13.783750000000001,False,False,OK
E12000004,East Midlands,E07000175,Newark and Sherwood,2015,6.22,5.7775,8.98,3.2025000000000006,0.973749999999999,13.783750000000001,False,False,OK
E12000004,East Midlands,E07000176,Rushcliffe,2015,7.19,5.7775,8.98,3.2025000000000006,0.973749999999999,13.783750000000001,False,False,OK
E12000005,West Midlands,E06000019,"Herefordshire, County of",2015,8.98,5.7775,8.98,3.2025000000000006,0.973749999999999,13.783750000000001,False,False,OK
E12000005,West Midlands,E06000020,Telford and Wrekin,2015,5.99,5.7775,8.98,3.2025000000000006,0.973749999999999,13.783750000000001,False,False,OK
E12000005,West Midlands,E06000021,Stoke-on-Trent,2015,4.41,5.7775,8.98,3.2025000000000006,0.973749999999999,13.783750000000001,False,False,OK
E12000005,West Midlands,E06000051,Shropshire,2015,7.14,5.7775,8.98,3.2025000000000006,0.973749999999999,13.783750000000001,False,False,OK
E12000005,West Midlands,E07000192,Cannock Chase,2015,5.07,5.7775,8.98,3.2025000000000006,0.973749999999999,13.783750000000001,False,False,OK
E12000005,West Midlands,E07000193,East Staffordshire,2015,6.33,5.7775,8.98,3.2025000000000006,0.973749999999999,13.783750000000001,False,False,OK
E12000005,West Midlands,E07000194,Lichfield,2015,6.36,5.7775,8.98,3.2025000000000006,0.973749999999999,13.783750000000001,False,False,OK
E12000005,West Midlands,E07000195,Newcastle-under-Lyme,2015,5.4,5.7775,8.98,3.2025000000000006,0.973749999999999,13.783750000000001,False,False,OK
E12000005,West Midlands,E07000196,South Staffordshire,2015,6.6,5.7775,8.98,3.2025000000000006,0.973749999999999,13.783750000000001,False,False,OK
E12000005,West Midlands,E07000197,Stafford,2015,6.14,5.7775,8.98,3.2025000000000006,0.973749999999999,13.783750000000001,False,False,OK
E12000005,West Midlands,E07000198,Staffordshire Moorlands,2015,5.57,5.7775,8.98,3.2025000000000006,0.973749999999999,13.783750000000001,False,False,OK
E12000005,West Midlands,E07000199,Tamworth,2015,6.2,5.7775,8.98,3.2025000000000006,0.973749999999999,13.783750000000001,False,False,OK
E12000005,West Midlands,E07000218,North Warwickshire,2015,6.37,5.7775,8.98,3.2025000000000006,0.973749999999999,13.783750000000001,False,False,OK
E12000005,West Midlands,E07000219,Nuneaton and Bedworth,2015,5.53,5.7775,8.98,3.2025000000000006,0.973749999999999,13.783750000000001,False,False,OK
E12000005,West Midlands,E07000220,Rugby,2015,6.13,5.7775,8.98,3.2025000000000006,0.973749999999999,13.783750000000001,False,False,OK
E12000005,West Midlands,E07000221,Stratford-on-Avon,2015,9.4,5.7775,8.98,3.2025000000000006,0.973749999999999,13.783750000000001,False,False,OK
E12000005,West Midlands,E07000222,Warwick,2015,8.28,5.7775,8.98,3.2025000000000006,0.973749999999999,13.783750000000001,False,False,OK
E12000005,West Midlands,E07000234,Bromsgrove,2015,7.6,5.7775,8.98,3.2025000000000006,0.973749999999999,13.783750000000001,False,False,OK
E12000005,West Midlands,E07000235,Malvern Hills,2015,8.63,5.7775,8.98,3.2025000000000006,0.973749999999999,13.783750000000001,False,False,OK
E12000005,West Midlands,E07000236,Redditch,2015,8.02,5.7775,8.98,3.2025000000000006,0.973749999999999,13.783750000000001,False,False,OK
E12000005,West Midlands,E07000237,Worcester,2015,6.55,5.7775,8.98,3.2025000000000006,0.973749999999999,13.783750000000001,False,False,OK
E12000005,West Midlands,E07000238,Wychavon,2015,8.28,5.7775,8.98,3.2025000000000006,0.973749999999999,13.783750000000001,False,False,OK
E12000005,West Midlands,E07000239,Wyre Forest,2015,6.12,5.7775,8.98,3.2025000000000006,0.973749999999999,13.783750000000001,False,False,OK
E12000005,West Midlands,E08000025,Birmingham,2015,5.67,5.7775,8.98,3.2025000000000006,0.973749999999999,13.783750000000001,False,False,OK
E12000005,West Midlands,E08000026,Coventry,2015,5.28,5.7775,8.98,3.2025000000000006,0.973749999999999,13.783750000000001,False,False,OK
E12000005,West Midlands,E08000027,Dudley,2015,5.66,5.7775,8.98,3.2025000000000006,0.973749999999999,13.783750000000001,False,False,OK
E12000005,West Midlands,E08000028,Sandwell,2015,5.31,5.7775,8.98,3.2025000000000006,0.973749999999999,13.783750000000001,False,False,OK
E12000005,West Midlands,E08000029,Solihull,2015,7.5,5.7775,8.98,3.2025000000000006,0.973749999999999,13.783750000000001,False,False,OK
E12000005,West Midlands,E08000030,Walsall,2015,5.6,5.7775,8.98,3.2025000000000006,0.973749999999999,13.783750000000001,False,False,OK
E12000005,West Midlands,E08000031,Wolverhampton,2015,5.44,5.7775,8.98,3.2025000000000006,0.973749999999999,13.783750000000001,False,False,OK
E12000006,East of England,E06000031,Peterborough,2015,6.37,5.7775,8.98,3.2025000000000006,0.973749999999999,13.783750000000001,False,False,OK
E12000006,East of England,E06000032,Luton,2015,6.95,5.7775,8.98,3.2025000000000006,0.973749999999999,13.783750000000001,False,False,OK
E12000006,East of England,E06000033,Southend-on-Sea,2015,7.7,5.7775,8.98,3.2025000000000006,0.973749999999999,13.783750000000001,False,False,OK
E12000006,East of England,E06000034,Thurrock,2015,7.06,5.7775,8.98,3.2025000000000006,0.973749999999999,13.783750000000001,False,False,OK
E12000006,East of England,E06000055,Bedford,2015,8.1,5.7775,8.98,3.2025000000000006,0.973749999999999,13.783750000000001,False,False,OK
E12000006,East of England,E06000056,Central Bedfordshire,2015,7.8,5.7775,8.98,3.2025000000000006,0.973749999999999,13.783750000000001,False,False,OK
E12000006,East of England,E07000008,Cambridge,2015,12.3,5.7775,8.98,3.2025000000000006,0.973749999999999,13.783750000000001,False,False,OK
E12000006,East of England,E07000009,East Cambridgeshire,2015,7.82,5.7775,8.98,3.2025000000000006,0.973749999999999,13.783750000000001,False,False,OK
E12000006,East of England,E07000010,Fenland,2015,6.0,5.7775,8.98,3.2025000000000006,0.973749999999999,13.783750000000001,False,False,OK
E12000006,East of England,E07000011,Huntingdonshire,2015,7.23,5.7775,8.98,3.2025000000000006,0.973749999999999,13.783750000000001,False,False,OK
E12000006,East of England,E07000012,South Cambridgeshire,2015,9.66,5.7775,8.98,3.2025000000000006,0.973749999999999,13.783750000000001,False,False,OK
E12000006,East of England,E07000066,Basildon,2015,7.7,5.7775,8.98,3.2025000000000006,0.973749999999999,13.783750000000001,False,False,OK
E12000006,East of England,E07000067,Braintree,2015,7.23,5.7775,8.98,3.2025000000000006,0.973749999999999,13.783750000000001,False,False,OK
E12000006,East of England,E07000068,Brentwood,2015,8.15,5.7775,8.98,3.2025000000000006,0.973749999999999,13.783750000000001,False,False,OK
E12000006,East of England,E07000069,Castle Point,2015,8.36,5.7775,8.98,3.2025000000000006,0.973749999999999,13.783750000000001,False,False,OK
E12000006,East of England,E07000070,Chelmsford,2015,8.49,5.7775,8.98,3.2025000000000006,0.973749999999999,13.783750000000001,False,False,OK
E12000006,East of England,E07000071,Colchester,2015,7.36,5.7775,8.98,3.2025000000000006,0.973749999999999,13.783750000000001,False,False,OK
E12000006,East of England,E07000072,Epping Forest,2015,10.85,5.7775,8.98,3.2025000000000006,0.973749999999999,13.783750000000001,False,False,OK
E12000006,East of England,E07000073,Harlow,2015,8.65,5.7775,8.98,3.2025000000000006,0.973749999999999,13.783750000000001,False,False,OK
E12000006,East of England,E07000074,Maldon,2015,7.49,5.7775,8.98,3.2025000000000006,0.973749999999999,13.783750000000001,False,False,OK
E12000006,East of England,E07000075,Rochford,2015,8.74,5.7775,8.98,3.2025000000000006,0.973749999999999,13.783750000000001,False,False,OK
E12000006,East of England,E07000076,Tendring,2015,6.76,5.7775,8.98,3.2025000000000006,0.973749999999999,13.783750000000001,False,False,OK
E12000006,East of England,E07000077,Uttlesford,2015,10.25,5.7775,8.98,3.2025000000000006,0.973749999999999,13.783750000000001,False,False,OK
E12000006,East of England,E07000095,Broxbourne,2015,8.66,5.7775,8.98,3.2025000000000006,0.973749999999999,13.783750000000001,False,False,OK
E12000006,East of England,E07000096,Dacorum,2015,9.77,5.7775,8.98,3.2025000000000006,0.973749999999999,13.783750000000001,False,False,OK
E12000006,East of England,E07000098,Hertsmere,2015,13.22,5.7775,8.98,3.2025000000000006,0.973749999999999,13.783750000000001,False,False,OK
E12000006,East of England,E07000099,North Hertfordshire,2015,8.13,5.7775,8.98,3.2025000000000006,0.973749999999999,13.783750000000001,False,False,OK
E12000006,East of England,E07000102,Three Rivers,2015,12.48,5.7775,8.98,3.2025000000000006,0.973749999999999,13.783750000000001,False,False,OK
E12000006,East of England,E07000103,Watford,2015,9.05,5.7775,8.98,3.2025000000000006,0.973749999999999,13.783750000000001,False,False,OK
E12000006,East of England,E07000143,Breckland,2015,7.56,5.7775,8.98,3.2025000000000006,0.973749999999999,13.783750000000001,False,False,OK
E12000006,East of England,E07000144,Broadland,2015,7.73,5.7775,8.98,3.2025000000000006,0.973749999999999,13.783750000000001,False,False,OK
E12000006,East of England,E07000145,Great Yarmouth,2015,6.16,5.7775,8.98,3.2025000000000006,0.973749999999999,13.783750000000001,False,False,OK
E12000006,East of England,E07000146,King's Lynn and West Norfolk,2015,6.76,5.7775,8.98,3.2025000000000006,0.973749999999999,13.783750000000001,False,False,OK
E12000006,East of England,E07000147,North Norfolk,2015,8.37,5.7775,8.98,3.2025000000000006,0.973749999999999,13.783750000000001,False,False,OK
E12000006,East of England,E07000148,Norwich,2015,6.93,5.7775,8.98,3.2025000000000006,0.973749999999999,13.783750000000001,False,False,OK
E12000006,East of England,E07000149,South Norfolk,2015,6.98,5.7775,8.98,3.2025000000000006,0.973749999999999,13.783750000000001,False,False,OK
E12000006,East of England,E07000200,Babergh,2015,8.11,5.7775,8.98,3.2025000000000006,0.973749999999999,13.783750000000001,False,False,OK
E12000006,East of England,E07000202,Ipswich,2015,6.08,5.7775,8.98,3.2025000000000006,0.973749999999999,13.783750000000001,False,False,OK
E12000006,East of England,E07000203,Mid Suffolk,2015,7.05,5.7775,8.98,3.2025000000000006,0.973749999999999,13.783750000000001,False,False,OK
E12000006,East of England,E07000240,St Albans,2015,11.74,5.7775,8.98,3.2025000000000006,0.973749999999999,13.783750000000001,False,False,OK
E12000006,East of England,E07000241,Welwyn Hatfield,2015,9.8,5.7775,8.98,3.2025000000000006,0.973749999999999,13.783750000000001,False,False,OK
E12000006,East of England,E07000242,East Hertfordshire,2015,9.42,5.7775,8.98,3.2025000000000006,0.973749999999999,13.783750000000001,False,False,OK
E12000006,East of England,E07000243,Stevenage,2015,7.69,5.7775,8.98,3.2025000000000006,0.973749999999999,13.783750000000001,False,False,OK
E12000006,East of England,E07000244,East Suffolk,2015,7.41,5.7775,8.98,3.2025000000000006,0.973749999999999,13.783750000000001,False,False,OK
E12000006,East of England,E07000245,West Suffolk,2015,8.33,5.7775,8.98,3.2025000000000006,0.973749999999999,13.783750000000001,False,False,OK
E12000007,London,E09000001,City of London,2015,,5.7775,8.98,3.2025000000000006,0.973749999999999,13.783750000000001,False,True,Missing ratio value
E12000007,London,E09000002,Barking and Dagenham,2015,8.24,5.7775,8.98,3.2025000000000006,0.973749999999999,13.783750000000001,False,False,OK
E12000007,London,E09000003,Barnet,2015,13.3,5.7775,8.98,3.2025000000000006,0.973749999999999,13.783750000000001,False,False,OK
E12000007,London,E09000004,Bexley,2015,8.47,5.7775,8.98,3.2025000000000006,0.973749999999999,13.783750000000001,False,False,OK
E12000007,London,E09000005,Brent,2015,13.43,5.7775,8.98,3.2025000000000006,0.973749999999999,13.783750000000001,False,False,OK
E12000007,London,E09000006,Bromley,2015,9.93,5.7775,8.98,3.2025000000000006,0.973749999999999,13.783750000000001,False,False,OK
E12000007,London,E09000007,Camden,2015,17.2,5.7775,8.98,3.2025000000000006,0.973749999999999,13.783750000000001,True,False,Statistical outlier
E12000007,London,E09000008,Croydon,2015,8.98,5.7775,8.98,3.2025000000000006,0.973749999999999,13.783750000000001,False,False,OK
E12000007,London,E09000009,Ealing,2015,14.34,5.7775,8.98,3.2025000000000006,0.973749999999999,13.783750000000001,True,False,Statistical outlier
E12000007,London,E09000010,Enfield,2015,10.35,5.7775,8.98,3.2025000000000006,0.973749999999999,13.783750000000001,False,False,OK
E12000007,London,E09000011,Greenwich,2015,10.57,5.7775,8.98,3.2025000000000006,0.973749999999999,13.783750000000001,False,False,OK
E12000007,London,E09000012,Hackney,2015,14.38,5.7775,8.98,3.2025000000000006,0.973749999999999,13.783750000000001,True,False,Statistical outlier
E12000007,London,E09000013,Hammersmith and Fulham,2015,19.28,5.7775,8.98,3.2025000000000006,0.973749999999999,13.783750000000001,True,False,Statistical outlier
E12000007,London,E09000014,Haringey,2015,13.68,5.7775,8.98,3.2025000000000006,0.973749999999999,13.783750000000001,False,False,OK
E12000007,London,E09000015,Harrow,2015,11.85,5.7775,8.98,3.2025000000000006,0.973749999999999,13.783750000000001,False,False,OK
E12000007,London,E09000016,Havering,2015,8.73,5.7775,8.98,3.2025000000000006,0.973749999999999,13.783750000000001,False,False,OK
E12000007,London,E09000017,Hillingdon,2015,10.34,5.7775,8.98,3.2025000000000006,0.973749999999999,13.783750000000001,False,False,OK
E12000007,London,E09000018,Hounslow,2015,11.59,5.7775,8.98,3.2025000000000006,0.973749999999999,13.783750000000001,False,False,OK
E12000007,London,E09000019,Islington,2015,16.3,5.7775,8.98,3.2025000000000006,0.973749999999999,13.783750000000001,True,False,Statistical outlier
E12000007,London,E09000020,Kensington and Chelsea,2015,29.69,5.7775,8.98,3.2025000000000006,0.973749999999999,13.783750000000001,True,False,Statistical outlier
E12000007,London,E09000021,Kingston upon Thames,2015,10.88,5.7775,8.98,3.2025000000000006,0.973749999999999,13.783750000000001,False,False,OK
E12000007,London,E09000022,Lambeth,2015,13.53,5.7775,8.98,3.2025000000000006,0.973749999999999,13.783750000000001,False,False,OK
E12000007,London,E09000023,Lewisham,2015,10.88,5.7775,8.98,3.2025000000000006,0.973749999999999,13.783750000000001,False,False,OK
E12000007,London,E09000024,Merton,2015,11.98,5.7775,8.98,3.2025000000000006,0.973749999999999,13.783750000000001,False,False,OK
E12000007,London,E09000025,Newham,2015,10.78,5.7775,8.98,3.2025000000000006,0.973749999999999,13.783750000000001,False,False,OK
E12000007,London,E09000026,Redbridge,2015,9.51,5.7775,8.98,3.2025000000000006,0.973749999999999,13.783750000000001,False,False,OK
E12000007,London,E09000027,Richmond upon Thames,2015,14.28,5.7775,8.98,3.2025000000000006,0.973749999999999,13.783750000000001,True,False,Statistical outlier
E12000007,London,E09000028,Southwark,2015,13.56,5.7775,8.98,3.2025000000000006,0.973749999999999,13.783750000000001,False,False,OK
E12000007,London,E09000029,Sutton,2015,10.01,5.7775,8.98,3.2025000000000006,0.973749999999999,13.783750000000001,False,False,OK
E12000007,London,E09000030,Tower Hamlets,2015,11.88,5.7775,8.98,3.2025000000000006,0.973749999999999,13.783750000000001,False,False,OK
E12000007,London,E09000031,Waltham Forest,2015,12.13,5.7775,8.98,3.2025000000000006,0.973749999999999,13.783750000000001,False,False,OK
E12000007,London,E09000032,Wandsworth,2015,13.8,5.7775,8.98,3.2025000000000006,0.973749999999999,13.783750000000001,True,False,Statistical outlier
E12000007,London,E09000033,Westminster,2015,20.52,5.7775,8.98,3.2025000000000006,0.973749999999999,13.783750000000001,True,False,Statistical outlier
E12000008,South East,E06000035,Medway,2015,6.33,5.7775,8.98,3.2025000000000006,0.973749999999999,13.783750000000001,False,False,OK
E12000008,South East,E06000036,Bracknell Forest,2015,9.05,5.7775,8.98,3.2025000000000006,0.973749999999999,13.783750000000001,False,False,OK
E12000008,South East,E06000037,West Berkshire,2015,8.95,5.7775,8.98,3.2025000000000006,0.973749999999999,13.783750000000001,False,False,OK
E12000008,South East,E06000038,Reading,2015,8.43,5.7775,8.98,3.2025000000000006,0.973749999999999,13.783750000000001,False,False,OK
E12000008,South East,E06000039,Slough,2015,8.77,5.7775,8.98,3.2025000000000006,0.973749999999999,13.783750000000001,False,False,OK
E12000008,South East,E06000040,Windsor and Maidenhead,2015,11.16,5.7775,8.98,3.2025000000000006,0.973749999999999,13.783750000000001,False,False,OK
E12000008,South East,E06000041,Wokingham,2015,9.74,5.7775,8.98,3.2025000000000006,0.973749999999999,13.783750000000001,False,False,OK
E12000008,South East,E06000042,Milton Keynes,2015,8.12,5.7775,8.98,3.2025000000000006,0.973749999999999,13.783750000000001,False,False,OK
E12000008,South East,E06000043,Brighton and Hove,2015,10.43,5.7775,8.98,3.2025000000000006,0.973749999999999,13.783750000000001,False,False,OK
E12000008,South East,E06000044,Portsmouth,2015,6.41,5.7775,8.98,3.2025000000000006,0.973749999999999,13.783750000000001,False,False,OK
E12000008,South East,E06000045,Southampton,2015,6.92,5.7775,8.98,3.2025000000000006,0.973749999999999,13.783750000000001,False,False,OK
E12000008,South East,E06000046,Isle of Wight,2015,7.27,5.7775,8.98,3.2025000000000006,0.973749999999999,13.783750000000001,False,False,OK
E12000008,South East,E06000060,Buckinghamshire,2015,9.89,5.7775,8.98,3.2025000000000006,0.973749999999999,13.783750000000001,False,False,OK
E12000008,South East,E07000061,Eastbourne,2015,7.34,5.7775,8.98,3.2025000000000006,0.973749999999999,13.783750000000001,False,False,OK
E12000008,South East,E07000062,Hastings,2015,6.89,5.7775,8.98,3.2025000000000006,0.973749999999999,13.783750000000001,False,False,OK
E12000008,South East,E07000063,Lewes,2015,9.54,5.7775,8.98,3.2025000000000006,0.973749999999999,13.783750000000001,False,False,OK
E12000008,South East,E07000064,Rother,2015,9.45,5.7775,8.98,3.2025000000000006,0.973749999999999,13.783750000000001,False,False,OK
E12000008,South East,E07000065,Wealden,2015,8.78,5.7775,8.98,3.2025000000000006,0.973749999999999,13.783750000000001,False,False,OK
E12000008,South East,E07000084,Basingstoke and Deane,2015,7.74,5.7775,8.98,3.2025000000000006,0.973749999999999,13.783750000000001,False,False,OK
E12000008,South East,E07000085,East Hampshire,2015,10.51,5.7775,8.98,3.2025000000000006,0.973749999999999,13.783750000000001,False,False,OK
E12000008,South East,E07000086,Eastleigh,2015,7.95,5.7775,8.98,3.2025000000000006,0.973749999999999,13.783750000000001,False,False,OK
E12000008,South East,E07000087,Fareham,2015,8.06,5.7775,8.98,3.2025000000000006,0.973749999999999,13.783750000000001,False,False,OK
E12000008,South East,E07000088,Gosport,2015,6.03,5.7775,8.98,3.2025000000000006,0.973749999999999,13.783750000000001,False,False,OK
E12000008,South East,E07000089,Hart,2015,9.91,5.7775,8.98,3.2025000000000006,0.973749999999999,13.783750000000001,False,False,OK
E12000008,South East,E07000090,Havant,2015,8.1,5.7775,8.98,3.2025000000000006,0.973749999999999,13.783750000000001,False,False,OK
E12000008,South East,E07000091,New Forest,2015,10.04,5.7775,8.98,3.2025000000000006,0.973749999999999,13.783750000000001,False,False,OK
E12000008,South East,E07000092,Rushmoor,2015,8.76,5.7775,8.98,3.2025000000000006,0.973749999999999,13.783750000000001,False,False,OK
E12000008,South East,E07000093,Test Valley,2015,8.16,5.7775,8.98,3.2025000000000006,0.973749999999999,13.783750000000001,False,False,OK
E12000008,South East,E07000094,Winchester,2015,10.49,5.7775,8.98,3.2025000000000006,0.973749999999999,13.783750000000001,False,False,OK
E12000008,South East,E07000105,Ashford,2015,8.25,5.7775,8.98,3.2025000000000006,0.973749999999999,13.783750000000001,False,False,OK
E12000008,South East,E07000106,Canterbury,2015,7.47,5.7775,8.98,3.2025000000000006,0.973749999999999,13.783750000000001,False,False,OK
E12000008,South East,E07000107,Dartford,2015,8.48,5.7775,8.98,3.2025000000000006,0.973749999999999,13.783750000000001,False,False,OK
E12000008,South East,E07000108,Dover,2015,7.39,5.7775,8.98,3.2025000000000006,0.973749999999999,13.783750000000001,False,False,OK
E12000008,South East,E07000109,Gravesham,2015,7.74,5.7775,8.98,3.2025000000000006,0.973749999999999,13.783750000000001,False,False,OK
E12000008,South East,E07000110,Maidstone,2015,8.21,5.7775,8.98,3.2025000000000006,0.973749999999999,13.783750000000001,False,False,OK
E12000008,South East,E07000111,Sevenoaks,2015,11.39,5.7775,8.98,3.2025000000000006,0.973749999999999,13.783750000000001,False,False,OK
E12000008,South East,E07000112,Folkestone and Hythe,2015,7.09,5.7775,8.98,3.2025000000000006,0.973749999999999,13.783750000000001,False,False,OK
E12000008,South East,E07000113,Swale,2015,6.42,5.7775,8.98,3.2025000000000006,0.973749999999999,13.783750000000001,False,False,OK
E12000008,South East,E07000114,Thanet,2015,7.89,5.7775,8.98,3.2025000000000006,0.973749999999999,13.783750000000001,False,False,OK
E12000008,South East,E07000115,Tonbridge and Malling,2015,8.12,5.7775,8.98,3.2025000000000006,0.973749999999999,13.783750000000001,False,False,OK
E12000008,South East,E07000116,Tunbridge Wells,2015,8.54,5.7775,8.98,3.2025000000000006,0.973749999999999,13.783750000000001,False,False,OK
E12000008,South East,E07000177,Cherwell,2015,8.75,5.7775,8.98,3.2025000000000006,0.973749999999999,13.783750000000001,False,False,OK
E12000008,South East,E07000178,Oxford,2015,11.14,5.7775,8.98,3.2025000000000006,0.973749999999999,13.783750000000001,False,False,OK
E12000008,South East,E07000179,South Oxfordshire,2015,10.19,5.7775,8.98,3.2025000000000006,0.973749999999999,13.783750000000001,False,False,OK
E12000008,South East,E07000180,Vale of White Horse,2015,9.36,5.7775,8.98,3.2025000000000006,0.973749999999999,13.783750000000001,False,False,OK
E12000008,South East,E07000181,West Oxfordshire,2015,8.78,5.7775,8.98,3.2025000000000006,0.973749999999999,13.783750000000001,False,False,OK
E12000008,South East,E07000207,Elmbridge,2015,12.89,5.7775,8.98,3.2025000000000006,0.973749999999999,13.783750000000001,False,False,OK
E12000008,South East,E07000208,Epsom and Ewell,2015,11.45,5.7775,8.98,3.2025000000000006,0.973749999999999,13.783750000000001,False,False,OK
E12000008,South East,E07000209,Guildford,2015,10.9,5.7775,8.98,3.2025000000000006,0.973749999999999,13.783750000000001,False,False,OK
E12000008,South East,E07000210,Mole Valley,2015,13.57,5.7775,8.98,3.2025000000000006,0.973749999999999,13.783750000000001,False,False,OK
E12000008,South East,E07000211,Reigate and Banstead,2015,9.91,5.7775,8.98,3.2025000000000006,0.973749999999999,13.783750000000001,False,False,OK
E12000008,South East,E07000212,Runnymede,2015,10.55,5.7775,8.98,3.2025000000000006,0.973749999999999,13.783750000000001,False,False,OK
E12000008,South East,E07000213,Spelthorne,2015,9.39,5.7775,8.98,3.2025000000000006,0.973749999999999,13.783750000000001,False,False,OK
E12000008,South East,E07000214,Surrey Heath,2015,10.09,5.7775,8.98,3.2025000000000006,0.973749999999999,13.783750000000001,False,False,OK
E12000008,South East,E07000215,Tandridge,2015,11.85,5.7775,8.98,3.2025000000000006,0.973749999999999,13.783750000000001,False,False,OK
E12000008,South East,E07000216,Waverley,2015,10.37,5.7775,8.98,3.2025000000000006,0.973749999999999,13.783750000000001,False,False,OK
E12000008,South East,E07000217,Woking,2015,10.7,5.7775,8.98,3.2025000000000006,0.973749999999999,13.783750000000001,False,False,OK
E12000008,South East,E07000223,Adur,2015,10.31,5.7775,8.98,3.2025000000000006,0.973749999999999,13.783750000000001,False,False,OK
E12000008,South East,E07000224,Arun,2015,9.62,5.7775,8.98,3.2025000000000006,0.973749999999999,13.783750000000001,False,False,OK
E12000008,South East,E07000225,Chichester,2015,11.11,5.7775,8.98,3.2025000000000006,0.973749999999999,13.783750000000001,False,False,OK
E12000008,South East,E07000226,Crawley,2015,8.63,5.7775,8.98,3.2025000000000006,0.973749999999999,13.783750000000001,False,False,OK
E12000008,South East,E07000227,Horsham,2015,10.23,5.7775,8.98,3.2025000000000006,0.973749999999999,13.783750000000001,False,False,OK
E12000008,South East,E07000228,Mid Sussex,2015,9.93,5.7775,8.98,3.2025000000000006,0.973749999999999,13.783750000000001,False,False,OK
E12000008,South East,E07000229,Worthing,2015,9.04,5.7775,8.98,3.2025000000000006,0.973749999999999,13.783750000000001,False,False,OK
E12000009,South West,E06000022,Bath and North East Somerset,2015,9.52,5.7775,8.98,3.2025000000000006,0.973749999999999,13.783750000000001,False,False,OK
E12000009,South West,E06000023,"Bristol, City of",2015,7.62,5.7775,8.98,3.2025000000000006,0.973749999999999,13.783750000000001,False,False,OK
E12000009,South West,E06000024,North Somerset,2015,7.29,5.7775,8.98,3.2025000000000006,0.973749999999999,13.783750000000001,False,False,OK
E12000009,South West,E06000025,South Gloucestershire,2015,7.65,5.7775,8.98,3.2025000000000006,0.973749999999999,13.783750000000001,False,False,OK
E12000009,South West,E06000026,Plymouth,2015,6.48,5.7775,8.98,3.2025000000000006,0.973749999999999,13.783750000000001,False,False,OK
E12000009,South West,E06000027,Torbay,2015,7.82,5.7775,8.98,3.2025000000000006,0.973749999999999,13.783750000000001,False,False,OK
E12000009,South West,E06000030,Swindon,2015,6.22,5.7775,8.98,3.2025000000000006,0.973749999999999,13.783750000000001,False,False,OK
E12000009,South West,E06000052,Cornwall,2015,8.58,5.7775,8.98,3.2025000000000006,0.973749999999999,13.783750000000001,False,False,OK
E12000009,South West,E06000053,Isles of Scilly,2015,,5.7775,8.98,3.2025000000000006,0.973749999999999,13.783750000000001,False,True,Missing ratio value
E12000009,South West,E06000054,Wiltshire,2015,8.32,5.7775,8.98,3.2025000000000006,0.973749999999999,13.783750000000001,False,False,OK
E12000009,South West,E06000058,"Bournemouth, Christchurch and Poole",2015,8.73,5.7775,8.98,3.2025000000000006,0.973749999999999,13.783750000000001,False,False,OK
E12000009,South West,E06000059,Dorset,2015,9.33,5.7775,8.98,3.2025000000000006,0.973749999999999,13.783750000000001,False,False,OK
E12000009,South West,E06000066,Somerset,2015,7.6,5.7775,8.98,3.2025000000000006,0.973749999999999,13.783750000000001,False,False,OK
E12000009,South West,E07000040,East Devon,2015,9.44,5.7775,8.98,3.2025000000000006,0.973749999999999,13.783750000000001,False,False,OK
E12000009,South West,E07000041,Exeter,2015,8.97,5.7775,8.98,3.2025000000000006,0.973749999999999,13.783750000000001,False,False,OK
E12000009,South West,E07000042,Mid Devon,2015,8.09,5.7775,8.98,3.2025000000000006,0.973749999999999,13.783750000000001,False,False,OK
E12000009,South West,E07000043,North Devon,2015,9.54,5.7775,8.98,3.2025000000000006,0.973749999999999,13.783750000000001,False,False,OK
E12000009,South West,E07000044,South Hams,2015,9.78,5.7775,8.98,3.2025000000000006,0.973749999999999,13.783750000000001,False,False,OK
E12000009,South West,E07000045,Teignbridge,2015,8.83,5.7775,8.98,3.2025000000000006,0.973749999999999,13.783750000000001,False,False,OK
E12000009,South West,E07000046,Torridge,2015,8.36,5.7775,8.98,3.2025000000000006,0.973749999999999,13.783750000000001,False,False,OK
E12000009,South West,E07000047,West Devon,2015,8.14,5.7775,8.98,3.2025000000000006,0.973749999999999,13.783750000000001,False,False,OK
E12000009,South West,E07000078,Cheltenham,2015,7.55,5.7775,8.98,3.2025000000000006,0.973749999999999,13.783750000000001,False,False,OK
E12000009,South West,E07000079,Cotswold,2015,11.02,5.7775,8.98,3.2025000000000006,0.973749999999999,13.783750000000001,False,False,OK
E12000009,South West,E07000080,Forest of Dean,2015,6.69,5.7775,8.98,3.2025000000000006,0.973749999999999,13.783750000000001,False,False,OK
E12000009,South West,E07000081,Gloucester,2015,6.57,5.7775,8.98,3.2025000000000006,0.973749999999999,13.783750000000001,False,False,OK
E12000009,South West,E07000082,Stroud,2015,8.04,5.7775,8.98,3.2025000000000006,0.973749999999999,13.783750000000001,False,False,OK
E12000009,South West,E07000083,Tewkesbury,2015,7.33,5.7775,8.98,3.2025000000000006,0.973749999999999,13.783750000000001,False,False,OK
W92000004,Wales,W06000001,Isle of Anglesey,2015,6.49,5.7775,8.98,3.2025000000000006,0.973749999999999,13.783750000000001,False,False,OK
W92000004,Wales,W06000002,Gwynedd,2015,6.4,5.7775,8.98,3.2025000000000006,0.973749999999999,13.783750000000001,False,False,OK
W92000004,Wales,W06000003,Conwy,2015,5.39,5.7775,8.98,3.2025000000000006,0.973749999999999,13.783750000000001,False,False,OK
W92000004,Wales,W06000004,Denbighshire,2015,6.09,5.7775,8.98,3.2025000000000006,0.973749999999999,13.783750000000001,False,False,OK
W92000004,Wales,W06000005,Flintshire,2015,5.5,5.7775,8.98,3.2025000000000006,0.973749999999999,13.783750000000001,False,False,OK
W92000004,Wales,W06000006,Wrexham,2015,5.34,5.7775,8.98,3.2025000000000006,0.973749999999999,13.783750000000001,False,False,OK
W92000004,Wales,W06000008,Ceredigion,2015,7.66,5.7775,8.98,3.2025000000000006,0.973749999999999,13.783750000000001,False,False,OK
W92000004,Wales,W06000009,Pembrokeshire,2015,6.8,5.7775,8.98,3.2025000000000006,0.973749999999999,13.783750000000001,False,False,OK
W92000004,Wales,W06000010,Carmarthenshire,2015,5.34,5.7775,8.98,3.2025000000000006,0.973749999999999,13.783750000000001,False,False,OK
W92000004,Wales,W06000011,Swansea,2015,5.34,5.7775,8.98,3.2025000000000006,0.973749999999999,13.783750000000001,False,False,OK
W92000004,Wales,W06000012,Neath Port Talbot,2015,4.12,5.7775,8.98,3.2025000000000006,0.973749999999999,13.783750000000001,False,False,OK
W92000004,Wales,W06000013,Bridgend,2015,5.25,5.7775,8.98,3.2025000000000006,0.973749999999999,13.783750000000001,False,False,OK
W92000004,Wales,W06000014,Vale of Glamorgan,2015,6.62,5.7775,8.98,3.2025000000000006,0.973749999999999,13.783750000000001,False,False,OK
W92000004,Wales,W06000015,Cardiff,2015,6.37,5.7775,8.98,3.2025000000000006,0.973749999999999,13.783750000000001,False,False,OK
W92000004,Wales,W06000016,Rhondda Cynon Taf,2015,4.14,5.7775,8.98,3.2025000000000006,0.973749999999999,13.783750000000001,False,False,OK
W92000004,Wales,W06000018,Caerphilly,2015,4.89,5.7775,8.98,3.2025000000000006,0.973749999999999,13.783750000000001,False,False,OK
W92000004,Wales,W06000019,Blaenau Gwent,2015,3.39,5.7775,8.98,3.2025000000000006,0.973749999999999,13.783750000000001,False,False,OK
W92000004,Wales,W06000020,Torfaen,2015,4.85,5.7775,8.98,3.2025000000000006,0.973749999999999,13.783750000000001,False,False,OK
W92000004,Wales,W06000021,Monmouthshire,2015,6.86,5.7775,8.98,3.2025000000000006,0.973749999999999,13.783750000000001,False,False,OK
W92000004,Wales,W06000022,Newport,2015,5.82,5.7775,8.98,3.2025000000000006,0.973749999999999,13.783750000000001,False,False,OK
W92000004,Wales,W06000023,Powys,2015,6.64,5.7775,8.98,3.2025000000000006,0.973749999999999,13.783750000000001,False,False,OK
W92000004,Wales,W06000024,Merthyr Tydfil,2015,4.08,5.7775,8.98,3.2025000000000006,0.973749999999999,13.783750000000001,False,False,OK
E12000001,North East,E06000001,Hartlepool,2016,4.62,5.89,9.76,3.87,0.08499999999999996,15.565,False,False,OK
E12000001,North East,E06000002,Middlesbrough,2016,5.25,5.89,9.76,3.87,0.08499999999999996,15.565,False,False,OK
E12000001,North East,E06000003,Redcar and Cleveland,2016,5.33,5.89,9.76,3.87,0.08499999999999996,15.565,False,False,OK
E12000001,North East,E06000004,Stockton-on-Tees,2016,4.86,5.89,9.76,3.87,0.08499999999999996,15.565,False,False,OK
E12000001,North East,E06000005,Darlington,2016,4.83,5.89,9.76,3.87,0.08499999999999996,15.565,False,False,OK
E12000001,North East,E06000047,County Durham,2016,4.44,5.89,9.76,3.87,0.08499999999999996,15.565,False,False,OK
E12000001,North East,E06000057,Northumberland,2016,5.95,5.89,9.76,3.87,0.08499999999999996,15.565,False,False,OK
E12000001,North East,E08000021,Newcastle upon Tyne,2016,5.83,5.89,9.76,3.87,0.08499999999999996,15.565,False,False,OK
E12000001,North East,E08000022,North Tyneside,2016,5.94,5.89,9.76,3.87,0.08499999999999996,15.565,False,False,OK
E12000001,North East,E08000023,South Tyneside,2016,5.56,5.89,9.76,3.87,0.08499999999999996,15.565,False,False,OK
E12000001,North East,E08000024,Sunderland,2016,4.77,5.89,9.76,3.87,0.08499999999999996,15.565,False,False,OK
E12000001,North East,E08000037,Gateshead,2016,5.19,5.89,9.76,3.87,0.08499999999999996,15.565,False,False,OK
E12000002,North West,E06000006,Halton,2016,5.34,5.89,9.76,3.87,0.08499999999999996,15.565,False,False,OK
E12000002,North West,E06000007,Warrington,2016,6.0,5.89,9.76,3.87,0.08499999999999996,15.565,False,False,OK
E12000002,North West,E06000008,Blackburn with Darwen,2016,4.57,5.89,9.76,3.87,0.08499999999999996,15.565,False,False,OK
E12000002,North West,E06000009,Blackpool,2016,4.9,5.89,9.76,3.87,0.08499999999999996,15.565,False,False,OK
E12000002,North West,E06000049,Cheshire East,2016,7.02,5.89,9.76,3.87,0.08499999999999996,15.565,False,False,OK
E12000002,North West,E06000050,Cheshire West and Chester,2016,6.42,5.89,9.76,3.87,0.08499999999999996,15.565,False,False,OK
E12000002,North West,E06000063,Cumberland,2016,5.0,5.89,9.76,3.87,0.08499999999999996,15.565,False,False,OK
E12000002,North West,E06000064,Westmorland and Furness,2016,6.26,5.89,9.76,3.87,0.08499999999999996,15.565,False,False,OK
E12000002,North West,E07000117,Burnley,2016,3.69,5.89,9.76,3.87,0.08499999999999996,15.565,False,False,OK
E12000002,North West,E07000118,Chorley,2016,5.93,5.89,9.76,3.87,0.08499999999999996,15.565,False,False,OK
E12000002,North West,E07000119,Fylde,2016,7.04,5.89,9.76,3.87,0.08499999999999996,15.565,False,False,OK
E12000002,North West,E07000120,Hyndburn,2016,4.25,5.89,9.76,3.87,0.08499999999999996,15.565,False,False,OK
E12000002,North West,E07000121,Lancaster,2016,5.45,5.89,9.76,3.87,0.08499999999999996,15.565,False,False,OK
E12000002,North West,E07000122,Pendle,2016,3.95,5.89,9.76,3.87,0.08499999999999996,15.565,False,False,OK
E12000002,North West,E07000123,Preston,2016,5.26,5.89,9.76,3.87,0.08499999999999996,15.565,False,False,OK
E12000002,North West,E07000124,Ribble Valley,2016,7.37,5.89,9.76,3.87,0.08499999999999996,15.565,False,False,OK
E12000002,North West,E07000125,Rossendale,2016,5.12,5.89,9.76,3.87,0.08499999999999996,15.565,False,False,OK
E12000002,North West,E07000126,South Ribble,2016,5.77,5.89,9.76,3.87,0.08499999999999996,15.565,False,False,OK
E12000002,North West,E07000127,West Lancashire,2016,6.48,5.89,9.76,3.87,0.08499999999999996,15.565,False,False,OK
E12000002,North West,E07000128,Wyre,2016,5.89,5.89,9.76,3.87,0.08499999999999996,15.565,False,False,OK
E12000002,North West,E08000001,Bolton,2016,5.04,5.89,9.76,3.87,0.08499999999999996,15.565,False,False,OK
E12000002,North West,E08000002,Bury,2016,5.34,5.89,9.76,3.87,0.08499999999999996,15.565,False,False,OK
E12000002,North West,E08000003,Manchester,2016,6.12,5.89,9.76,3.87,0.08499999999999996,15.565,False,False,OK
E12000002,North West,E08000004,Oldham,2016,5.07,5.89,9.76,3.87,0.08499999999999996,15.565,False,False,OK
E12000002,North West,E08000005,Rochdale,2016,5.12,5.89,9.76,3.87,0.08499999999999996,15.565,False,False,OK
E12000002,North West,E08000006,Salford,2016,5.4,5.89,9.76,3.87,0.08499999999999996,15.565,False,False,OK
E12000002,North West,E08000007,Stockport,2016,6.91,5.89,9.76,3.87,0.08499999999999996,15.565,False,False,OK
E12000002,North West,E08000008,Tameside,2016,5.44,5.89,9.76,3.87,0.08499999999999996,15.565,False,False,OK
E12000002,North West,E08000009,Trafford,2016,6.75,5.89,9.76,3.87,0.08499999999999996,15.565,False,False,OK
E12000002,North West,E08000010,Wigan,2016,4.61,5.89,9.76,3.87,0.08499999999999996,15.565,False,False,OK
E12000002,North West,E08000011,Knowsley,2016,4.77,5.89,9.76,3.87,0.08499999999999996,15.565,False,False,OK
E12000002,North West,E08000012,Liverpool,2016,4.62,5.89,9.76,3.87,0.08499999999999996,15.565,False,False,OK
E12000002,North West,E08000013,St. Helens,2016,4.92,5.89,9.76,3.87,0.08499999999999996,15.565,False,False,OK
E12000002,North West,E08000014,Sefton,2016,6.21,5.89,9.76,3.87,0.08499999999999996,15.565,False,False,OK
E12000002,North West,E08000015,Wirral,2016,5.32,5.89,9.76,3.87,0.08499999999999996,15.565,False,False,OK
E12000003,Yorkshire and The Humber,E06000010,"Kingston upon Hull, City of",2016,4.45,5.89,9.76,3.87,0.08499999999999996,15.565,False,False,OK
E12000003,Yorkshire and The Humber,E06000011,East Riding of Yorkshire,2016,5.93,5.89,9.76,3.87,0.08499999999999996,15.565,False,False,OK
E12000003,Yorkshire and The Humber,E06000012,North East Lincolnshire,2016,4.66,5.89,9.76,3.87,0.08499999999999996,15.565,False,False,OK
E12000003,Yorkshire and The Humber,E06000013,North Lincolnshire,2016,4.54,5.89,9.76,3.87,0.08499999999999996,15.565,False,False,OK
E12000003,Yorkshire and The Humber,E06000014,York,2016,8.3,5.89,9.76,3.87,0.08499999999999996,15.565,False,False,OK
E12000003,Yorkshire and The Humber,E06000065,North Yorkshire,2016,7.32,5.89,9.76,3.87,0.08499999999999996,15.565,False,False,OK
E12000003,Yorkshire and The Humber,E08000017,Doncaster,2016,5.08,5.89,9.76,3.87,0.08499999999999996,15.565,False,False,OK
E12000003,Yorkshire and The Humber,E08000018,Rotherham,2016,5.43,5.89,9.76,3.87,0.08499999999999996,15.565,False,False,OK
E12000003,Yorkshire and The Humber,E08000032,Bradford,2016,5.29,5.89,9.76,3.87,0.08499999999999996,15.565,False,False,OK
E12000003,Yorkshire and The Humber,E08000033,Calderdale,2016,4.86,5.89,9.76,3.87,0.08499999999999996,15.565,False,False,OK
E12000003,Yorkshire and The Humber,E08000034,Kirklees,2016,5.47,5.89,9.76,3.87,0.08499999999999996,15.565,False,False,OK
E12000003,Yorkshire and The Humber,E08000035,Leeds,2016,5.84,5.89,9.76,3.87,0.08499999999999996,15.565,False,False,OK
E12000003,Yorkshire and The Humber,E08000036,Wakefield,2016,5.6,5.89,9.76,3.87,0.08499999999999996,15.565,False,False,OK
E12000003,Yorkshire and The Humber,E08000038,Barnsley,2016,4.81,5.89,9.76,3.87,0.08499999999999996,15.565,False,False,OK
E12000003,Yorkshire and The Humber,E08000039,Sheffield,2016,5.37,5.89,9.76,3.87,0.08499999999999996,15.565,False,False,OK
E12000004,East Midlands,E06000015,Derby,2016,5.04,5.89,9.76,3.87,0.08499999999999996,15.565,False,False,OK
E12000004,East Midlands,E06000016,Leicester,2016,6.41,5.89,9.76,3.87,0.08499999999999996,15.565,False,False,OK
E12000004,East Midlands,E06000017,Rutland,2016,8.62,5.89,9.76,3.87,0.08499999999999996,15.565,False,False,OK
E12000004,East Midlands,E06000018,Nottingham,2016,5.14,5.89,9.76,3.87,0.08499999999999996,15.565,False,False,OK
E12000004,East Midlands,E06000061,North Northamptonshire,2016,6.46,5.89,9.76,3.87,0.08499999999999996,15.565,False,False,OK
E12000004,East Midlands,E06000062,West Northamptonshire,2016,7.74,5.89,9.76,3.87,0.08499999999999996,15.565,False,False,OK
E12000004,East Midlands,E07000032,Amber Valley,2016,5.57,5.89,9.76,3.87,0.08499999999999996,15.565,False,False,OK
E12000004,East Midlands,E07000033,Bolsover,2016,4.87,5.89,9.76,3.87,0.08499999999999996,15.565,False,False,OK
E12000004,East Midlands,E07000034,Chesterfield,2016,5.24,5.89,9.76,3.87,0.08499999999999996,15.565,False,False,OK
E12000004,East Midlands,E07000035,Derbyshire Dales,2016,7.55,5.89,9.76,3.87,0.08499999999999996,15.565,False,False,OK
E12000004,East Midlands,E07000036,Erewash,2016,5.09,5.89,9.76,3.87,0.08499999999999996,15.565,False,False,OK
E12000004,East Midlands,E07000037,High Peak,2016,6.65,5.89,9.76,3.87,0.08499999999999996,15.565,False,False,OK
E12000004,East Midlands,E07000038,North East Derbyshire,2016,5.93,5.89,9.76,3.87,0.08499999999999996,15.565,False,False,OK
E12000004,East Midlands,E07000039,South Derbyshire,2016,5.97,5.89,9.76,3.87,0.08499999999999996,15.565,False,False,OK
E12000004,East Midlands,E07000129,Blaby,2016,6.35,5.89,9.76,3.87,0.08499999999999996,15.565,False,False,OK
E12000004,East Midlands,E07000130,Charnwood,2016,6.61,5.89,9.76,3.87,0.08499999999999996,15.565,False,False,OK
E12000004,East Midlands,E07000131,Harborough,2016,7.26,5.89,9.76,3.87,0.08499999999999996,15.565,False,False,OK
E12000004,East Midlands,E07000132,Hinckley and Bosworth,2016,6.63,5.89,9.76,3.87,0.08499999999999996,15.565,False,False,OK
E12000004,East Midlands,E07000133,Melton,2016,7.26,5.89,9.76,3.87,0.08499999999999996,15.565,False,False,OK
E12000004,East Midlands,E07000134,North West Leicestershire,2016,6.93,5.89,9.76,3.87,0.08499999999999996,15.565,False,False,OK
E12000004,East Midlands,E07000135,Oadby and Wigston,2016,7.38,5.89,9.76,3.87,0.08499999999999996,15.565,False,False,OK
E12000004,East Midlands,E07000136,Boston,2016,6.48,5.89,9.76,3.87,0.08499999999999996,15.565,False,False,OK
E12000004,East Midlands,E07000137,East Lindsey,2016,5.92,5.89,9.76,3.87,0.08499999999999996,15.565,False,False,OK
E12000004,East Midlands,E07000138,Lincoln,2016,5.52,5.89,9.76,3.87,0.08499999999999996,15.565,False,False,OK
E12000004,East Midlands,E07000139,North Kesteven,2016,6.71,5.89,9.76,3.87,0.08499999999999996,15.565,False,False,OK
E12000004,East Midlands,E07000140,South Holland,2016,6.33,5.89,9.76,3.87,0.08499999999999996,15.565,False,False,OK
E12000004,East Midlands,E07000141,South Kesteven,2016,7.5,5.89,9.76,3.87,0.08499999999999996,15.565,False,False,OK
E12000004,East Midlands,E07000142,West Lindsey,2016,5.89,5.89,9.76,3.87,0.08499999999999996,15.565,False,False,OK
E12000004,East Midlands,E07000170,Ashfield,2016,5.36,5.89,9.76,3.87,0.08499999999999996,15.565,False,False,OK
E12000004,East Midlands,E07000171,Bassetlaw,2016,5.14,5.89,9.76,3.87,0.08499999999999996,15.565,False,False,OK
E12000004,East Midlands,E07000172,Broxtowe,2016,5.22,5.89,9.76,3.87,0.08499999999999996,15.565,False,False,OK
E12000004,East Midlands,E07000173,Gedling,2016,5.51,5.89,9.76,3.87,0.08499999999999996,15.565,False,False,OK
E12000004,East Midlands,E07000174,Mansfield,2016,5.64,5.89,9.76,3.87,0.08499999999999996,15.565,False,False,OK
E12000004,East Midlands,E07000175,Newark and Sherwood,2016,6.33,5.89,9.76,3.87,0.08499999999999996,15.565,False,False,OK
E12000004,East Midlands,E07000176,Rushcliffe,2016,7.12,5.89,9.76,3.87,0.08499999999999996,15.565,False,False,OK
E12000005,West Midlands,E06000019,"Herefordshire, County of",2016,8.1,5.89,9.76,3.87,0.08499999999999996,15.565,False,False,OK
E12000005,West Midlands,E06000020,Telford and Wrekin,2016,6.24,5.89,9.76,3.87,0.08499999999999996,15.565,False,False,OK
E12000005,West Midlands,E06000021,Stoke-on-Trent,2016,4.61,5.89,9.76,3.87,0.08499999999999996,15.565,False,False,OK
E12000005,West Midlands,E06000051,Shropshire,2016,7.12,5.89,9.76,3.87,0.08499999999999996,15.565,False,False,OK
E12000005,West Midlands,E07000192,Cannock Chase,2016,5.55,5.89,9.76,3.87,0.08499999999999996,15.565,False,False,OK
E12000005,West Midlands,E07000193,East Staffordshire,2016,5.98,5.89,9.76,3.87,0.08499999999999996,15.565,False,False,OK
E12000005,West Midlands,E07000194,Lichfield,2016,6.62,5.89,9.76,3.87,0.08499999999999996,15.565,False,False,OK
E12000005,West Midlands,E07000195,Newcastle-under-Lyme,2016,5.22,5.89,9.76,3.87,0.08499999999999996,15.565,False,False,OK
E12000005,West Midlands,E07000196,South Staffordshire,2016,6.86,5.89,9.76,3.87,0.08499999999999996,15.565,False,False,OK
E12000005,West Midlands,E07000197,Stafford,2016,6.43,5.89,9.76,3.87,0.08499999999999996,15.565,False,False,OK
E12000005,West Midlands,E07000198,Staffordshire Moorlands,2016,5.64,5.89,9.76,3.87,0.08499999999999996,15.565,False,False,OK
E12000005,West Midlands,E07000199,Tamworth,2016,6.44,5.89,9.76,3.87,0.08499999999999996,15.565,False,False,OK
E12000005,West Midlands,E07000218,North Warwickshire,2016,6.17,5.89,9.76,3.87,0.08499999999999996,15.565,False,False,OK
E12000005,West Midlands,E07000219,Nuneaton and Bedworth,2016,5.99,5.89,9.76,3.87,0.08499999999999996,15.565,False,False,OK
E12000005,West Midlands,E07000220,Rugby,2016,6.82,5.89,9.76,3.87,0.08499999999999996,15.565,False,False,OK
E12000005,West Midlands,E07000221,Stratford-on-Avon,2016,9.25,5.89,9.76,3.87,0.08499999999999996,15.565,False,False,OK
E12000005,West Midlands,E07000222,Warwick,2016,8.73,5.89,9.76,3.87,0.08499999999999996,15.565,False,False,OK
E12000005,West Midlands,E07000234,Bromsgrove,2016,8.07,5.89,9.76,3.87,0.08499999999999996,15.565,False,False,OK
E12000005,West Midlands,E07000235,Malvern Hills,2016,9.02,5.89,9.76,3.87,0.08499999999999996,15.565,False,False,OK
E12000005,West Midlands,E07000236,Redditch,2016,7.66,5.89,9.76,3.87,0.08499999999999996,15.565,False,False,OK
E12000005,West Midlands,E07000237,Worcester,2016,6.88,5.89,9.76,3.87,0.08499999999999996,15.565,False,False,OK
E12000005,West Midlands,E07000238,Wychavon,2016,8.74,5.89,9.76,3.87,0.08499999999999996,15.565,False,False,OK
E12000005,West Midlands,E07000239,Wyre Forest,2016,6.41,5.89,9.76,3.87,0.08499999999999996,15.565,False,False,OK
E12000005,West Midlands,E08000025,Birmingham,2016,5.77,5.89,9.76,3.87,0.08499999999999996,15.565,False,False,OK
E12000005,West Midlands,E08000026,Coventry,2016,5.47,5.89,9.76,3.87,0.08499999999999996,15.565,False,False,OK
E12000005,West Midlands,E08000027,Dudley,2016,5.59,5.89,9.76,3.87,0.08499999999999996,15.565,False,False,OK
E12000005,West Midlands,E08000028,Sandwell,2016,5.45,5.89,9.76,3.87,0.08499999999999996,15.565,False,False,OK
E12000005,West Midlands,E08000029,Solihull,2016,7.65,5.89,9.76,3.87,0.08499999999999996,15.565,False,False,OK
E12000005,West Midlands,E08000030,Walsall,2016,5.73,5.89,9.76,3.87,0.08499999999999996,15.565,False,False,OK
E12000005,West Midlands,E08000031,Wolverhampton,2016,5.8,5.89,9.76,3.87,0.08499999999999996,15.565,False,False,OK
E12000006,East of England,E06000031,Peterborough,2016,6.46,5.89,9.76,3.87,0.08499999999999996,15.565,False,False,OK
E12000006,East of England,E06000032,Luton,2016,8.12,5.89,9.76,3.87,0.08499999999999996,15.565,False,False,OK
E12000006,East of England,E06000033,Southend-on-Sea,2016,7.94,5.89,9.76,3.87,0.08499999999999996,15.565,False,False,OK
E12000006,East of England,E06000034,Thurrock,2016,8.43,5.89,9.76,3.87,0.08499999999999996,15.565,False,False,OK
E12000006,East of England,E06000055,Bedford,2016,8.05,5.89,9.76,3.87,0.08499999999999996,15.565,False,False,OK
E12000006,East of England,E06000056,Central Bedfordshire,2016,8.21,5.89,9.76,3.87,0.08499999999999996,15.565,False,False,OK
E12000006,East of England,E07000008,Cambridge,2016,13.38,5.89,9.76,3.87,0.08499999999999996,15.565,False,False,OK
E12000006,East of England,E07000009,East Cambridgeshire,2016,8.85,5.89,9.76,3.87,0.08499999999999996,15.565,False,False,OK
E12000006,East of England,E07000010,Fenland,2016,6.05,5.89,9.76,3.87,0.08499999999999996,15.565,False,False,OK
E12000006,East of England,E07000011,Huntingdonshire,2016,7.64,5.89,9.76,3.87,0.08499999999999996,15.565,False,False,OK
E12000006,East of England,E07000012,South Cambridgeshire,2016,9.48,5.89,9.76,3.87,0.08499999999999996,15.565,False,False,OK
E12000006,East of England,E07000066,Basildon,2016,8.51,5.89,9.76,3.87,0.08499999999999996,15.565,False,False,OK
E12000006,East of England,E07000067,Braintree,2016,7.94,5.89,9.76,3.87,0.08499999999999996,15.565,False,False,OK
E12000006,East of England,E07000068,Brentwood,2016,9.3,5.89,9.76,3.87,0.08499999999999996,15.565,False,False,OK
E12000006,East of England,E07000069,Castle Point,2016,9.32,5.89,9.76,3.87,0.08499999999999996,15.565,False,False,OK
E12000006,East of England,E07000070,Chelmsford,2016,9.43,5.89,9.76,3.87,0.08499999999999996,15.565,False,False,OK
E12000006,East of England,E07000071,Colchester,2016,7.92,5.89,9.76,3.87,0.08499999999999996,15.565,False,False,OK
E12000006,East of England,E07000072,Epping Forest,2016,11.34,5.89,9.76,3.87,0.08499999999999996,15.565,False,False,OK
E12000006,East of England,E07000073,Harlow,2016,9.45,5.89,9.76,3.87,0.08499999999999996,15.565,False,False,OK
E12000006,East of England,E07000074,Maldon,2016,7.98,5.89,9.76,3.87,0.08499999999999996,15.565,False,False,OK
E12000006,East of England,E07000075,Rochford,2016,8.56,5.89,9.76,3.87,0.08499999999999996,15.565,False,False,OK
E12000006,East of England,E07000076,Tendring,2016,7.17,5.89,9.76,3.87,0.08499999999999996,15.565,False,False,OK
E12000006,East of England,E07000077,Uttlesford,2016,10.1,5.89,9.76,3.87,0.08499999999999996,15.565,False,False,OK
E12000006,East of England,E07000095,Broxbourne,2016,10.15,5.89,9.76,3.87,0.08499999999999996,15.565,False,False,OK
E12000006,East of England,E07000096,Dacorum,2016,9.93,5.89,9.76,3.87,0.08499999999999996,15.565,False,False,OK
E12000006,East of England,E07000098,Hertsmere,2016,14.23,5.89,9.76,3.87,0.08499999999999996,15.565,False,False,OK
E12000006,East of England,E07000099,North Hertfordshire,2016,8.97,5.89,9.76,3.87,0.08499999999999996,15.565,False,False,OK
E12000006,East of England,E07000102,Three Rivers,2016,13.73,5.89,9.76,3.87,0.08499999999999996,15.565,False,False,OK
E12000006,East of England,E07000103,Watford,2016,9.91,5.89,9.76,3.87,0.08499999999999996,15.565,False,False,OK
E12000006,East of England,E07000143,Breckland,2016,8.06,5.89,9.76,3.87,0.08499999999999996,15.565,False,False,OK
E12000006,East of England,E07000144,Broadland,2016,7.99,5.89,9.76,3.87,0.08499999999999996,15.565,False,False,OK
E12000006,East of England,E07000145,Great Yarmouth,2016,6.24,5.89,9.76,3.87,0.08499999999999996,15.565,False,False,OK
E12000006,East of England,E07000146,King's Lynn and West Norfolk,2016,6.91,5.89,9.76,3.87,0.08499999999999996,15.565,False,False,OK
E12000006,East of England,E07000147,North Norfolk,2016,9.46,5.89,9.76,3.87,0.08499999999999996,15.565,False,False,OK
E12000006,East of England,E07000148,Norwich,2016,6.8,5.89,9.76,3.87,0.08499999999999996,15.565,False,False,OK
E12000006,East of England,E07000149,South Norfolk,2016,7.52,5.89,9.76,3.87,0.08499999999999996,15.565,False,False,OK
E12000006,East of England,E07000200,Babergh,2016,8.78,5.89,9.76,3.87,0.08499999999999996,15.565,False,False,OK
E12000006,East of England,E07000202,Ipswich,2016,6.15,5.89,9.76,3.87,0.08499999999999996,15.565,False,False,OK
E12000006,East of England,E07000203,Mid Suffolk,2016,8.38,5.89,9.76,3.87,0.08499999999999996,15.565,False,False,OK
E12000006,East of England,E07000240,St Albans,2016,12.65,5.89,9.76,3.87,0.08499999999999996,15.565,False,False,OK
E12000006,East of England,E07000241,Welwyn Hatfield,2016,11.17,5.89,9.76,3.87,0.08499999999999996,15.565,False,False,OK
E12000006,East of England,E07000242,East Hertfordshire,2016,10.2,5.89,9.76,3.87,0.08499999999999996,15.565,False,False,OK
E12000006,East of England,E07000243,Stevenage,2016,8.67,5.89,9.76,3.87,0.08499999999999996,15.565,False,False,OK
E12000006,East of England,E07000244,East Suffolk,2016,7.56,5.89,9.76,3.87,0.08499999999999996,15.565,False,False,OK
E12000006,East of England,E07000245,West Suffolk,2016,8.23,5.89,9.76,3.87,0.08499999999999996,15.565,False,False,OK
E12000007,London,E09000001,City of London,2016,14.83,5.89,9.76,3.87,0.08499999999999996,15.565,False,False,OK
E12000007,London,E09000002,Barking and Dagenham,2016,9.89,5.89,9.76,3.87,0.08499999999999996,15.565,False,False,OK
E12000007,London,E09000003,Barnet,2016,14.05,5.89,9.76,3.87,0.08499999999999996,15.565,False,False,OK
E12000007,London,E09000004,Bexley,2016,9.44,5.89,9.76,3.87,0.08499999999999996,15.565,False,False,OK
E12000007,London,E09000005,Brent,2016,15.21,5.89,9.76,3.87,0.08499999999999996,15.565,False,False,OK
E12000007,London,E09000006,Bromley,2016,10.86,5.89,9.76,3.87,0.08499999999999996,15.565,False,False,OK
E12000007,London,E09000007,Camden,2016,18.51,5.89,9.76,3.87,0.08499999999999996,15.565,True,False,Statistical outlier
E12000007,London,E09000008,Croydon,2016,10.18,5.89,9.76,3.87,0.08499999999999996,15.565,False,False,OK
E12000007,London,E09000009,Ealing,2016,14.73,5.89,9.76,3.87,0.08499999999999996,15.565,False,False,OK
E12000007,London,E09000010,Enfield,2016,12.16,5.89,9.76,3.87,0.08499999999999996,15.565,False,False,OK
E12000007,London,E09000011,Greenwich,2016,11.87,5.89,9.76,3.87,0.08499999999999996,15.565,False,False,OK
E12000007,London,E09000012,Hackney,2016,16.67,5.89,9.76,3.87,0.08499999999999996,15.565,True,False,Statistical outlier
E12000007,London,E09000013,Hammersmith and Fulham,2016,19.21,5.89,9.76,3.87,0.08499999999999996,15.565,True,False,Statistical outlier
E12000007,London,E09000014,Haringey,2016,14.96,5.89,9.76,3.87,0.08499999999999996,15.565,False,False,OK
E12000007,London,E09000015,Harrow,2016,13.29,5.89,9.76,3.87,0.08499999999999996,15.565,False,False,OK
E12000007,London,E09000016,Havering,2016,9.78,5.89,9.76,3.87,0.08499999999999996,15.565,False,False,OK
E12000007,London,E09000017,Hillingdon,2016,11.64,5.89,9.76,3.87,0.08499999999999996,15.565,False,False,OK
E12000007,London,E09000018,Hounslow,2016,12.62,5.89,9.76,3.87,0.08499999999999996,15.565,False,False,OK
E12000007,London,E09000019,Islington,2016,16.51,5.89,9.76,3.87,0.08499999999999996,15.565,True,False,Statistical outlier
E12000007,London,E09000020,Kensington and Chelsea,2016,30.38,5.89,9.76,3.87,0.08499999999999996,15.565,True,False,Statistical outlier
E12000007,London,E09000021,Kingston upon Thames,2016,11.83,5.89,9.76,3.87,0.08499999999999996,15.565,False,False,OK
E12000007,London,E09000022,Lambeth,2016,15.01,5.89,9.76,3.87,0.08499999999999996,15.565,False,False,OK
E12000007,London,E09000023,Lewisham,2016,11.71,5.89,9.76,3.87,0.08499999999999996,15.565,False,False,OK
E12000007,London,E09000024,Merton,2016,13.44,5.89,9.76,3.87,0.08499999999999996,15.565,False,False,OK
E12000007,London,E09000025,Newham,2016,12.24,5.89,9.76,3.87,0.08499999999999996,15.565,False,False,OK
E12000007,London,E09000026,Redbridge,2016,11.26,5.89,9.76,3.87,0.08499999999999996,15.565,False,False,OK
E12000007,London,E09000027,Richmond upon Thames,2016,14.38,5.89,9.76,3.87,0.08499999999999996,15.565,False,False,OK
E12000007,London,E09000028,Southwark,2016,14.72,5.89,9.76,3.87,0.08499999999999996,15.565,False,False,OK
E12000007,London,E09000029,Sutton,2016,10.54,5.89,9.76,3.87,0.08499999999999996,15.565,False,False,OK
E12000007,London,E09000030,Tower Hamlets,2016,12.82,5.89,9.76,3.87,0.08499999999999996,15.565,False,False,OK
E12000007,London,E09000031,Waltham Forest,2016,13.2,5.89,9.76,3.87,0.08499999999999996,15.565,False,False,OK
E12000007,London,E09000032,Wandsworth,2016,15.12,5.89,9.76,3.87,0.08499999999999996,15.565,False,False,OK
E12000007,London,E09000033,Westminster,2016,23.48,5.89,9.76,3.87,0.08499999999999996,15.565,True,False,Statistical outlier
E12000008,South East,E06000035,Medway,2016,7.27,5.89,9.76,3.87,0.08499999999999996,15.565,False,False,OK
E12000008,South East,E06000036,Bracknell Forest,2016,10.33,5.89,9.76,3.87,0.08499999999999996,15.565,False,False,OK
E12000008,South East,E06000037,West Berkshire,2016,9.69,5.89,9.76,3.87,0.08499999999999996,15.565,False,False,OK
E12000008,South East,E06000038,Reading,2016,8.93,5.89,9.76,3.87,0.08499999999999996,15.565,False,False,OK
E12000008,South East,E06000039,Slough,2016,9.9,5.89,9.76,3.87,0.08499999999999996,15.565,False,False,OK
E12000008,South East,E06000040,Windsor and Maidenhead,2016,11.91,5.89,9.76,3.87,0.08499999999999996,15.565,False,False,OK
E12000008,South East,E06000041,Wokingham,2016,10.62,5.89,9.76,3.87,0.08499999999999996,15.565,False,False,OK
E12000008,South East,E06000042,Milton Keynes,2016,8.5,5.89,9.76,3.87,0.08499999999999996,15.565,False,False,OK
E12000008,South East,E06000043,Brighton and Hove,2016,10.54,5.89,9.76,3.87,0.08499999999999996,15.565,False,False,OK
E12000008,South East,E06000044,Portsmouth,2016,7.15,5.89,9.76,3.87,0.08499999999999996,15.565,False,False,OK
E12000008,South East,E06000045,Southampton,2016,7.18,5.89,9.76,3.87,0.08499999999999996,15.565,False,False,OK
E12000008,South East,E06000046,Isle of Wight,2016,7.52,5.89,9.76,3.87,0.08499999999999996,15.565,False,False,OK
E12000008,South East,E06000060,Buckinghamshire,2016,10.72,5.89,9.76,3.87,0.08499999999999996,15.565,False,False,OK
E12000008,South East,E07000061,Eastbourne,2016,8.64,5.89,9.76,3.87,0.08499999999999996,15.565,False,False,OK
E12000008,South East,E07000062,Hastings,2016,8.01,5.89,9.76,3.87,0.08499999999999996,15.565,False,False,OK
E12000008,South East,E07000063,Lewes,2016,9.89,5.89,9.76,3.87,0.08499999999999996,15.565,False,False,OK
E12000008,South East,E07000064,Rother,2016,10.02,5.89,9.76,3.87,0.08499999999999996,15.565,False,False,OK
E12000008,South East,E07000065,Wealden,2016,9.4,5.89,9.76,3.87,0.08499999999999996,15.565,False,False,OK
E12000008,South East,E07000084,Basingstoke and Deane,2016,8.21,5.89,9.76,3.87,0.08499999999999996,15.565,False,False,OK
E12000008,South East,E07000085,East Hampshire,2016,10.61,5.89,9.76,3.87,0.08499999999999996,15.565,False,False,OK
E12000008,South East,E07000086,Eastleigh,2016,8.68,5.89,9.76,3.87,0.08499999999999996,15.565,False,False,OK
E12000008,South East,E07000087,Fareham,2016,8.65,5.89,9.76,3.87,0.08499999999999996,15.565,False,False,OK
E12000008,South East,E07000088,Gosport,2016,6.63,5.89,9.76,3.87,0.08499999999999996,15.565,False,False,OK
E12000008,South East,E07000089,Hart,2016,10.91,5.89,9.76,3.87,0.08499999999999996,15.565,False,False,OK
E12000008,South East,E07000090,Havant,2016,8.96,5.89,9.76,3.87,0.08499999999999996,15.565,False,False,OK
E12000008,South East,E07000091,New Forest,2016,10.06,5.89,9.76,3.87,0.08499999999999996,15.565,False,False,OK
E12000008,South East,E07000092,Rushmoor,2016,9.55,5.89,9.76,3.87,0.08499999999999996,15.565,False,False,OK
E12000008,South East,E07000093,Test Valley,2016,8.7,5.89,9.76,3.87,0.08499999999999996,15.565,False,False,OK
E12000008,South East,E07000094,Winchester,2016,10.05,5.89,9.76,3.87,0.08499999999999996,15.565,False,False,OK
E12000008,South East,E07000105,Ashford,2016,8.75,5.89,9.76,3.87,0.08499999999999996,15.565,False,False,OK
E12000008,South East,E07000106,Canterbury,2016,9.29,5.89,9.76,3.87,0.08499999999999996,15.565,False,False,OK
E12000008,South East,E07000107,Dartford,2016,8.56,5.89,9.76,3.87,0.08499999999999996,15.565,False,False,OK
E12000008,South East,E07000108,Dover,2016,8.36,5.89,9.76,3.87,0.08499999999999996,15.565,False,False,OK
E12000008,South East,E07000109,Gravesham,2016,8.6,5.89,9.76,3.87,0.08499999999999996,15.565,False,False,OK
E12000008,South East,E07000110,Maidstone,2016,8.94,5.89,9.76,3.87,0.08499999999999996,15.565,False,False,OK
E12000008,South East,E07000111,Sevenoaks,2016,11.65,5.89,9.76,3.87,0.08499999999999996,15.565,False,False,OK
E12000008,South East,E07000112,Folkestone and Hythe,2016,8.98,5.89,9.76,3.87,0.08499999999999996,15.565,False,False,OK
E12000008,South East,E07000113,Swale,2016,7.93,5.89,9.76,3.87,0.08499999999999996,15.565,False,False,OK
E12000008,South East,E07000114,Thanet,2016,8.21,5.89,9.76,3.87,0.08499999999999996,15.565,False,False,OK
E12000008,South East,E07000115,Tonbridge and Malling,2016,9.55,5.89,9.76,3.87,0.08499999999999996,15.565,False,False,OK
E12000008,South East,E07000116,Tunbridge Wells,2016,11.17,5.89,9.76,3.87,0.08499999999999996,15.565,False,False,OK
E12000008,South East,E07000177,Cherwell,2016,9.46,5.89,9.76,3.87,0.08499999999999996,15.565,False,False,OK
E12000008,South East,E07000178,Oxford,2016,12.44,5.89,9.76,3.87,0.08499999999999996,15.565,False,False,OK
E12000008,South East,E07000179,South Oxfordshire,2016,10.36,5.89,9.76,3.87,0.08499999999999996,15.565,False,False,OK
E12000008,South East,E07000180,Vale of White Horse,2016,9.73,5.89,9.76,3.87,0.08499999999999996,15.565,False,False,OK
E12000008,South East,E07000181,West Oxfordshire,2016,9.76,5.89,9.76,3.87,0.08499999999999996,15.565,False,False,OK
E12000008,South East,E07000207,Elmbridge,2016,13.86,5.89,9.76,3.87,0.08499999999999996,15.565,False,False,OK
E12000008,South East,E07000208,Epsom and Ewell,2016,12.98,5.89,9.76,3.87,0.08499999999999996,15.565,False,False,OK
E12000008,South East,E07000209,Guildford,2016,11.75,5.89,9.76,3.87,0.08499999999999996,15.565,False,False,OK
E12000008,South East,E07000210,Mole Valley,2016,14.18,5.89,9.76,3.87,0.08499999999999996,15.565,False,False,OK
E12000008,South East,E07000211,Reigate and Banstead,2016,11.68,5.89,9.76,3.87,0.08499999999999996,15.565,False,False,OK
E12000008,South East,E07000212,Runnymede,2016,11.87,5.89,9.76,3.87,0.08499999999999996,15.565,False,False,OK
E12000008,South East,E07000213,Spelthorne,2016,10.42,5.89,9.76,3.87,0.08499999999999996,15.565,False,False,OK
E12000008,South East,E07000214,Surrey Heath,2016,10.3,5.89,9.76,3.87,0.08499999999999996,15.565,False,False,OK
E12000008,South East,E07000215,Tandridge,2016,11.46,5.89,9.76,3.87,0.08499999999999996,15.565,False,False,OK
E12000008,South East,E07000216,Waverley,2016,10.57,5.89,9.76,3.87,0.08499999999999996,15.565,False,False,OK
E12000008,South East,E07000217,Woking,2016,10.7,5.89,9.76,3.87,0.08499999999999996,15.565,False,False,OK
E12000008,South East,E07000223,Adur,2016,11.56,5.89,9.76,3.87,0.08499999999999996,15.565,False,False,OK
E12000008,South East,E07000224,Arun,2016,10.15,5.89,9.76,3.87,0.08499999999999996,15.565,False,False,OK
E12000008,South East,E07000225,Chichester,2016,11.08,5.89,9.76,3.87,0.08499999999999996,15.565,False,False,OK
E12000008,South East,E07000226,Crawley,2016,8.96,5.89,9.76,3.87,0.08499999999999996,15.565,False,False,OK
E12000008,South East,E07000227,Horsham,2016,10.62,5.89,9.76,3.87,0.08499999999999996,15.565,False,False,OK
E12000008,South East,E07000228,Mid Sussex,2016,10.58,5.89,9.76,3.87,0.08499999999999996,15.565,False,False,OK
E12000008,South East,E07000229,Worthing,2016,9.21,5.89,9.76,3.87,0.08499999999999996,15.565,False,False,OK
E12000009,South West,E06000022,Bath and North East Somerset,2016,9.77,5.89,9.76,3.87,0.08499999999999996,15.565,False,False,OK
E12000009,South West,E06000023,"Bristol, City of",2016,8.66,5.89,9.76,3.87,0.08499999999999996,15.565,False,False,OK
E12000009,South West,E06000024,North Somerset,2016,7.51,5.89,9.76,3.87,0.08499999999999996,15.565,False,False,OK
E12000009,South West,E06000025,South Gloucestershire,2016,8.07,5.89,9.76,3.87,0.08499999999999996,15.565,False,False,OK
E12000009,South West,E06000026,Plymouth,2016,6.61,5.89,9.76,3.87,0.08499999999999996,15.565,False,False,OK
E12000009,South West,E06000027,Torbay,2016,8.03,5.89,9.76,3.87,0.08499999999999996,15.565,False,False,OK
E12000009,South West,E06000030,Swindon,2016,6.67,5.89,9.76,3.87,0.08499999999999996,15.565,False,False,OK
E12000009,South West,E06000052,Cornwall,2016,8.55,5.89,9.76,3.87,0.08499999999999996,15.565,False,False,OK
E12000009,South West,E06000053,Isles of Scilly,2016,,5.89,9.76,3.87,0.08499999999999996,15.565,False,True,Missing ratio value
E12000009,South West,E06000054,Wiltshire,2016,9.05,5.89,9.76,3.87,0.08499999999999996,15.565,False,False,OK
E12000009,South West,E06000058,"Bournemouth, Christchurch and Poole",2016,9.12,5.89,9.76,3.87,0.08499999999999996,15.565,False,False,OK
E12000009,South West,E06000059,Dorset,2016,10.11,5.89,9.76,3.87,0.08499999999999996,15.565,False,False,OK
E12000009,South West,E06000066,Somerset,2016,7.89,5.89,9.76,3.87,0.08499999999999996,15.565,False,False,OK
E12000009,South West,E07000040,East Devon,2016,8.65,5.89,9.76,3.87,0.08499999999999996,15.565,False,False,OK
E12000009,South West,E07000041,Exeter,2016,8.25,5.89,9.76,3.87,0.08499999999999996,15.565,False,False,OK
E12000009,South West,E07000042,Mid Devon,2016,8.2,5.89,9.76,3.87,0.08499999999999996,15.565,False,False,OK
E12000009,South West,E07000043,North Devon,2016,9.71,5.89,9.76,3.87,0.08499999999999996,15.565,False,False,OK
E12000009,South West,E07000044,South Hams,2016,10.41,5.89,9.76,3.87,0.08499999999999996,15.565,False,False,OK
E12000009,South West,E07000045,Teignbridge,2016,9.07,5.89,9.76,3.87,0.08499999999999996,15.565,False,False,OK
E12000009,South West,E07000046,Torridge,2016,8.61,5.89,9.76,3.87,0.08499999999999996,15.565,False,False,OK
E12000009,South West,E07000047,West Devon,2016,8.92,5.89,9.76,3.87,0.08499999999999996,15.565,False,False,OK
E12000009,South West,E07000078,Cheltenham,2016,8.28,5.89,9.76,3.87,0.08499999999999996,15.565,False,False,OK
E12000009,South West,E07000079,Cotswold,2016,11.51,5.89,9.76,3.87,0.08499999999999996,15.565,False,False,OK
E12000009,South West,E07000080,Forest of Dean,2016,6.54,5.89,9.76,3.87,0.08499999999999996,15.565,False,False,OK
E12000009,South West,E07000081,Gloucester,2016,6.61,5.89,9.76,3.87,0.08499999999999996,15.565,False,False,OK
E12000009,South West,E07000082,Stroud,2016,8.69,5.89,9.76,3.87,0.08499999999999996,15.565,False,False,OK
E12000009,South West,E07000083,Tewkesbury,2016,7.77,5.89,9.76,3.87,0.08499999999999996,15.565,False,False,OK
W92000004,Wales,W06000001,Isle of Anglesey,2016,6.71,5.89,9.76,3.87,0.08499999999999996,15.565,False,False,OK
W92000004,Wales,W06000002,Gwynedd,2016,6.58,5.89,9.76,3.87,0.08499999999999996,15.565,False,False,OK
W92000004,Wales,W06000003,Conwy,2016,5.88,5.89,9.76,3.87,0.08499999999999996,15.565,False,False,OK
W92000004,Wales,W06000004,Denbighshire,2016,5.77,5.89,9.76,3.87,0.08499999999999996,15.565,False,False,OK
W92000004,Wales,W06000005,Flintshire,2016,5.44,5.89,9.76,3.87,0.08499999999999996,15.565,False,False,OK
W92000004,Wales,W06000006,Wrexham,2016,5.57,5.89,9.76,3.87,0.08499999999999996,15.565,False,False,OK
W92000004,Wales,W06000008,Ceredigion,2016,7.48,5.89,9.76,3.87,0.08499999999999996,15.565,False,False,OK
W92000004,Wales,W06000009,Pembrokeshire,2016,6.9,5.89,9.76,3.87,0.08499999999999996,15.565,False,False,OK
W92000004,Wales,W06000010,Carmarthenshire,2016,5.5,5.89,9.76,3.87,0.08499999999999996,15.565,False,False,OK
W92000004,Wales,W06000011,Swansea,2016,5.39,5.89,9.76,3.87,0.08499999999999996,15.565,False,False,OK
W92000004,Wales,W06000012,Neath Port Talbot,2016,4.33,5.89,9.76,3.87,0.08499999999999996,15.565,False,False,OK
W92000004,Wales,W06000013,Bridgend,2016,5.48,5.89,9.76,3.87,0.08499999999999996,15.565,False,False,OK
W92000004,Wales,W06000014,Vale of Glamorgan,2016,6.12,5.89,9.76,3.87,0.08499999999999996,15.565,False,False,OK
W92000004,Wales,W06000015,Cardiff,2016,6.54,5.89,9.76,3.87,0.08499999999999996,15.565,False,False,OK
W92000004,Wales,W06000016,Rhondda Cynon Taf,2016,4.36,5.89,9.76,3.87,0.08499999999999996,15.565,False,False,OK
W92000004,Wales,W06000018,Caerphilly,2016,4.95,5.89,9.76,3.87,0.08499999999999996,15.565,False,False,OK
W92000004,Wales,W06000019,Blaenau Gwent,2016,3.48,5.89,9.76,3.87,0.08499999999999996,15.565,False,False,OK
W92000004,Wales,W06000020,Torfaen,2016,4.96,5.89,9.76,3.87,0.08499999999999996,15.565,False,False,OK
W92000004,Wales,W06000021,Monmouthshire,2016,6.59,5.89,9.76,3.87,0.08499999999999996,15.565,False,False,OK
W92000004,Wales,W06000022,Newport,2016,6.1,5.89,9.76,3.87,0.08499999999999996,15.565,False,False,OK
W92000004,Wales,W06000023,Powys,2016,6.56,5.89,9.76,3.87,0.08499999999999996,15.565,False,False,OK
W92000004,Wales,W06000024,Merthyr Tydfil,2016,3.98,5.89,9.76,3.87,0.08499999999999996,15.565,False,False,OK
E12000001,North East,E06000001,Hartlepool,2017,4.82,5.995,10.1725,4.177499999999999,-0.2712499999999993,16.43875,False,False,OK
E12000001,North East,E06000002,Middlesbrough,2017,5.18,5.995,10.1725,4.177499999999999,-0.2712499999999993,16.43875,False,False,OK
E12000001,North East,E06000003,Redcar and Cleveland,2017,5.12,5.995,10.1725,4.177499999999999,-0.2712499999999993,16.43875,False,False,OK
E12000001,North East,E06000004,Stockton-on-Tees,2017,5.37,5.995,10.1725,4.177499999999999,-0.2712499999999993,16.43875,False,False,OK
E12000001,North East,E06000005,Darlington,2017,4.96,5.995,10.1725,4.177499999999999,-0.2712499999999993,16.43875,False,False,OK
E12000001,North East,E06000047,County Durham,2017,4.44,5.995,10.1725,4.177499999999999,-0.2712499999999993,16.43875,False,False,OK
E12000001,North East,E06000057,Northumberland,2017,5.9,5.995,10.1725,4.177499999999999,-0.2712499999999993,16.43875,False,False,OK
E12000001,North East,E08000021,Newcastle upon Tyne,2017,5.84,5.995,10.1725,4.177499999999999,-0.2712499999999993,16.43875,False,False,OK
E12000001,North East,E08000022,North Tyneside,2017,5.92,5.995,10.1725,4.177499999999999,-0.2712499999999993,16.43875,False,False,OK
E12000001,North East,E08000023,South Tyneside,2017,5.26,5.995,10.1725,4.177499999999999,-0.2712499999999993,16.43875,False,False,OK
E12000001,North East,E08000024,Sunderland,2017,5.02,5.995,10.1725,4.177499999999999,-0.2712499999999993,16.43875,False,False,OK
E12000001,North East,E08000037,Gateshead,2017,5.04,5.995,10.1725,4.177499999999999,-0.2712499999999993,16.43875,False,False,OK
E12000002,North West,E06000006,Halton,2017,5.24,5.995,10.1725,4.177499999999999,-0.2712499999999993,16.43875,False,False,OK
E12000002,North West,E06000007,Warrington,2017,6.21,5.995,10.1725,4.177499999999999,-0.2712499999999993,16.43875,False,False,OK
E12000002,North West,E06000008,Blackburn with Darwen,2017,4.64,5.995,10.1725,4.177499999999999,-0.2712499999999993,16.43875,False,False,OK
E12000002,North West,E06000009,Blackpool,2017,4.86,5.995,10.1725,4.177499999999999,-0.2712499999999993,16.43875,False,False,OK
E12000002,North West,E06000049,Cheshire East,2017,7.5,5.995,10.1725,4.177499999999999,-0.2712499999999993,16.43875,False,False,OK
E12000002,North West,E06000050,Cheshire West and Chester,2017,6.7,5.995,10.1725,4.177499999999999,-0.2712499999999993,16.43875,False,False,OK
E12000002,North West,E06000063,Cumberland,2017,5.04,5.995,10.1725,4.177499999999999,-0.2712499999999993,16.43875,False,False,OK
E12000002,North West,E06000064,Westmorland and Furness,2017,6.28,5.995,10.1725,4.177499999999999,-0.2712499999999993,16.43875,False,False,OK
E12000002,North West,E07000117,Burnley,2017,3.7,5.995,10.1725,4.177499999999999,-0.2712499999999993,16.43875,False,False,OK
E12000002,North West,E07000118,Chorley,2017,6.26,5.995,10.1725,4.177499999999999,-0.2712499999999993,16.43875,False,False,OK
E12000002,North West,E07000119,Fylde,2017,6.56,5.995,10.1725,4.177499999999999,-0.2712499999999993,16.43875,False,False,OK
E12000002,North West,E07000120,Hyndburn,2017,4.01,5.995,10.1725,4.177499999999999,-0.2712499999999993,16.43875,False,False,OK
E12000002,North West,E07000121,Lancaster,2017,5.46,5.995,10.1725,4.177499999999999,-0.2712499999999993,16.43875,False,False,OK
E12000002,North West,E07000122,Pendle,2017,4.04,5.995,10.1725,4.177499999999999,-0.2712499999999993,16.43875,False,False,OK
E12000002,North West,E07000123,Preston,2017,5.77,5.995,10.1725,4.177499999999999,-0.2712499999999993,16.43875,False,False,OK
E12000002,North West,E07000124,Ribble Valley,2017,7.69,5.995,10.1725,4.177499999999999,-0.2712499999999993,16.43875,False,False,OK
E12000002,North West,E07000125,Rossendale,2017,5.56,5.995,10.1725,4.177499999999999,-0.2712499999999993,16.43875,False,False,OK
E12000002,North West,E07000126,South Ribble,2017,5.79,5.995,10.1725,4.177499999999999,-0.2712499999999993,16.43875,False,False,OK
E12000002,North West,E07000127,West Lancashire,2017,6.33,5.995,10.1725,4.177499999999999,-0.2712499999999993,16.43875,False,False,OK
E12000002,North West,E07000128,Wyre,2017,5.93,5.995,10.1725,4.177499999999999,-0.2712499999999993,16.43875,False,False,OK
E12000002,North West,E08000001,Bolton,2017,5.21,5.995,10.1725,4.177499999999999,-0.2712499999999993,16.43875,False,False,OK
E12000002,North West,E08000002,Bury,2017,5.7,5.995,10.1725,4.177499999999999,-0.2712499999999993,16.43875,False,False,OK
E12000002,North West,E08000003,Manchester,2017,6.42,5.995,10.1725,4.177499999999999,-0.2712499999999993,16.43875,False,False,OK
E12000002,North West,E08000004,Oldham,2017,5.1,5.995,10.1725,4.177499999999999,-0.2712499999999993,16.43875,False,False,OK
E12000002,North West,E08000005,Rochdale,2017,5.18,5.995,10.1725,4.177499999999999,-0.2712499999999993,16.43875,False,False,OK
E12000002,North West,E08000006,Salford,2017,6.05,5.995,10.1725,4.177499999999999,-0.2712499999999993,16.43875,False,False,OK
E12000002,North West,E08000007,Stockport,2017,7.06,5.995,10.1725,4.177499999999999,-0.2712499999999993,16.43875,False,False,OK
E12000002,North West,E08000008,Tameside,2017,5.56,5.995,10.1725,4.177499999999999,-0.2712499999999993,16.43875,False,False,OK
E12000002,North West,E08000009,Trafford,2017,7.71,5.995,10.1725,4.177499999999999,-0.2712499999999993,16.43875,False,False,OK
E12000002,North West,E08000010,Wigan,2017,4.82,5.995,10.1725,4.177499999999999,-0.2712499999999993,16.43875,False,False,OK
E12000002,North West,E08000011,Knowsley,2017,4.88,5.995,10.1725,4.177499999999999,-0.2712499999999993,16.43875,False,False,OK
E12000002,North West,E08000012,Liverpool,2017,4.77,5.995,10.1725,4.177499999999999,-0.2712499999999993,16.43875,False,False,OK
E12000002,North West,E08000013,St. Helens,2017,5.23,5.995,10.1725,4.177499999999999,-0.2712499999999993,16.43875,False,False,OK
E12000002,North West,E08000014,Sefton,2017,6.02,5.995,10.1725,4.177499999999999,-0.2712499999999993,16.43875,False,False,OK
E12000002,North West,E08000015,Wirral,2017,5.62,5.995,10.1725,4.177499999999999,-0.2712499999999993,16.43875,False,False,OK
E12000003,Yorkshire and The Humber,E06000010,"Kingston upon Hull, City of",2017,4.97,5.995,10.1725,4.177499999999999,-0.2712499999999993,16.43875,False,False,OK
E12000003,Yorkshire and The Humber,E06000011,East Riding of Yorkshire,2017,6.18,5.995,10.1725,4.177499999999999,-0.2712499999999993,16.43875,False,False,OK
E12000003,Yorkshire and The Humber,E06000012,North East Lincolnshire,2017,5.51,5.995,10.1725,4.177499999999999,-0.2712499999999993,16.43875,False,False,OK
E12000003,Yorkshire and The Humber,E06000013,North Lincolnshire,2017,4.86,5.995,10.1725,4.177499999999999,-0.2712499999999993,16.43875,False,False,OK
E12000003,Yorkshire and The Humber,E06000014,York,2017,8.76,5.995,10.1725,4.177499999999999,-0.2712499999999993,16.43875,False,False,OK
E12000003,Yorkshire and The Humber,E06000065,North Yorkshire,2017,7.71,5.995,10.1725,4.177499999999999,-0.2712499999999993,16.43875,False,False,OK
E12000003,Yorkshire and The Humber,E08000017,Doncaster,2017,5.22,5.995,10.1725,4.177499999999999,-0.2712499999999993,16.43875,False,False,OK
E12000003,Yorkshire and The Humber,E08000018,Rotherham,2017,5.16,5.995,10.1725,4.177499999999999,-0.2712499999999993,16.43875,False,False,OK
E12000003,Yorkshire and The Humber,E08000032,Bradford,2017,5.34,5.995,10.1725,4.177499999999999,-0.2712499999999993,16.43875,False,False,OK
E12000003,Yorkshire and The Humber,E08000033,Calderdale,2017,4.98,5.995,10.1725,4.177499999999999,-0.2712499999999993,16.43875,False,False,OK
E12000003,Yorkshire and The Humber,E08000034,Kirklees,2017,5.36,5.995,10.1725,4.177499999999999,-0.2712499999999993,16.43875,False,False,OK
E12000003,Yorkshire and The Humber,E08000035,Leeds,2017,6.11,5.995,10.1725,4.177499999999999,-0.2712499999999993,16.43875,False,False,OK
E12000003,Yorkshire and The Humber,E08000036,Wakefield,2017,5.82,5.995,10.1725,4.177499999999999,-0.2712499999999993,16.43875,False,False,OK
E12000003,Yorkshire and The Humber,E08000038,Barnsley,2017,4.86,5.995,10.1725,4.177499999999999,-0.2712499999999993,16.43875,False,False,OK
E12000003,Yorkshire and The Humber,E08000039,Sheffield,2017,5.58,5.995,10.1725,4.177499999999999,-0.2712499999999993,16.43875,False,False,OK
E12000004,East Midlands,E06000015,Derby,2017,5.08,5.995,10.1725,4.177499999999999,-0.2712499999999993,16.43875,False,False,OK
E12000004,East Midlands,E06000016,Leicester,2017,6.96,5.995,10.1725,4.177499999999999,-0.2712499999999993,16.43875,False,False,OK
E12000004,East Midlands,E06000017,Rutland,2017,8.68,5.995,10.1725,4.177499999999999,-0.2712499999999993,16.43875,False,False,OK
E12000004,East Midlands,E06000018,Nottingham,2017,5.53,5.995,10.1725,4.177499999999999,-0.2712499999999993,16.43875,False,False,OK
E12000004,East Midlands,E06000061,North Northamptonshire,2017,7.04,5.995,10.1725,4.177499999999999,-0.2712499999999993,16.43875,False,False,OK
E12000004,East Midlands,E06000062,West Northamptonshire,2017,8.36,5.995,10.1725,4.177499999999999,-0.2712499999999993,16.43875,False,False,OK
E12000004,East Midlands,E07000032,Amber Valley,2017,5.33,5.995,10.1725,4.177499999999999,-0.2712499999999993,16.43875,False,False,OK
E12000004,East Midlands,E07000033,Bolsover,2017,5.3,5.995,10.1725,4.177499999999999,-0.2712499999999993,16.43875,False,False,OK
E12000004,East Midlands,E07000034,Chesterfield,2017,5.51,5.995,10.1725,4.177499999999999,-0.2712499999999993,16.43875,False,False,OK
E12000004,East Midlands,E07000035,Derbyshire Dales,2017,7.97,5.995,10.1725,4.177499999999999,-0.2712499999999993,16.43875,False,False,OK
E12000004,East Midlands,E07000036,Erewash,2017,5.4,5.995,10.1725,4.177499999999999,-0.2712499999999993,16.43875,False,False,OK
E12000004,East Midlands,E07000037,High Peak,2017,6.28,5.995,10.1725,4.177499999999999,-0.2712499999999993,16.43875,False,False,OK
E12000004,East Midlands,E07000038,North East Derbyshire,2017,6.6,5.995,10.1725,4.177499999999999,-0.2712499999999993,16.43875,False,False,OK
E12000004,East Midlands,E07000039,South Derbyshire,2017,6.49,5.995,10.1725,4.177499999999999,-0.2712499999999993,16.43875,False,False,OK
E12000004,East Midlands,E07000129,Blaby,2017,6.76,5.995,10.1725,4.177499999999999,-0.2712499999999993,16.43875,False,False,OK
E12000004,East Midlands,E07000130,Charnwood,2017,7.33,5.995,10.1725,4.177499999999999,-0.2712499999999993,16.43875,False,False,OK
E12000004,East Midlands,E07000131,Harborough,2017,7.2,5.995,10.1725,4.177499999999999,-0.2712499999999993,16.43875,False,False,OK
E12000004,East Midlands,E07000132,Hinckley and Bosworth,2017,6.85,5.995,10.1725,4.177499999999999,-0.2712499999999993,16.43875,False,False,OK
E12000004,East Midlands,E07000133,Melton,2017,7.27,5.995,10.1725,4.177499999999999,-0.2712499999999993,16.43875,False,False,OK
E12000004,East Midlands,E07000134,North West Leicestershire,2017,7.13,5.995,10.1725,4.177499999999999,-0.2712499999999993,16.43875,False,False,OK
E12000004,East Midlands,E07000135,Oadby and Wigston,2017,7.14,5.995,10.1725,4.177499999999999,-0.2712499999999993,16.43875,False,False,OK
E12000004,East Midlands,E07000136,Boston,2017,6.97,5.995,10.1725,4.177499999999999,-0.2712499999999993,16.43875,False,False,OK
E12000004,East Midlands,E07000137,East Lindsey,2017,6.54,5.995,10.1725,4.177499999999999,-0.2712499999999993,16.43875,False,False,OK
E12000004,East Midlands,E07000138,Lincoln,2017,6.17,5.995,10.1725,4.177499999999999,-0.2712499999999993,16.43875,False,False,OK
E12000004,East Midlands,E07000139,North Kesteven,2017,6.67,5.995,10.1725,4.177499999999999,-0.2712499999999993,16.43875,False,False,OK
E12000004,East Midlands,E07000140,South Holland,2017,6.82,5.995,10.1725,4.177499999999999,-0.2712499999999993,16.43875,False,False,OK
E12000004,East Midlands,E07000141,South Kesteven,2017,7.37,5.995,10.1725,4.177499999999999,-0.2712499999999993,16.43875,False,False,OK
E12000004,East Midlands,E07000142,West Lindsey,2017,5.9,5.995,10.1725,4.177499999999999,-0.2712499999999993,16.43875,False,False,OK
E12000004,East Midlands,E07000170,Ashfield,2017,5.6,5.995,10.1725,4.177499999999999,-0.2712499999999993,16.43875,False,False,OK
E12000004,East Midlands,E07000171,Bassetlaw,2017,5.62,5.995,10.1725,4.177499999999999,-0.2712499999999993,16.43875,False,False,OK
E12000004,East Midlands,E07000172,Broxtowe,2017,5.52,5.995,10.1725,4.177499999999999,-0.2712499999999993,16.43875,False,False,OK
E12000004,East Midlands,E07000173,Gedling,2017,5.96,5.995,10.1725,4.177499999999999,-0.2712499999999993,16.43875,False,False,OK
E12000004,East Midlands,E07000174,Mansfield,2017,5.43,5.995,10.1725,4.177499999999999,-0.2712499999999993,16.43875,False,False,OK
E12000004,East Midlands,E07000175,Newark and Sherwood,2017,6.86,5.995,10.1725,4.177499999999999,-0.2712499999999993,16.43875,False,False,OK
E12000004,East Midlands,E07000176,Rushcliffe,2017,7.26,5.995,10.1725,4.177499999999999,-0.2712499999999993,16.43875,False,False,OK
E12000005,West Midlands,E06000019,"Herefordshire, County of",2017,9.37,5.995,10.1725,4.177499999999999,-0.2712499999999993,16.43875,False,False,OK
E12000005,West Midlands,E06000020,Telford and Wrekin,2017,6.77,5.995,10.1725,4.177499999999999,-0.2712499999999993,16.43875,False,False,OK
E12000005,West Midlands,E06000021,Stoke-on-Trent,2017,4.63,5.995,10.1725,4.177499999999999,-0.2712499999999993,16.43875,False,False,OK
E12000005,West Midlands,E06000051,Shropshire,2017,7.72,5.995,10.1725,4.177499999999999,-0.2712499999999993,16.43875,False,False,OK
E12000005,West Midlands,E07000192,Cannock Chase,2017,5.74,5.995,10.1725,4.177499999999999,-0.2712499999999993,16.43875,False,False,OK
E12000005,West Midlands,E07000193,East Staffordshire,2017,6.47,5.995,10.1725,4.177499999999999,-0.2712499999999993,16.43875,False,False,OK
E12000005,West Midlands,E07000194,Lichfield,2017,7.41,5.995,10.1725,4.177499999999999,-0.2712499999999993,16.43875,False,False,OK
E12000005,West Midlands,E07000195,Newcastle-under-Lyme,2017,5.26,5.995,10.1725,4.177499999999999,-0.2712499999999993,16.43875,False,False,OK
E12000005,West Midlands,E07000196,South Staffordshire,2017,7.02,5.995,10.1725,4.177499999999999,-0.2712499999999993,16.43875,False,False,OK
E12000005,West Midlands,E07000197,Stafford,2017,6.82,5.995,10.1725,4.177499999999999,-0.2712499999999993,16.43875,False,False,OK
E12000005,West Midlands,E07000198,Staffordshire Moorlands,2017,5.74,5.995,10.1725,4.177499999999999,-0.2712499999999993,16.43875,False,False,OK
E12000005,West Midlands,E07000199,Tamworth,2017,6.86,5.995,10.1725,4.177499999999999,-0.2712499999999993,16.43875,False,False,OK
E12000005,West Midlands,E07000218,North Warwickshire,2017,6.36,5.995,10.1725,4.177499999999999,-0.2712499999999993,16.43875,False,False,OK
E12000005,West Midlands,E07000219,Nuneaton and Bedworth,2017,5.81,5.995,10.1725,4.177499999999999,-0.2712499999999993,16.43875,False,False,OK
E12000005,West Midlands,E07000220,Rugby,2017,6.84,5.995,10.1725,4.177499999999999,-0.2712499999999993,16.43875,False,False,OK
E12000005,West Midlands,E07000221,Stratford-on-Avon,2017,9.35,5.995,10.1725,4.177499999999999,-0.2712499999999993,16.43875,False,False,OK
E12000005,West Midlands,E07000222,Warwick,2017,8.66,5.995,10.1725,4.177499999999999,-0.2712499999999993,16.43875,False,False,OK
E12000005,West Midlands,E07000234,Bromsgrove,2017,7.93,5.995,10.1725,4.177499999999999,-0.2712499999999993,16.43875,False,False,OK
E12000005,West Midlands,E07000235,Malvern Hills,2017,8.1,5.995,10.1725,4.177499999999999,-0.2712499999999993,16.43875,False,False,OK
E12000005,West Midlands,E07000236,Redditch,2017,7.6,5.995,10.1725,4.177499999999999,-0.2712499999999993,16.43875,False,False,OK
E12000005,West Midlands,E07000237,Worcester,2017,6.47,5.995,10.1725,4.177499999999999,-0.2712499999999993,16.43875,False,False,OK
E12000005,West Midlands,E07000238,Wychavon,2017,8.94,5.995,10.1725,4.177499999999999,-0.2712499999999993,16.43875,False,False,OK
E12000005,West Midlands,E07000239,Wyre Forest,2017,6.78,5.995,10.1725,4.177499999999999,-0.2712499999999993,16.43875,False,False,OK
E12000005,West Midlands,E08000025,Birmingham,2017,6.06,5.995,10.1725,4.177499999999999,-0.2712499999999993,16.43875,False,False,OK
E12000005,West Midlands,E08000026,Coventry,2017,5.77,5.995,10.1725,4.177499999999999,-0.2712499999999993,16.43875,False,False,OK
E12000005,West Midlands,E08000027,Dudley,2017,5.69,5.995,10.1725,4.177499999999999,-0.2712499999999993,16.43875,False,False,OK
E12000005,West Midlands,E08000028,Sandwell,2017,5.66,5.995,10.1725,4.177499999999999,-0.2712499999999993,16.43875,False,False,OK
E12000005,West Midlands,E08000029,Solihull,2017,8.15,5.995,10.1725,4.177499999999999,-0.2712499999999993,16.43875,False,False,OK
E12000005,West Midlands,E08000030,Walsall,2017,6.1,5.995,10.1725,4.177499999999999,-0.2712499999999993,16.43875,False,False,OK
E12000005,West Midlands,E08000031,Wolverhampton,2017,5.74,5.995,10.1725,4.177499999999999,-0.2712499999999993,16.43875,False,False,OK
E12000006,East of England,E06000031,Peterborough,2017,7.03,5.995,10.1725,4.177499999999999,-0.2712499999999993,16.43875,False,False,OK
E12000006,East of England,E06000032,Luton,2017,8.17,5.995,10.1725,4.177499999999999,-0.2712499999999993,16.43875,False,False,OK
E12000006,East of England,E06000033,Southend-on-Sea,2017,8.64,5.995,10.1725,4.177499999999999,-0.2712499999999993,16.43875,False,False,OK
E12000006,East of England,E06000034,Thurrock,2017,9.26,5.995,10.1725,4.177499999999999,-0.2712499999999993,16.43875,False,False,OK
E12000006,East of England,E06000055,Bedford,2017,8.76,5.995,10.1725,4.177499999999999,-0.2712499999999993,16.43875,False,False,OK
E12000006,East of England,E06000056,Central Bedfordshire,2017,9.36,5.995,10.1725,4.177499999999999,-0.2712499999999993,16.43875,False,False,OK
E12000006,East of England,E07000008,Cambridge,2017,13.33,5.995,10.1725,4.177499999999999,-0.2712499999999993,16.43875,False,False,OK
E12000006,East of England,E07000009,East Cambridgeshire,2017,9.08,5.995,10.1725,4.177499999999999,-0.2712499999999993,16.43875,False,False,OK
E12000006,East of England,E07000010,Fenland,2017,6.62,5.995,10.1725,4.177499999999999,-0.2712499999999993,16.43875,False,False,OK
E12000006,East of England,E07000011,Huntingdonshire,2017,8.16,5.995,10.1725,4.177499999999999,-0.2712499999999993,16.43875,False,False,OK
E12000006,East of England,E07000012,South Cambridgeshire,2017,10.3,5.995,10.1725,4.177499999999999,-0.2712499999999993,16.43875,False,False,OK
E12000006,East of England,E07000066,Basildon,2017,9.38,5.995,10.1725,4.177499999999999,-0.2712499999999993,16.43875,False,False,OK
E12000006,East of England,E07000067,Braintree,2017,8.34,5.995,10.1725,4.177499999999999,-0.2712499999999993,16.43875,False,False,OK
E12000006,East of England,E07000068,Brentwood,2017,9.76,5.995,10.1725,4.177499999999999,-0.2712499999999993,16.43875,False,False,OK
E12000006,East of England,E07000069,Castle Point,2017,8.96,5.995,10.1725,4.177499999999999,-0.2712499999999993,16.43875,False,False,OK
E12000006,East of England,E07000070,Chelmsford,2017,10.39,5.995,10.1725,4.177499999999999,-0.2712499999999993,16.43875,False,False,OK
E12000006,East of England,E07000071,Colchester,2017,8.34,5.995,10.1725,4.177499999999999,-0.2712499999999993,16.43875,False,False,OK
E12000006,East of England,E07000072,Epping Forest,2017,12.25,5.995,10.1725,4.177499999999999,-0.2712499999999993,16.43875,False,False,OK
E12000006,East of England,E07000073,Harlow,2017,10.18,5.995,10.1725,4.177499999999999,-0.2712499999999993,16.43875,False,False,OK
E12000006,East of England,E07000074,Maldon,2017,9.75,5.995,10.1725,4.177499999999999,-0.2712499999999993,16.43875,False,False,OK
E12000006,East of England,E07000075,Rochford,2017,9.28,5.995,10.1725,4.177499999999999,-0.2712499999999993,16.43875,False,False,OK
E12000006,East of England,E07000076,Tendring,2017,7.98,5.995,10.1725,4.177499999999999,-0.2712499999999993,16.43875,False,False,OK
E12000006,East of England,E07000077,Uttlesford,2017,10.63,5.995,10.1725,4.177499999999999,-0.2712499999999993,16.43875,False,False,OK
E12000006,East of England,E07000095,Broxbourne,2017,10.38,5.995,10.1725,4.177499999999999,-0.2712499999999993,16.43875,False,False,OK
E12000006,East of England,E07000096,Dacorum,2017,11.25,5.995,10.1725,4.177499999999999,-0.2712499999999993,16.43875,False,False,OK
E12000006,East of England,E07000098,Hertsmere,2017,14.29,5.995,10.1725,4.177499999999999,-0.2712499999999993,16.43875,False,False,OK
E12000006,East of England,E07000099,North Hertfordshire,2017,9.3,5.995,10.1725,4.177499999999999,-0.2712499999999993,16.43875,False,False,OK
E12000006,East of England,E07000102,Three Rivers,2017,14.36,5.995,10.1725,4.177499999999999,-0.2712499999999993,16.43875,False,False,OK
E12000006,East of England,E07000103,Watford,2017,10.31,5.995,10.1725,4.177499999999999,-0.2712499999999993,16.43875,False,False,OK
E12000006,East of England,E07000143,Breckland,2017,8.68,5.995,10.1725,4.177499999999999,-0.2712499999999993,16.43875,False,False,OK
E12000006,East of England,E07000144,Broadland,2017,8.7,5.995,10.1725,4.177499999999999,-0.2712499999999993,16.43875,False,False,OK
E12000006,East of England,E07000145,Great Yarmouth,2017,6.76,5.995,10.1725,4.177499999999999,-0.2712499999999993,16.43875,False,False,OK
E12000006,East of England,E07000146,King's Lynn and West Norfolk,2017,7.89,5.995,10.1725,4.177499999999999,-0.2712499999999993,16.43875,False,False,OK
E12000006,East of England,E07000147,North Norfolk,2017,9.6,5.995,10.1725,4.177499999999999,-0.2712499999999993,16.43875,False,False,OK
E12000006,East of England,E07000148,Norwich,2017,7.2,5.995,10.1725,4.177499999999999,-0.2712499999999993,16.43875,False,False,OK
E12000006,East of England,E07000149,South Norfolk,2017,8.91,5.995,10.1725,4.177499999999999,-0.2712499999999993,16.43875,False,False,OK
E12000006,East of England,E07000200,Babergh,2017,8.61,5.995,10.1725,4.177499999999999,-0.2712499999999993,16.43875,False,False,OK
E12000006,East of England,E07000202,Ipswich,2017,6.84,5.995,10.1725,4.177499999999999,-0.2712499999999993,16.43875,False,False,OK
E12000006,East of England,E07000203,Mid Suffolk,2017,9.83,5.995,10.1725,4.177499999999999,-0.2712499999999993,16.43875,False,False,OK
E12000006,East of England,E07000240,St Albans,2017,12.99,5.995,10.1725,4.177499999999999,-0.2712499999999993,16.43875,False,False,OK
E12000006,East of England,E07000241,Welwyn Hatfield,2017,11.4,5.995,10.1725,4.177499999999999,-0.2712499999999993,16.43875,False,False,OK
E12000006,East of England,E07000242,East Hertfordshire,2017,10.83,5.995,10.1725,4.177499999999999,-0.2712499999999993,16.43875,False,False,OK
E12000006,East of England,E07000243,Stevenage,2017,9.12,5.995,10.1725,4.177499999999999,-0.2712499999999993,16.43875,False,False,OK
E12000006,East of England,E07000244,East Suffolk,2017,8.43,5.995,10.1725,4.177499999999999,-0.2712499999999993,16.43875,False,False,OK
E12000006,East of England,E07000245,West Suffolk,2017,8.23,5.995,10.1725,4.177499999999999,-0.2712499999999993,16.43875,False,False,OK
E12000007,London,E09000001,City of London,2017,,5.995,10.1725,4.177499999999999,-0.2712499999999993,16.43875,False,True,Missing ratio value
E12000007,London,E09000002,Barking and Dagenham,2017,10.0,5.995,10.1725,4.177499999999999,-0.2712499999999993,16.43875,False,False,OK
E12000007,London,E09000003,Barnet,2017,13.7,5.995,10.1725,4.177499999999999,-0.2712499999999993,16.43875,False,False,OK
E12000007,London,E09000004,Bexley,2017,10.01,5.995,10.1725,4.177499999999999,-0.2712499999999993,16.43875,False,False,OK
E12000007,London,E09000005,Brent,2017,15.65,5.995,10.1725,4.177499999999999,-0.2712499999999993,16.43875,False,False,OK
E12000007,London,E09000006,Bromley,2017,10.83,5.995,10.1725,4.177499999999999,-0.2712499999999993,16.43875,False,False,OK
E12000007,London,E09000007,Camden,2017,19.4,5.995,10.1725,4.177499999999999,-0.2712499999999993,16.43875,True,False,Statistical outlier
E12000007,London,E09000008,Croydon,2017,10.73,5.995,10.1725,4.177499999999999,-0.2712499999999993,16.43875,False,False,OK
E12000007,London,E09000009,Ealing,2017,14.88,5.995,10.1725,4.177499999999999,-0.2712499999999993,16.43875,False,False,OK
E12000007,London,E09000010,Enfield,2017,13.0,5.995,10.1725,4.177499999999999,-0.2712499999999993,16.43875,False,False,OK
E12000007,London,E09000011,Greenwich,2017,12.67,5.995,10.1725,4.177499999999999,-0.2712499999999993,16.43875,False,False,OK
E12000007,London,E09000012,Hackney,2017,15.22,5.995,10.1725,4.177499999999999,-0.2712499999999993,16.43875,False,False,OK
E12000007,London,E09000013,Hammersmith and Fulham,2017,19.08,5.995,10.1725,4.177499999999999,-0.2712499999999993,16.43875,True,False,Statistical outlier
E12000007,London,E09000014,Haringey,2017,16.08,5.995,10.1725,4.177499999999999,-0.2712499999999993,16.43875,False,False,OK
E12000007,London,E09000015,Harrow,2017,14.61,5.995,10.1725,4.177499999999999,-0.2712499999999993,16.43875,False,False,OK
E12000007,London,E09000016,Havering,2017,10.61,5.995,10.1725,4.177499999999999,-0.2712499999999993,16.43875,False,False,OK
E12000007,London,E09000017,Hillingdon,2017,13.13,5.995,10.1725,4.177499999999999,-0.2712499999999993,16.43875,False,False,OK
E12000007,London,E09000018,Hounslow,2017,11.95,5.995,10.1725,4.177499999999999,-0.2712499999999993,16.43875,False,False,OK
E12000007,London,E09000019,Islington,2017,16.22,5.995,10.1725,4.177499999999999,-0.2712499999999993,16.43875,False,False,OK
E12000007,London,E09000020,Kensington and Chelsea,2017,29.15,5.995,10.1725,4.177499999999999,-0.2712499999999993,16.43875,True,False,Statistical outlier
E12000007,London,E09000021,Kingston upon Thames,2017,12.9,5.995,10.1725,4.177499999999999,-0.2712499999999993,16.43875,False,False,OK
E12000007,London,E09000022,Lambeth,2017,15.03,5.995,10.1725,4.177499999999999,-0.2712499999999993,16.43875,False,False,OK
E12000007,London,E09000023,Lewisham,2017,12.28,5.995,10.1725,4.177499999999999,-0.2712499999999993,16.43875,False,False,OK
E12000007,London,E09000024,Merton,2017,12.83,5.995,10.1725,4.177499999999999,-0.2712499999999993,16.43875,False,False,OK
E12000007,London,E09000025,Newham,2017,13.4,5.995,10.1725,4.177499999999999,-0.2712499999999993,16.43875,False,False,OK
E12000007,London,E09000026,Redbridge,2017,12.5,5.995,10.1725,4.177499999999999,-0.2712499999999993,16.43875,False,False,OK
E12000007,London,E09000027,Richmond upon Thames,2017,15.68,5.995,10.1725,4.177499999999999,-0.2712499999999993,16.43875,False,False,OK
E12000007,London,E09000028,Southwark,2017,15.2,5.995,10.1725,4.177499999999999,-0.2712499999999993,16.43875,False,False,OK
E12000007,London,E09000029,Sutton,2017,11.1,5.995,10.1725,4.177499999999999,-0.2712499999999993,16.43875,False,False,OK
E12000007,London,E09000030,Tower Hamlets,2017,12.88,5.995,10.1725,4.177499999999999,-0.2712499999999993,16.43875,False,False,OK
E12000007,London,E09000031,Waltham Forest,2017,14.08,5.995,10.1725,4.177499999999999,-0.2712499999999993,16.43875,False,False,OK
E12000007,London,E09000032,Wandsworth,2017,16.2,5.995,10.1725,4.177499999999999,-0.2712499999999993,16.43875,False,False,OK
E12000007,London,E09000033,Westminster,2017,24.79,5.995,10.1725,4.177499999999999,-0.2712499999999993,16.43875,True,False,Statistical outlier
E12000008,South East,E06000035,Medway,2017,7.64,5.995,10.1725,4.177499999999999,-0.2712499999999993,16.43875,False,False,OK
E12000008,South East,E06000036,Bracknell Forest,2017,10.13,5.995,10.1725,4.177499999999999,-0.2712499999999993,16.43875,False,False,OK
E12000008,South East,E06000037,West Berkshire,2017,10.14,5.995,10.1725,4.177499999999999,-0.2712499999999993,16.43875,False,False,OK
E12000008,South East,E06000038,Reading,2017,9.15,5.995,10.1725,4.177499999999999,-0.2712499999999993,16.43875,False,False,OK
E12000008,South East,E06000039,Slough,2017,10.99,5.995,10.1725,4.177499999999999,-0.2712499999999993,16.43875,False,False,OK
E12000008,South East,E06000040,Windsor and Maidenhead,2017,12.44,5.995,10.1725,4.177499999999999,-0.2712499999999993,16.43875,False,False,OK
E12000008,South East,E06000041,Wokingham,2017,11.39,5.995,10.1725,4.177499999999999,-0.2712499999999993,16.43875,False,False,OK
E12000008,South East,E06000042,Milton Keynes,2017,8.43,5.995,10.1725,4.177499999999999,-0.2712499999999993,16.43875,False,False,OK
E12000008,South East,E06000043,Brighton and Hove,2017,11.4,5.995,10.1725,4.177499999999999,-0.2712499999999993,16.43875,False,False,OK
E12000008,South East,E06000044,Portsmouth,2017,7.5,5.995,10.1725,4.177499999999999,-0.2712499999999993,16.43875,False,False,OK
E12000008,South East,E06000045,Southampton,2017,7.47,5.995,10.1725,4.177499999999999,-0.2712499999999993,16.43875,False,False,OK
E12000008,South East,E06000046,Isle of Wight,2017,7.65,5.995,10.1725,4.177499999999999,-0.2712499999999993,16.43875,False,False,OK
E12000008,South East,E06000060,Buckinghamshire,2017,10.98,5.995,10.1725,4.177499999999999,-0.2712499999999993,16.43875,False,False,OK
E12000008,South East,E07000061,Eastbourne,2017,8.58,5.995,10.1725,4.177499999999999,-0.2712499999999993,16.43875,False,False,OK
E12000008,South East,E07000062,Hastings,2017,8.63,5.995,10.1725,4.177499999999999,-0.2712499999999993,16.43875,False,False,OK
E12000008,South East,E07000063,Lewes,2017,9.61,5.995,10.1725,4.177499999999999,-0.2712499999999993,16.43875,False,False,OK
E12000008,South East,E07000064,Rother,2017,9.27,5.995,10.1725,4.177499999999999,-0.2712499999999993,16.43875,False,False,OK
E12000008,South East,E07000065,Wealden,2017,9.93,5.995,10.1725,4.177499999999999,-0.2712499999999993,16.43875,False,False,OK
E12000008,South East,E07000084,Basingstoke and Deane,2017,8.96,5.995,10.1725,4.177499999999999,-0.2712499999999993,16.43875,False,False,OK
E12000008,South East,E07000085,East Hampshire,2017,10.3,5.995,10.1725,4.177499999999999,-0.2712499999999993,16.43875,False,False,OK
E12000008,South East,E07000086,Eastleigh,2017,9.13,5.995,10.1725,4.177499999999999,-0.2712499999999993,16.43875,False,False,OK
E12000008,South East,E07000087,Fareham,2017,9.04,5.995,10.1725,4.177499999999999,-0.2712499999999993,16.43875,False,False,OK
E12000008,South East,E07000088,Gosport,2017,7.07,5.995,10.1725,4.177499999999999,-0.2712499999999993,16.43875,False,False,OK
E12000008,South East,E07000089,Hart,2017,10.64,5.995,10.1725,4.177499999999999,-0.2712499999999993,16.43875,False,False,OK
E12000008,South East,E07000090,Havant,2017,8.91,5.995,10.1725,4.177499999999999,-0.2712499999999993,16.43875,False,False,OK
E12000008,South East,E07000091,New Forest,2017,10.31,5.995,10.1725,4.177499999999999,-0.2712499999999993,16.43875,False,False,OK
E12000008,South East,E07000092,Rushmoor,2017,10.18,5.995,10.1725,4.177499999999999,-0.2712499999999993,16.43875,False,False,OK
E12000008,South East,E07000093,Test Valley,2017,8.55,5.995,10.1725,4.177499999999999,-0.2712499999999993,16.43875,False,False,OK
E12000008,South East,E07000094,Winchester,2017,11.25,5.995,10.1725,4.177499999999999,-0.2712499999999993,16.43875,False,False,OK
E12000008,South East,E07000105,Ashford,2017,9.1,5.995,10.1725,4.177499999999999,-0.2712499999999993,16.43875,False,False,OK
E12000008,South East,E07000106,Canterbury,2017,8.78,5.995,10.1725,4.177499999999999,-0.2712499999999993,16.43875,False,False,OK
E12000008,South East,E07000107,Dartford,2017,9.32,5.995,10.1725,4.177499999999999,-0.2712499999999993,16.43875,False,False,OK
E12000008,South East,E07000108,Dover,2017,8.84,5.995,10.1725,4.177499999999999,-0.2712499999999993,16.43875,False,False,OK
E12000008,South East,E07000109,Gravesham,2017,9.66,5.995,10.1725,4.177499999999999,-0.2712499999999993,16.43875,False,False,OK
E12000008,South East,E07000110,Maidstone,2017,9.84,5.995,10.1725,4.177499999999999,-0.2712499999999993,16.43875,False,False,OK
E12000008,South East,E07000111,Sevenoaks,2017,11.56,5.995,10.1725,4.177499999999999,-0.2712499999999993,16.43875,False,False,OK
E12000008,South East,E07000112,Folkestone and Hythe,2017,8.95,5.995,10.1725,4.177499999999999,-0.2712499999999993,16.43875,False,False,OK
E12000008,South East,E07000113,Swale,2017,7.89,5.995,10.1725,4.177499999999999,-0.2712499999999993,16.43875,False,False,OK
E12000008,South East,E07000114,Thanet,2017,8.69,5.995,10.1725,4.177499999999999,-0.2712499999999993,16.43875,False,False,OK
E12000008,South East,E07000115,Tonbridge and Malling,2017,10.04,5.995,10.1725,4.177499999999999,-0.2712499999999993,16.43875,False,False,OK
E12000008,South East,E07000116,Tunbridge Wells,2017,11.48,5.995,10.1725,4.177499999999999,-0.2712499999999993,16.43875,False,False,OK
E12000008,South East,E07000177,Cherwell,2017,9.6,5.995,10.1725,4.177499999999999,-0.2712499999999993,16.43875,False,False,OK
E12000008,South East,E07000178,Oxford,2017,12.17,5.995,10.1725,4.177499999999999,-0.2712499999999993,16.43875,False,False,OK
E12000008,South East,E07000179,South Oxfordshire,2017,10.34,5.995,10.1725,4.177499999999999,-0.2712499999999993,16.43875,False,False,OK
E12000008,South East,E07000180,Vale of White Horse,2017,9.71,5.995,10.1725,4.177499999999999,-0.2712499999999993,16.43875,False,False,OK
E12000008,South East,E07000181,West Oxfordshire,2017,10.62,5.995,10.1725,4.177499999999999,-0.2712499999999993,16.43875,False,False,OK
E12000008,South East,E07000207,Elmbridge,2017,14.92,5.995,10.1725,4.177499999999999,-0.2712499999999993,16.43875,False,False,OK
E12000008,South East,E07000208,Epsom and Ewell,2017,13.07,5.995,10.1725,4.177499999999999,-0.2712499999999993,16.43875,False,False,OK
E12000008,South East,E07000209,Guildford,2017,11.74,5.995,10.1725,4.177499999999999,-0.2712499999999993,16.43875,False,False,OK
E12000008,South East,E07000210,Mole Valley,2017,14.42,5.995,10.1725,4.177499999999999,-0.2712499999999993,16.43875,False,False,OK
E12000008,South East,E07000211,Reigate and Banstead,2017,11.59,5.995,10.1725,4.177499999999999,-0.2712499999999993,16.43875,False,False,OK
E12000008,South East,E07000212,Runnymede,2017,12.15,5.995,10.1725,4.177499999999999,-0.2712499999999993,16.43875,False,False,OK
E12000008,South East,E07000213,Spelthorne,2017,11.2,5.995,10.1725,4.177499999999999,-0.2712499999999993,16.43875,False,False,OK
E12000008,South East,E07000214,Surrey Heath,2017,10.17,5.995,10.1725,4.177499999999999,-0.2712499999999993,16.43875,False,False,OK
E12000008,South East,E07000215,Tandridge,2017,12.35,5.995,10.1725,4.177499999999999,-0.2712499999999993,16.43875,False,False,OK
E12000008,South East,E07000216,Waverley,2017,11.24,5.995,10.1725,4.177499999999999,-0.2712499999999993,16.43875,False,False,OK
E12000008,South East,E07000217,Woking,2017,11.07,5.995,10.1725,4.177499999999999,-0.2712499999999993,16.43875,False,False,OK
E12000008,South East,E07000223,Adur,2017,12.23,5.995,10.1725,4.177499999999999,-0.2712499999999993,16.43875,False,False,OK
E12000008,South East,E07000224,Arun,2017,10.36,5.995,10.1725,4.177499999999999,-0.2712499999999993,16.43875,False,False,OK
E12000008,South East,E07000225,Chichester,2017,11.57,5.995,10.1725,4.177499999999999,-0.2712499999999993,16.43875,False,False,OK
E12000008,South East,E07000226,Crawley,2017,10.0,5.995,10.1725,4.177499999999999,-0.2712499999999993,16.43875,False,False,OK
E12000008,South East,E07000227,Horsham,2017,11.24,5.995,10.1725,4.177499999999999,-0.2712499999999993,16.43875,False,False,OK
E12000008,South East,E07000228,Mid Sussex,2017,10.71,5.995,10.1725,4.177499999999999,-0.2712499999999993,16.43875,False,False,OK
E12000008,South East,E07000229,Worthing,2017,10.56,5.995,10.1725,4.177499999999999,-0.2712499999999993,16.43875,False,False,OK
E12000009,South West,E06000022,Bath and North East Somerset,2017,10.78,5.995,10.1725,4.177499999999999,-0.2712499999999993,16.43875,False,False,OK
E12000009,South West,E06000023,"Bristol, City of",2017,9.13,5.995,10.1725,4.177499999999999,-0.2712499999999993,16.43875,False,False,OK
E12000009,South West,E06000024,North Somerset,2017,7.68,5.995,10.1725,4.177499999999999,-0.2712499999999993,16.43875,False,False,OK
E12000009,South West,E06000025,South Gloucestershire,2017,8.47,5.995,10.1725,4.177499999999999,-0.2712499999999993,16.43875,False,False,OK
E12000009,South West,E06000026,Plymouth,2017,6.26,5.995,10.1725,4.177499999999999,-0.2712499999999993,16.43875,False,False,OK
E12000009,South West,E06000027,Torbay,2017,7.87,5.995,10.1725,4.177499999999999,-0.2712499999999993,16.43875,False,False,OK
E12000009,South West,E06000030,Swindon,2017,7.45,5.995,10.1725,4.177499999999999,-0.2712499999999993,16.43875,False,False,OK
E12000009,South West,E06000052,Cornwall,2017,8.6,5.995,10.1725,4.177499999999999,-0.2712499999999993,16.43875,False,False,OK
E12000009,South West,E06000053,Isles of Scilly,2017,,5.995,10.1725,4.177499999999999,-0.2712499999999993,16.43875,False,True,Missing ratio value
E12000009,South West,E06000054,Wiltshire,2017,8.92,5.995,10.1725,4.177499999999999,-0.2712499999999993,16.43875,False,False,OK
E12000009,South West,E06000058,"Bournemouth, Christchurch and Poole",2017,9.57,5.995,10.1725,4.177499999999999,-0.2712499999999993,16.43875,False,False,OK
E12000009,South West,E06000059,Dorset,2017,10.68,5.995,10.1725,4.177499999999999,-0.2712499999999993,16.43875,False,False,OK
E12000009,South West,E06000066,Somerset,2017,8.17,5.995,10.1725,4.177499999999999,-0.2712499999999993,16.43875,False,False,OK
E12000009,South West,E07000040,East Devon,2017,9.87,5.995,10.1725,4.177499999999999,-0.2712499999999993,16.43875,False,False,OK
E12000009,South West,E07000041,Exeter,2017,9.16,5.995,10.1725,4.177499999999999,-0.2712499999999993,16.43875,False,False,OK
E12000009,South West,E07000042,Mid Devon,2017,8.01,5.995,10.1725,4.177499999999999,-0.2712499999999993,16.43875,False,False,OK
E12000009,South West,E07000043,North Devon,2017,10.08,5.995,10.1725,4.177499999999999,-0.2712499999999993,16.43875,False,False,OK
E12000009,South West,E07000044,South Hams,2017,10.34,5.995,10.1725,4.177499999999999,-0.2712499999999993,16.43875,False,False,OK
E12000009,South West,E07000045,Teignbridge,2017,10.15,5.995,10.1725,4.177499999999999,-0.2712499999999993,16.43875,False,False,OK
E12000009,South West,E07000046,Torridge,2017,8.4,5.995,10.1725,4.177499999999999,-0.2712499999999993,16.43875,False,False,OK
E12000009,South West,E07000047,West Devon,2017,9.23,5.995,10.1725,4.177499999999999,-0.2712499999999993,16.43875,False,False,OK
E12000009,South West,E07000078,Cheltenham,2017,8.68,5.995,10.1725,4.177499999999999,-0.2712499999999993,16.43875,False,False,OK
E12000009,South West,E07000079,Cotswold,2017,11.01,5.995,10.1725,4.177499999999999,-0.2712499999999993,16.43875,False,False,OK
E12000009,South West,E07000080,Forest of Dean,2017,6.44,5.995,10.1725,4.177499999999999,-0.2712499999999993,16.43875,False,False,OK
E12000009,South West,E07000081,Gloucester,2017,6.91,5.995,10.1725,4.177499999999999,-0.2712499999999993,16.43875,False,False,OK
E12000009,South West,E07000082,Stroud,2017,8.99,5.995,10.1725,4.177499999999999,-0.2712499999999993,16.43875,False,False,OK
E12000009,South West,E07000083,Tewkesbury,2017,7.92,5.995,10.1725,4.177499999999999,-0.2712499999999993,16.43875,False,False,OK
W92000004,Wales,W06000001,Isle of Anglesey,2017,6.49,5.995,10.1725,4.177499999999999,-0.2712499999999993,16.43875,False,False,OK
W92000004,Wales,W06000002,Gwynedd,2017,6.26,5.995,10.1725,4.177499999999999,-0.2712499999999993,16.43875,False,False,OK
W92000004,Wales,W06000003,Conwy,2017,5.98,5.995,10.1725,4.177499999999999,-0.2712499999999993,16.43875,False,False,OK
W92000004,Wales,W06000004,Denbighshire,2017,5.56,5.995,10.1725,4.177499999999999,-0.2712499999999993,16.43875,False,False,OK
W92000004,Wales,W06000005,Flintshire,2017,5.82,5.995,10.1725,4.177499999999999,-0.2712499999999993,16.43875,False,False,OK
W92000004,Wales,W06000006,Wrexham,2017,5.81,5.995,10.1725,4.177499999999999,-0.2712499999999993,16.43875,False,False,OK
W92000004,Wales,W06000008,Ceredigion,2017,7.57,5.995,10.1725,4.177499999999999,-0.2712499999999993,16.43875,False,False,OK
W92000004,Wales,W06000009,Pembrokeshire,2017,6.69,5.995,10.1725,4.177499999999999,-0.2712499999999993,16.43875,False,False,OK
W92000004,Wales,W06000010,Carmarthenshire,2017,5.07,5.995,10.1725,4.177499999999999,-0.2712499999999993,16.43875,False,False,OK
W92000004,Wales,W06000011,Swansea,2017,5.32,5.995,10.1725,4.177499999999999,-0.2712499999999993,16.43875,False,False,OK
W92000004,Wales,W06000012,Neath Port Talbot,2017,4.39,5.995,10.1725,4.177499999999999,-0.2712499999999993,16.43875,False,False,OK
W92000004,Wales,W06000013,Bridgend,2017,5.41,5.995,10.1725,4.177499999999999,-0.2712499999999993,16.43875,False,False,OK
W92000004,Wales,W06000014,Vale of Glamorgan,2017,6.63,5.995,10.1725,4.177499999999999,-0.2712499999999993,16.43875,False,False,OK
W92000004,Wales,W06000015,Cardiff,2017,6.57,5.995,10.1725,4.177499999999999,-0.2712499999999993,16.43875,False,False,OK
W92000004,Wales,W06000016,Rhondda Cynon Taf,2017,4.12,5.995,10.1725,4.177499999999999,-0.2712499999999993,16.43875,False,False,OK
W92000004,Wales,W06000018,Caerphilly,2017,4.89,5.995,10.1725,4.177499999999999,-0.2712499999999993,16.43875,False,False,OK
W92000004,Wales,W06000019,Blaenau Gwent,2017,3.19,5.995,10.1725,4.177499999999999,-0.2712499999999993,16.43875,False,False,OK
W92000004,Wales,W06000020,Torfaen,2017,4.68,5.995,10.1725,4.177499999999999,-0.2712499999999993,16.43875,False,False,OK
W92000004,Wales,W06000021,Monmouthshire,2017,7.16,5.995,10.1725,4.177499999999999,-0.2712499999999993,16.43875,False,False,OK
W92000004,Wales,W06000022,Newport,2017,6.0,5.995,10.1725,4.177499999999999,-0.2712499999999993,16.43875,False,False,OK
W92000004,Wales,W06000023,Powys,2017,6.99,5.995,10.1725,4.177499999999999,-0.2712499999999993,16.43875,False,False,OK
W92000004,Wales,W06000024,Merthyr Tydfil,2017,3.93,5.995,10.1725,4.177499999999999,-0.2712499999999993,16.43875,False,False,OK
E12000001,North East,E06000001,Hartlepool,2018,4.6,6.09,10.31,4.220000000000001,-0.2400000000000011,16.64,False,False,OK
E12000001,North East,E06000002,Middlesbrough,2018,5.23,6.09,10.31,4.220000000000001,-0.2400000000000011,16.64,False,False,OK
E12000001,North East,E06000003,Redcar and Cleveland,2018,5.36,6.09,10.31,4.220000000000001,-0.2400000000000011,16.64,False,False,OK
E12000001,North East,E06000004,Stockton-on-Tees,2018,5.43,6.09,10.31,4.220000000000001,-0.2400000000000011,16.64,False,False,OK
E12000001,North East,E06000005,Darlington,2018,5.26,6.09,10.31,4.220000000000001,-0.2400000000000011,16.64,False,False,OK
E12000001,North East,E06000047,County Durham,2018,4.44,6.09,10.31,4.220000000000001,-0.2400000000000011,16.64,False,False,OK
E12000001,North East,E06000057,Northumberland,2018,6.01,6.09,10.31,4.220000000000001,-0.2400000000000011,16.64,False,False,OK
E12000001,North East,E08000021,Newcastle upon Tyne,2018,5.94,6.09,10.31,4.220000000000001,-0.2400000000000011,16.64,False,False,OK
E12000001,North East,E08000022,North Tyneside,2018,5.9,6.09,10.31,4.220000000000001,-0.2400000000000011,16.64,False,False,OK
E12000001,North East,E08000023,South Tyneside,2018,5.48,6.09,10.31,4.220000000000001,-0.2400000000000011,16.64,False,False,OK
E12000001,North East,E08000024,Sunderland,2018,4.95,6.09,10.31,4.220000000000001,-0.2400000000000011,16.64,False,False,OK
E12000001,North East,E08000037,Gateshead,2018,5.23,6.09,10.31,4.220000000000001,-0.2400000000000011,16.64,False,False,OK
E12000002,North West,E06000006,Halton,2018,5.07,6.09,10.31,4.220000000000001,-0.2400000000000011,16.64,False,False,OK
E12000002,North West,E06000007,Warrington,2018,5.85,6.09,10.31,4.220000000000001,-0.2400000000000011,16.64,False,False,OK
E12000002,North West,E06000008,Blackburn with Darwen,2018,5.12,6.09,10.31,4.220000000000001,-0.2400000000000011,16.64,False,False,OK
E12000002,North West,E06000009,Blackpool,2018,4.79,6.09,10.31,4.220000000000001,-0.2400000000000011,16.64,False,False,OK
E12000002,North West,E06000049,Cheshire East,2018,7.78,6.09,10.31,4.220000000000001,-0.2400000000000011,16.64,False,False,OK
E12000002,North West,E06000050,Cheshire West and Chester,2018,6.65,6.09,10.31,4.220000000000001,-0.2400000000000011,16.64,False,False,OK
E12000002,North West,E06000063,Cumberland,2018,5.16,6.09,10.31,4.220000000000001,-0.2400000000000011,16.64,False,False,OK
E12000002,North West,E06000064,Westmorland and Furness,2018,6.23,6.09,10.31,4.220000000000001,-0.2400000000000011,16.64,False,False,OK
E12000002,North West,E07000117,Burnley,2018,3.63,6.09,10.31,4.220000000000001,-0.2400000000000011,16.64,False,False,OK
E12000002,North West,E07000118,Chorley,2018,5.47,6.09,10.31,4.220000000000001,-0.2400000000000011,16.64,False,False,OK
E12000002,North West,E07000119,Fylde,2018,6.06,6.09,10.31,4.220000000000001,-0.2400000000000011,16.64,False,False,OK
E12000002,North West,E07000120,Hyndburn,2018,4.42,6.09,10.31,4.220000000000001,-0.2400000000000011,16.64,False,False,OK
E12000002,North West,E07000121,Lancaster,2018,5.72,6.09,10.31,4.220000000000001,-0.2400000000000011,16.64,False,False,OK
E12000002,North West,E07000122,Pendle,2018,3.85,6.09,10.31,4.220000000000001,-0.2400000000000011,16.64,False,False,OK
E12000002,North West,E07000123,Preston,2018,5.56,6.09,10.31,4.220000000000001,-0.2400000000000011,16.64,False,False,OK
E12000002,North West,E07000124,Ribble Valley,2018,6.98,6.09,10.31,4.220000000000001,-0.2400000000000011,16.64,False,False,OK
E12000002,North West,E07000125,Rossendale,2018,5.2,6.09,10.31,4.220000000000001,-0.2400000000000011,16.64,False,False,OK
E12000002,North West,E07000126,South Ribble,2018,5.88,6.09,10.31,4.220000000000001,-0.2400000000000011,16.64,False,False,OK
E12000002,North West,E07000127,West Lancashire,2018,6.19,6.09,10.31,4.220000000000001,-0.2400000000000011,16.64,False,False,OK
E12000002,North West,E07000128,Wyre,2018,6.15,6.09,10.31,4.220000000000001,-0.2400000000000011,16.64,False,False,OK
E12000002,North West,E08000001,Bolton,2018,5.28,6.09,10.31,4.220000000000001,-0.2400000000000011,16.64,False,False,OK
E12000002,North West,E08000002,Bury,2018,5.6,6.09,10.31,4.220000000000001,-0.2400000000000011,16.64,False,False,OK
E12000002,North West,E08000003,Manchester,2018,6.49,6.09,10.31,4.220000000000001,-0.2400000000000011,16.64,False,False,OK
E12000002,North West,E08000004,Oldham,2018,5.2,6.09,10.31,4.220000000000001,-0.2400000000000011,16.64,False,False,OK
E12000002,North West,E08000005,Rochdale,2018,5.22,6.09,10.31,4.220000000000001,-0.2400000000000011,16.64,False,False,OK
E12000002,North West,E08000006,Salford,2018,6.21,6.09,10.31,4.220000000000001,-0.2400000000000011,16.64,False,False,OK
E12000002,North West,E08000007,Stockport,2018,7.09,6.09,10.31,4.220000000000001,-0.2400000000000011,16.64,False,False,OK
E12000002,North West,E08000008,Tameside,2018,5.74,6.09,10.31,4.220000000000001,-0.2400000000000011,16.64,False,False,OK
E12000002,North West,E08000009,Trafford,2018,7.57,6.09,10.31,4.220000000000001,-0.2400000000000011,16.64,False,False,OK
E12000002,North West,E08000010,Wigan,2018,4.99,6.09,10.31,4.220000000000001,-0.2400000000000011,16.64,False,False,OK
E12000002,North West,E08000011,Knowsley,2018,4.96,6.09,10.31,4.220000000000001,-0.2400000000000011,16.64,False,False,OK
E12000002,North West,E08000012,Liverpool,2018,4.76,6.09,10.31,4.220000000000001,-0.2400000000000011,16.64,False,False,OK
E12000002,North West,E08000013,St. Helens,2018,5.03,6.09,10.31,4.220000000000001,-0.2400000000000011,16.64,False,False,OK
E12000002,North West,E08000014,Sefton,2018,5.87,6.09,10.31,4.220000000000001,-0.2400000000000011,16.64,False,False,OK
E12000002,North West,E08000015,Wirral,2018,5.77,6.09,10.31,4.220000000000001,-0.2400000000000011,16.64,False,False,OK
E12000003,Yorkshire and The Humber,E06000010,"Kingston upon Hull, City of",2018,4.75,6.09,10.31,4.220000000000001,-0.2400000000000011,16.64,False,False,OK
E12000003,Yorkshire and The Humber,E06000011,East Riding of Yorkshire,2018,6.09,6.09,10.31,4.220000000000001,-0.2400000000000011,16.64,False,False,OK
E12000003,Yorkshire and The Humber,E06000012,North East Lincolnshire,2018,5.0,6.09,10.31,4.220000000000001,-0.2400000000000011,16.64,False,False,OK
E12000003,Yorkshire and The Humber,E06000013,North Lincolnshire,2018,4.83,6.09,10.31,4.220000000000001,-0.2400000000000011,16.64,False,False,OK
E12000003,Yorkshire and The Humber,E06000014,York,2018,8.81,6.09,10.31,4.220000000000001,-0.2400000000000011,16.64,False,False,OK
E12000003,Yorkshire and The Humber,E06000065,North Yorkshire,2018,7.63,6.09,10.31,4.220000000000001,-0.2400000000000011,16.64,False,False,OK
E12000003,Yorkshire and The Humber,E08000017,Doncaster,2018,4.74,6.09,10.31,4.220000000000001,-0.2400000000000011,16.64,False,False,OK
E12000003,Yorkshire and The Humber,E08000018,Rotherham,2018,5.32,6.09,10.31,4.220000000000001,-0.2400000000000011,16.64,False,False,OK
E12000003,Yorkshire and The Humber,E08000032,Bradford,2018,5.37,6.09,10.31,4.220000000000001,-0.2400000000000011,16.64,False,False,OK
E12000003,Yorkshire and The Humber,E08000033,Calderdale,2018,5.02,6.09,10.31,4.220000000000001,-0.2400000000000011,16.64,False,False,OK
E12000003,Yorkshire and The Humber,E08000034,Kirklees,2018,5.52,6.09,10.31,4.220000000000001,-0.2400000000000011,16.64,False,False,OK
E12000003,Yorkshire and The Humber,E08000035,Leeds,2018,6.24,6.09,10.31,4.220000000000001,-0.2400000000000011,16.64,False,False,OK
E12000003,Yorkshire and The Humber,E08000036,Wakefield,2018,5.84,6.09,10.31,4.220000000000001,-0.2400000000000011,16.64,False,False,OK
E12000003,Yorkshire and The Humber,E08000038,Barnsley,2018,5.12,6.09,10.31,4.220000000000001,-0.2400000000000011,16.64,False,False,OK
E12000003,Yorkshire and The Humber,E08000039,Sheffield,2018,5.68,6.09,10.31,4.220000000000001,-0.2400000000000011,16.64,False,False,OK
E12000004,East Midlands,E06000015,Derby,2018,4.85,6.09,10.31,4.220000000000001,-0.2400000000000011,16.64,False,False,OK
E12000004,East Midlands,E06000016,Leicester,2018,7.53,6.09,10.31,4.220000000000001,-0.2400000000000011,16.64,False,False,OK
E12000004,East Midlands,E06000017,Rutland,2018,9.38,6.09,10.31,4.220000000000001,-0.2400000000000011,16.64,False,False,OK
E12000004,East Midlands,E06000018,Nottingham,2018,5.8,6.09,10.31,4.220000000000001,-0.2400000000000011,16.64,False,False,OK
E12000004,East Midlands,E06000061,North Northamptonshire,2018,7.5,6.09,10.31,4.220000000000001,-0.2400000000000011,16.64,False,False,OK
E12000004,East Midlands,E06000062,West Northamptonshire,2018,8.48,6.09,10.31,4.220000000000001,-0.2400000000000011,16.64,False,False,OK
E12000004,East Midlands,E07000032,Amber Valley,2018,5.79,6.09,10.31,4.220000000000001,-0.2400000000000011,16.64,False,False,OK
E12000004,East Midlands,E07000033,Bolsover,2018,5.16,6.09,10.31,4.220000000000001,-0.2400000000000011,16.64,False,False,OK
E12000004,East Midlands,E07000034,Chesterfield,2018,5.77,6.09,10.31,4.220000000000001,-0.2400000000000011,16.64,False,False,OK
E12000004,East Midlands,E07000035,Derbyshire Dales,2018,8.09,6.09,10.31,4.220000000000001,-0.2400000000000011,16.64,False,False,OK
E12000004,East Midlands,E07000036,Erewash,2018,5.61,6.09,10.31,4.220000000000001,-0.2400000000000011,16.64,False,False,OK
E12000004,East Midlands,E07000037,High Peak,2018,6.55,6.09,10.31,4.220000000000001,-0.2400000000000011,16.64,False,False,OK
E12000004,East Midlands,E07000038,North East Derbyshire,2018,6.25,6.09,10.31,4.220000000000001,-0.2400000000000011,16.64,False,False,OK
E12000004,East Midlands,E07000039,South Derbyshire,2018,6.22,6.09,10.31,4.220000000000001,-0.2400000000000011,16.64,False,False,OK
E12000004,East Midlands,E07000129,Blaby,2018,7.26,6.09,10.31,4.220000000000001,-0.2400000000000011,16.64,False,False,OK
E12000004,East Midlands,E07000130,Charnwood,2018,7.08,6.09,10.31,4.220000000000001,-0.2400000000000011,16.64,False,False,OK
E12000004,East Midlands,E07000131,Harborough,2018,7.71,6.09,10.31,4.220000000000001,-0.2400000000000011,16.64,False,False,OK
E12000004,East Midlands,E07000132,Hinckley and Bosworth,2018,6.97,6.09,10.31,4.220000000000001,-0.2400000000000011,16.64,False,False,OK
E12000004,East Midlands,E07000133,Melton,2018,7.56,6.09,10.31,4.220000000000001,-0.2400000000000011,16.64,False,False,OK
E12000004,East Midlands,E07000134,North West Leicestershire,2018,7.03,6.09,10.31,4.220000000000001,-0.2400000000000011,16.64,False,False,OK
E12000004,East Midlands,E07000135,Oadby and Wigston,2018,7.49,6.09,10.31,4.220000000000001,-0.2400000000000011,16.64,False,False,OK
E12000004,East Midlands,E07000136,Boston,2018,7.21,6.09,10.31,4.220000000000001,-0.2400000000000011,16.64,False,False,OK
E12000004,East Midlands,E07000137,East Lindsey,2018,6.43,6.09,10.31,4.220000000000001,-0.2400000000000011,16.64,False,False,OK
E12000004,East Midlands,E07000138,Lincoln,2018,5.9,6.09,10.31,4.220000000000001,-0.2400000000000011,16.64,False,False,OK
E12000004,East Midlands,E07000139,North Kesteven,2018,6.2,6.09,10.31,4.220000000000001,-0.2400000000000011,16.64,False,False,OK
E12000004,East Midlands,E07000140,South Holland,2018,7.1,6.09,10.31,4.220000000000001,-0.2400000000000011,16.64,False,False,OK
E12000004,East Midlands,E07000141,South Kesteven,2018,7.93,6.09,10.31,4.220000000000001,-0.2400000000000011,16.64,False,False,OK
E12000004,East Midlands,E07000142,West Lindsey,2018,5.97,6.09,10.31,4.220000000000001,-0.2400000000000011,16.64,False,False,OK
E12000004,East Midlands,E07000170,Ashfield,2018,5.6,6.09,10.31,4.220000000000001,-0.2400000000000011,16.64,False,False,OK
E12000004,East Midlands,E07000171,Bassetlaw,2018,5.38,6.09,10.31,4.220000000000001,-0.2400000000000011,16.64,False,False,OK
E12000004,East Midlands,E07000172,Broxtowe,2018,5.99,6.09,10.31,4.220000000000001,-0.2400000000000011,16.64,False,False,OK
E12000004,East Midlands,E07000173,Gedling,2018,6.11,6.09,10.31,4.220000000000001,-0.2400000000000011,16.64,False,False,OK
E12000004,East Midlands,E07000174,Mansfield,2018,5.77,6.09,10.31,4.220000000000001,-0.2400000000000011,16.64,False,False,OK
E12000004,East Midlands,E07000175,Newark and Sherwood,2018,6.53,6.09,10.31,4.220000000000001,-0.2400000000000011,16.64,False,False,OK
E12000004,East Midlands,E07000176,Rushcliffe,2018,7.72,6.09,10.31,4.220000000000001,-0.2400000000000011,16.64,False,False,OK
E12000005,West Midlands,E06000019,"Herefordshire, County of",2018,9.34,6.09,10.31,4.220000000000001,-0.2400000000000011,16.64,False,False,OK
E12000005,West Midlands,E06000020,Telford and Wrekin,2018,6.37,6.09,10.31,4.220000000000001,-0.2400000000000011,16.64,False,False,OK
E12000005,West Midlands,E06000021,Stoke-on-Trent,2018,4.62,6.09,10.31,4.220000000000001,-0.2400000000000011,16.64,False,False,OK
E12000005,West Midlands,E06000051,Shropshire,2018,7.78,6.09,10.31,4.220000000000001,-0.2400000000000011,16.64,False,False,OK
E12000005,West Midlands,E07000192,Cannock Chase,2018,6.12,6.09,10.31,4.220000000000001,-0.2400000000000011,16.64,False,False,OK
E12000005,West Midlands,E07000193,East Staffordshire,2018,6.9,6.09,10.31,4.220000000000001,-0.2400000000000011,16.64,False,False,OK
E12000005,West Midlands,E07000194,Lichfield,2018,7.38,6.09,10.31,4.220000000000001,-0.2400000000000011,16.64,False,False,OK
E12000005,West Midlands,E07000195,Newcastle-under-Lyme,2018,5.43,6.09,10.31,4.220000000000001,-0.2400000000000011,16.64,False,False,OK
E12000005,West Midlands,E07000196,South Staffordshire,2018,6.95,6.09,10.31,4.220000000000001,-0.2400000000000011,16.64,False,False,OK
E12000005,West Midlands,E07000197,Stafford,2018,6.82,6.09,10.31,4.220000000000001,-0.2400000000000011,16.64,False,False,OK
E12000005,West Midlands,E07000198,Staffordshire Moorlands,2018,6.02,6.09,10.31,4.220000000000001,-0.2400000000000011,16.64,False,False,OK
E12000005,West Midlands,E07000199,Tamworth,2018,6.91,6.09,10.31,4.220000000000001,-0.2400000000000011,16.64,False,False,OK
E12000005,West Midlands,E07000218,North Warwickshire,2018,6.55,6.09,10.31,4.220000000000001,-0.2400000000000011,16.64,False,False,OK
E12000005,West Midlands,E07000219,Nuneaton and Bedworth,2018,6.5,6.09,10.31,4.220000000000001,-0.2400000000000011,16.64,False,False,OK
E12000005,West Midlands,E07000220,Rugby,2018,7.38,6.09,10.31,4.220000000000001,-0.2400000000000011,16.64,False,False,OK
E12000005,West Midlands,E07000221,Stratford-on-Avon,2018,9.88,6.09,10.31,4.220000000000001,-0.2400000000000011,16.64,False,False,OK
E12000005,West Midlands,E07000222,Warwick,2018,8.97,6.09,10.31,4.220000000000001,-0.2400000000000011,16.64,False,False,OK
E12000005,West Midlands,E07000234,Bromsgrove,2018,8.16,6.09,10.31,4.220000000000001,-0.2400000000000011,16.64,False,False,OK
E12000005,West Midlands,E07000235,Malvern Hills,2018,9.89,6.09,10.31,4.220000000000001,-0.2400000000000011,16.64,False,False,OK
E12000005,West Midlands,E07000236,Redditch,2018,8.17,6.09,10.31,4.220000000000001,-0.2400000000000011,16.64,False,False,OK
E12000005,West Midlands,E07000237,Worcester,2018,6.86,6.09,10.31,4.220000000000001,-0.2400000000000011,16.64,False,False,OK
E12000005,West Midlands,E07000238,Wychavon,2018,9.0,6.09,10.31,4.220000000000001,-0.2400000000000011,16.64,False,False,OK
E12000005,West Midlands,E07000239,Wyre Forest,2018,6.94,6.09,10.31,4.220000000000001,-0.2400000000000011,16.64,False,False,OK
E12000005,West Midlands,E08000025,Birmingham,2018,6.14,6.09,10.31,4.220000000000001,-0.2400000000000011,16.64,False,False,OK
E12000005,West Midlands,E08000026,Coventry,2018,6.09,6.09,10.31,4.220000000000001,-0.2400000000000011,16.64,False,False,OK
E12000005,West Midlands,E08000027,Dudley,2018,5.99,6.09,10.31,4.220000000000001,-0.2400000000000011,16.64,False,False,OK
E12000005,West Midlands,E08000028,Sandwell,2018,5.88,6.09,10.31,4.220000000000001,-0.2400000000000011,16.64,False,False,OK
E12000005,West Midlands,E08000029,Solihull,2018,8.0,6.09,10.31,4.220000000000001,-0.2400000000000011,16.64,False,False,OK
E12000005,West Midlands,E08000030,Walsall,2018,6.24,6.09,10.31,4.220000000000001,-0.2400000000000011,16.64,False,False,OK
E12000005,West Midlands,E08000031,Wolverhampton,2018,5.9,6.09,10.31,4.220000000000001,-0.2400000000000011,16.64,False,False,OK
E12000006,East of England,E06000031,Peterborough,2018,7.33,6.09,10.31,4.220000000000001,-0.2400000000000011,16.64,False,False,OK
E12000006,East of England,E06000032,Luton,2018,8.77,6.09,10.31,4.220000000000001,-0.2400000000000011,16.64,False,False,OK
E12000006,East of England,E06000033,Southend-on-Sea,2018,8.6,6.09,10.31,4.220000000000001,-0.2400000000000011,16.64,False,False,OK
E12000006,East of England,E06000034,Thurrock,2018,9.26,6.09,10.31,4.220000000000001,-0.2400000000000011,16.64,False,False,OK
E12000006,East of England,E06000055,Bedford,2018,9.41,6.09,10.31,4.220000000000001,-0.2400000000000011,16.64,False,False,OK
E12000006,East of England,E06000056,Central Bedfordshire,2018,9.73,6.09,10.31,4.220000000000001,-0.2400000000000011,16.64,False,False,OK
E12000006,East of England,E07000008,Cambridge,2018,13.04,6.09,10.31,4.220000000000001,-0.2400000000000011,16.64,False,False,OK
E12000006,East of England,E07000009,East Cambridgeshire,2018,9.5,6.09,10.31,4.220000000000001,-0.2400000000000011,16.64,False,False,OK
E12000006,East of England,E07000010,Fenland,2018,6.68,6.09,10.31,4.220000000000001,-0.2400000000000011,16.64,False,False,OK
E12000006,East of England,E07000011,Huntingdonshire,2018,8.5,6.09,10.31,4.220000000000001,-0.2400000000000011,16.64,False,False,OK
E12000006,East of England,E07000012,South Cambridgeshire,2018,9.74,6.09,10.31,4.220000000000001,-0.2400000000000011,16.64,False,False,OK
E12000006,East of England,E07000066,Basildon,2018,9.49,6.09,10.31,4.220000000000001,-0.2400000000000011,16.64,False,False,OK
E12000006,East of England,E07000067,Braintree,2018,8.55,6.09,10.31,4.220000000000001,-0.2400000000000011,16.64,False,False,OK
E12000006,East of England,E07000068,Brentwood,2018,10.83,6.09,10.31,4.220000000000001,-0.2400000000000011,16.64,False,False,OK
E12000006,East of England,E07000069,Castle Point,2018,9.51,6.09,10.31,4.220000000000001,-0.2400000000000011,16.64,False,False,OK
E12000006,East of England,E07000070,Chelmsford,2018,11.2,6.09,10.31,4.220000000000001,-0.2400000000000011,16.64,False,False,OK
E12000006,East of England,E07000071,Colchester,2018,8.8,6.09,10.31,4.220000000000001,-0.2400000000000011,16.64,False,False,OK
E12000006,East of England,E07000072,Epping Forest,2018,12.73,6.09,10.31,4.220000000000001,-0.2400000000000011,16.64,False,False,OK
E12000006,East of England,E07000073,Harlow,2018,10.16,6.09,10.31,4.220000000000001,-0.2400000000000011,16.64,False,False,OK
E12000006,East of England,E07000074,Maldon,2018,10.03,6.09,10.31,4.220000000000001,-0.2400000000000011,16.64,False,False,OK
E12000006,East of England,E07000075,Rochford,2018,8.88,6.09,10.31,4.220000000000001,-0.2400000000000011,16.64,False,False,OK
E12000006,East of England,E07000076,Tendring,2018,8.42,6.09,10.31,4.220000000000001,-0.2400000000000011,16.64,False,False,OK
E12000006,East of England,E07000077,Uttlesford,2018,11.89,6.09,10.31,4.220000000000001,-0.2400000000000011,16.64,False,False,OK
E12000006,East of England,E07000095,Broxbourne,2018,10.43,6.09,10.31,4.220000000000001,-0.2400000000000011,16.64,False,False,OK
E12000006,East of England,E07000096,Dacorum,2018,11.2,6.09,10.31,4.220000000000001,-0.2400000000000011,16.64,False,False,OK
E12000006,East of England,E07000098,Hertsmere,2018,13.75,6.09,10.31,4.220000000000001,-0.2400000000000011,16.64,False,False,OK
E12000006,East of England,E07000099,North Hertfordshire,2018,9.63,6.09,10.31,4.220000000000001,-0.2400000000000011,16.64,False,False,OK
E12000006,East of England,E07000102,Three Rivers,2018,13.7,6.09,10.31,4.220000000000001,-0.2400000000000011,16.64,False,False,OK
E12000006,East of England,E07000103,Watford,2018,11.87,6.09,10.31,4.220000000000001,-0.2400000000000011,16.64,False,False,OK
E12000006,East of England,E07000143,Breckland,2018,8.58,6.09,10.31,4.220000000000001,-0.2400000000000011,16.64,False,False,OK
E12000006,East of England,E07000144,Broadland,2018,8.46,6.09,10.31,4.220000000000001,-0.2400000000000011,16.64,False,False,OK
E12000006,East of England,E07000145,Great Yarmouth,2018,6.83,6.09,10.31,4.220000000000001,-0.2400000000000011,16.64,False,False,OK
E12000006,East of England,E07000146,King's Lynn and West Norfolk,2018,7.72,6.09,10.31,4.220000000000001,-0.2400000000000011,16.64,False,False,OK
E12000006,East of England,E07000147,North Norfolk,2018,10.03,6.09,10.31,4.220000000000001,-0.2400000000000011,16.64,False,False,OK
E12000006,East of England,E07000148,Norwich,2018,7.55,6.09,10.31,4.220000000000001,-0.2400000000000011,16.64,False,False,OK
E12000006,East of England,E07000149,South Norfolk,2018,8.12,6.09,10.31,4.220000000000001,-0.2400000000000011,16.64,False,False,OK
E12000006,East of England,E07000200,Babergh,2018,9.28,6.09,10.31,4.220000000000001,-0.2400000000000011,16.64,False,False,OK
E12000006,East of England,E07000202,Ipswich,2018,7.05,6.09,10.31,4.220000000000001,-0.2400000000000011,16.64,False,False,OK
E12000006,East of England,E07000203,Mid Suffolk,2018,9.64,6.09,10.31,4.220000000000001,-0.2400000000000011,16.64,False,False,OK
E12000006,East of England,E07000240,St Albans,2018,12.62,6.09,10.31,4.220000000000001,-0.2400000000000011,16.64,False,False,OK
E12000006,East of England,E07000241,Welwyn Hatfield,2018,11.4,6.09,10.31,4.220000000000001,-0.2400000000000011,16.64,False,False,OK
E12000006,East of England,E07000242,East Hertfordshire,2018,10.75,6.09,10.31,4.220000000000001,-0.2400000000000011,16.64,False,False,OK
E12000006,East of England,E07000243,Stevenage,2018,8.62,6.09,10.31,4.220000000000001,-0.2400000000000011,16.64,False,False,OK
E12000006,East of England,E07000244,East Suffolk,2018,8.6,6.09,10.31,4.220000000000001,-0.2400000000000011,16.64,False,False,OK
E12000006,East of England,E07000245,West Suffolk,2018,8.68,6.09,10.31,4.220000000000001,-0.2400000000000011,16.64,False,False,OK
E12000007,London,E09000001,City of London,2018,16.49,6.09,10.31,4.220000000000001,-0.2400000000000011,16.64,False,False,OK
E12000007,London,E09000002,Barking and Dagenham,2018,10.4,6.09,10.31,4.220000000000001,-0.2400000000000011,16.64,False,False,OK
E12000007,London,E09000003,Barnet,2018,14.45,6.09,10.31,4.220000000000001,-0.2400000000000011,16.64,False,False,OK
E12000007,London,E09000004,Bexley,2018,10.04,6.09,10.31,4.220000000000001,-0.2400000000000011,16.64,False,False,OK
E12000007,London,E09000005,Brent,2018,16.32,6.09,10.31,4.220000000000001,-0.2400000000000011,16.64,False,False,OK
E12000007,London,E09000006,Bromley,2018,11.0,6.09,10.31,4.220000000000001,-0.2400000000000011,16.64,False,False,OK
E12000007,London,E09000007,Camden,2018,18.23,6.09,10.31,4.220000000000001,-0.2400000000000011,16.64,True,False,Statistical outlier
E12000007,London,E09000008,Croydon,2018,10.46,6.09,10.31,4.220000000000001,-0.2400000000000011,16.64,False,False,OK
E12000007,London,E09000009,Ealing,2018,14.16,6.09,10.31,4.220000000000001,-0.2400000000000011,16.64,False,False,OK
E12000007,London,E09000010,Enfield,2018,12.94,6.09,10.31,4.220000000000001,-0.2400000000000011,16.64,False,False,OK
E12000007,London,E09000011,Greenwich,2018,11.95,6.09,10.31,4.220000000000001,-0.2400000000000011,16.64,False,False,OK
E12000007,London,E09000012,Hackney,2018,16.34,6.09,10.31,4.220000000000001,-0.2400000000000011,16.64,False,False,OK
E12000007,London,E09000013,Hammersmith and Fulham,2018,20.04,6.09,10.31,4.220000000000001,-0.2400000000000011,16.64,True,False,Statistical outlier
E12000007,London,E09000014,Haringey,2018,15.67,6.09,10.31,4.220000000000001,-0.2400000000000011,16.64,False,False,OK
E12000007,London,E09000015,Harrow,2018,13.57,6.09,10.31,4.220000000000001,-0.2400000000000011,16.64,False,False,OK
E12000007,London,E09000016,Havering,2018,10.54,6.09,10.31,4.220000000000001,-0.2400000000000011,16.64,False,False,OK
E12000007,London,E09000017,Hillingdon,2018,13.56,6.09,10.31,4.220000000000001,-0.2400000000000011,16.64,False,False,OK
E12000007,London,E09000018,Hounslow,2018,12.75,6.09,10.31,4.220000000000001,-0.2400000000000011,16.64,False,False,OK
E12000007,London,E09000019,Islington,2018,13.08,6.09,10.31,4.220000000000001,-0.2400000000000011,16.64,False,False,OK
E12000007,London,E09000020,Kensington and Chelsea,2018,33.43,6.09,10.31,4.220000000000001,-0.2400000000000011,16.64,True,False,Statistical outlier
E12000007,London,E09000021,Kingston upon Thames,2018,12.74,6.09,10.31,4.220000000000001,-0.2400000000000011,16.64,False,False,OK
E12000007,London,E09000022,Lambeth,2018,13.82,6.09,10.31,4.220000000000001,-0.2400000000000011,16.64,False,False,OK
E12000007,London,E09000023,Lewisham,2018,12.22,6.09,10.31,4.220000000000001,-0.2400000000000011,16.64,False,False,OK
E12000007,London,E09000024,Merton,2018,12.88,6.09,10.31,4.220000000000001,-0.2400000000000011,16.64,False,False,OK
E12000007,London,E09000025,Newham,2018,13.28,6.09,10.31,4.220000000000001,-0.2400000000000011,16.64,False,False,OK
E12000007,London,E09000026,Redbridge,2018,12.79,6.09,10.31,4.220000000000001,-0.2400000000000011,16.64,False,False,OK
E12000007,London,E09000027,Richmond upon Thames,2018,14.84,6.09,10.31,4.220000000000001,-0.2400000000000011,16.64,False,False,OK
E12000007,London,E09000028,Southwark,2018,15.35,6.09,10.31,4.220000000000001,-0.2400000000000011,16.64,False,False,OK
E12000007,London,E09000029,Sutton,2018,10.77,6.09,10.31,4.220000000000001,-0.2400000000000011,16.64,False,False,OK
E12000007,London,E09000030,Tower Hamlets,2018,12.73,6.09,10.31,4.220000000000001,-0.2400000000000011,16.64,False,False,OK
E12000007,London,E09000031,Waltham Forest,2018,13.55,6.09,10.31,4.220000000000001,-0.2400000000000011,16.64,False,False,OK
E12000007,London,E09000032,Wandsworth,2018,14.8,6.09,10.31,4.220000000000001,-0.2400000000000011,16.64,False,False,OK
E12000007,London,E09000033,Westminster,2018,23.71,6.09,10.31,4.220000000000001,-0.2400000000000011,16.64,True,False,Statistical outlier
E12000008,South East,E06000035,Medway,2018,7.96,6.09,10.31,4.220000000000001,-0.2400000000000011,16.64,False,False,OK
E12000008,South East,E06000036,Bracknell Forest,2018,10.63,6.09,10.31,4.220000000000001,-0.2400000000000011,16.64,False,False,OK
E12000008,South East,E06000037,West Berkshire,2018,10.61,6.09,10.31,4.220000000000001,-0.2400000000000011,16.64,False,False,OK
E12000008,South East,E06000038,Reading,2018,9.32,6.09,10.31,4.220000000000001,-0.2400000000000011,16.64,False,False,OK
E12000008,South East,E06000039,Slough,2018,10.21,6.09,10.31,4.220000000000001,-0.2400000000000011,16.64,False,False,OK
E12000008,South East,E06000040,Windsor and Maidenhead,2018,11.73,6.09,10.31,4.220000000000001,-0.2400000000000011,16.64,False,False,OK
E12000008,South East,E06000041,Wokingham,2018,10.52,6.09,10.31,4.220000000000001,-0.2400000000000011,16.64,False,False,OK
E12000008,South East,E06000042,Milton Keynes,2018,9.28,6.09,10.31,4.220000000000001,-0.2400000000000011,16.64,False,False,OK
E12000008,South East,E06000043,Brighton and Hove,2018,11.48,6.09,10.31,4.220000000000001,-0.2400000000000011,16.64,False,False,OK
E12000008,South East,E06000044,Portsmouth,2018,7.66,6.09,10.31,4.220000000000001,-0.2400000000000011,16.64,False,False,OK
E12000008,South East,E06000045,Southampton,2018,8.03,6.09,10.31,4.220000000000001,-0.2400000000000011,16.64,False,False,OK
E12000008,South East,E06000046,Isle of Wight,2018,8.0,6.09,10.31,4.220000000000001,-0.2400000000000011,16.64,False,False,OK
E12000008,South East,E06000060,Buckinghamshire,2018,10.96,6.09,10.31,4.220000000000001,-0.2400000000000011,16.64,False,False,OK
E12000008,South East,E07000061,Eastbourne,2018,8.07,6.09,10.31,4.220000000000001,-0.2400000000000011,16.64,False,False,OK
E12000008,South East,E07000062,Hastings,2018,9.2,6.09,10.31,4.220000000000001,-0.2400000000000011,16.64,False,False,OK
E12000008,South East,E07000063,Lewes,2018,11.16,6.09,10.31,4.220000000000001,-0.2400000000000011,16.64,False,False,OK
E12000008,South East,E07000064,Rother,2018,10.33,6.09,10.31,4.220000000000001,-0.2400000000000011,16.64,False,False,OK
E12000008,South East,E07000065,Wealden,2018,10.44,6.09,10.31,4.220000000000001,-0.2400000000000011,16.64,False,False,OK
E12000008,South East,E07000084,Basingstoke and Deane,2018,9.54,6.09,10.31,4.220000000000001,-0.2400000000000011,16.64,False,False,OK
E12000008,South East,E07000085,East Hampshire,2018,10.27,6.09,10.31,4.220000000000001,-0.2400000000000011,16.64,False,False,OK
E12000008,South East,E07000086,Eastleigh,2018,9.85,6.09,10.31,4.220000000000001,-0.2400000000000011,16.64,False,False,OK
E12000008,South East,E07000087,Fareham,2018,9.13,6.09,10.31,4.220000000000001,-0.2400000000000011,16.64,False,False,OK
E12000008,South East,E07000088,Gosport,2018,7.32,6.09,10.31,4.220000000000001,-0.2400000000000011,16.64,False,False,OK
E12000008,South East,E07000089,Hart,2018,10.72,6.09,10.31,4.220000000000001,-0.2400000000000011,16.64,False,False,OK
E12000008,South East,E07000090,Havant,2018,8.97,6.09,10.31,4.220000000000001,-0.2400000000000011,16.64,False,False,OK
E12000008,South East,E07000091,New Forest,2018,10.78,6.09,10.31,4.220000000000001,-0.2400000000000011,16.64,False,False,OK
E12000008,South East,E07000092,Rushmoor,2018,9.09,6.09,10.31,4.220000000000001,-0.2400000000000011,16.64,False,False,OK
E12000008,South East,E07000093,Test Valley,2018,9.2,6.09,10.31,4.220000000000001,-0.2400000000000011,16.64,False,False,OK
E12000008,South East,E07000094,Winchester,2018,10.25,6.09,10.31,4.220000000000001,-0.2400000000000011,16.64,False,False,OK
E12000008,South East,E07000105,Ashford,2018,9.44,6.09,10.31,4.220000000000001,-0.2400000000000011,16.64,False,False,OK
E12000008,South East,E07000106,Canterbury,2018,9.63,6.09,10.31,4.220000000000001,-0.2400000000000011,16.64,False,False,OK
E12000008,South East,E07000107,Dartford,2018,8.91,6.09,10.31,4.220000000000001,-0.2400000000000011,16.64,False,False,OK
E12000008,South East,E07000108,Dover,2018,8.45,6.09,10.31,4.220000000000001,-0.2400000000000011,16.64,False,False,OK
E12000008,South East,E07000109,Gravesham,2018,9.52,6.09,10.31,4.220000000000001,-0.2400000000000011,16.64,False,False,OK
E12000008,South East,E07000110,Maidstone,2018,10.31,6.09,10.31,4.220000000000001,-0.2400000000000011,16.64,False,False,OK
E12000008,South East,E07000111,Sevenoaks,2018,13.1,6.09,10.31,4.220000000000001,-0.2400000000000011,16.64,False,False,OK
E12000008,South East,E07000112,Folkestone and Hythe,2018,9.18,6.09,10.31,4.220000000000001,-0.2400000000000011,16.64,False,False,OK
E12000008,South East,E07000113,Swale,2018,7.94,6.09,10.31,4.220000000000001,-0.2400000000000011,16.64,False,False,OK
E12000008,South East,E07000114,Thanet,2018,9.38,6.09,10.31,4.220000000000001,-0.2400000000000011,16.64,False,False,OK
E12000008,South East,E07000115,Tonbridge and Malling,2018,9.84,6.09,10.31,4.220000000000001,-0.2400000000000011,16.64,False,False,OK
E12000008,South East,E07000116,Tunbridge Wells,2018,10.31,6.09,10.31,4.220000000000001,-0.2400000000000011,16.64,False,False,OK
E12000008,South East,E07000177,Cherwell,2018,9.83,6.09,10.31,4.220000000000001,-0.2400000000000011,16.64,False,False,OK
E12000008,South East,E07000178,Oxford,2018,11.66,6.09,10.31,4.220000000000001,-0.2400000000000011,16.64,False,False,OK
E12000008,South East,E07000179,South Oxfordshire,2018,10.32,6.09,10.31,4.220000000000001,-0.2400000000000011,16.64,False,False,OK
E12000008,South East,E07000180,Vale of White Horse,2018,9.48,6.09,10.31,4.220000000000001,-0.2400000000000011,16.64,False,False,OK
E12000008,South East,E07000181,West Oxfordshire,2018,9.75,6.09,10.31,4.220000000000001,-0.2400000000000011,16.64,False,False,OK
E12000008,South East,E07000207,Elmbridge,2018,13.47,6.09,10.31,4.220000000000001,-0.2400000000000011,16.64,False,False,OK
E12000008,South East,E07000208,Epsom and Ewell,2018,13.17,6.09,10.31,4.220000000000001,-0.2400000000000011,16.64,False,False,OK
E12000008,South East,E07000209,Guildford,2018,11.87,6.09,10.31,4.220000000000001,-0.2400000000000011,16.64,False,False,OK
E12000008,South East,E07000210,Mole Valley,2018,15.29,6.09,10.31,4.220000000000001,-0.2400000000000011,16.64,False,False,OK
E12000008,South East,E07000211,Reigate and Banstead,2018,10.83,6.09,10.31,4.220000000000001,-0.2400000000000011,16.64,False,False,OK
E12000008,South East,E07000212,Runnymede,2018,12.61,6.09,10.31,4.220000000000001,-0.2400000000000011,16.64,False,False,OK
E12000008,South East,E07000213,Spelthorne,2018,11.0,6.09,10.31,4.220000000000001,-0.2400000000000011,16.64,False,False,OK
E12000008,South East,E07000214,Surrey Heath,2018,10.34,6.09,10.31,4.220000000000001,-0.2400000000000011,16.64,False,False,OK
E12000008,South East,E07000215,Tandridge,2018,11.59,6.09,10.31,4.220000000000001,-0.2400000000000011,16.64,False,False,OK
E12000008,South East,E07000216,Waverley,2018,11.76,6.09,10.31,4.220000000000001,-0.2400000000000011,16.64,False,False,OK
E12000008,South East,E07000217,Woking,2018,11.09,6.09,10.31,4.220000000000001,-0.2400000000000011,16.64,False,False,OK
E12000008,South East,E07000223,Adur,2018,11.39,6.09,10.31,4.220000000000001,-0.2400000000000011,16.64,False,False,OK
E12000008,South East,E07000224,Arun,2018,10.22,6.09,10.31,4.220000000000001,-0.2400000000000011,16.64,False,False,OK
E12000008,South East,E07000225,Chichester,2018,11.8,6.09,10.31,4.220000000000001,-0.2400000000000011,16.64,False,False,OK
E12000008,South East,E07000226,Crawley,2018,10.51,6.09,10.31,4.220000000000001,-0.2400000000000011,16.64,False,False,OK
E12000008,South East,E07000227,Horsham,2018,11.14,6.09,10.31,4.220000000000001,-0.2400000000000011,16.64,False,False,OK
E12000008,South East,E07000228,Mid Sussex,2018,10.25,6.09,10.31,4.220000000000001,-0.2400000000000011,16.64,False,False,OK
E12000008,South East,E07000229,Worthing,2018,10.32,6.09,10.31,4.220000000000001,-0.2400000000000011,16.64,False,False,OK
E12000009,South West,E06000022,Bath and North East Somerset,2018,10.19,6.09,10.31,4.220000000000001,-0.2400000000000011,16.64,False,False,OK
E12000009,South West,E06000023,"Bristol, City of",2018,9.06,6.09,10.31,4.220000000000001,-0.2400000000000011,16.64,False,False,OK
E12000009,South West,E06000024,North Somerset,2018,8.27,6.09,10.31,4.220000000000001,-0.2400000000000011,16.64,False,False,OK
E12000009,South West,E06000025,South Gloucestershire,2018,8.83,6.09,10.31,4.220000000000001,-0.2400000000000011,16.64,False,False,OK
E12000009,South West,E06000026,Plymouth,2018,6.32,6.09,10.31,4.220000000000001,-0.2400000000000011,16.64,False,False,OK
E12000009,South West,E06000027,Torbay,2018,8.05,6.09,10.31,4.220000000000001,-0.2400000000000011,16.64,False,False,OK
E12000009,South West,E06000030,Swindon,2018,7.6,6.09,10.31,4.220000000000001,-0.2400000000000011,16.64,False,False,OK
E12000009,South West,E06000052,Cornwall,2018,8.98,6.09,10.31,4.220000000000001,-0.2400000000000011,16.64,False,False,OK
E12000009,South West,E06000053,Isles of Scilly,2018,,6.09,10.31,4.220000000000001,-0.2400000000000011,16.64,False,True,Missing ratio value
E12000009,South West,E06000054,Wiltshire,2018,9.22,6.09,10.31,4.220000000000001,-0.2400000000000011,16.64,False,False,OK
E12000009,South West,E06000058,"Bournemouth, Christchurch and Poole",2018,9.09,6.09,10.31,4.220000000000001,-0.2400000000000011,16.64,False,False,OK
E12000009,South West,E06000059,Dorset,2018,10.31,6.09,10.31,4.220000000000001,-0.2400000000000011,16.64,False,False,OK
E12000009,South West,E06000066,Somerset,2018,8.24,6.09,10.31,4.220000000000001,-0.2400000000000011,16.64,False,False,OK
E12000009,South West,E07000040,East Devon,2018,10.04,6.09,10.31,4.220000000000001,-0.2400000000000011,16.64,False,False,OK
E12000009,South West,E07000041,Exeter,2018,8.94,6.09,10.31,4.220000000000001,-0.2400000000000011,16.64,False,False,OK
E12000009,South West,E07000042,Mid Devon,2018,8.4,6.09,10.31,4.220000000000001,-0.2400000000000011,16.64,False,False,OK
E12000009,South West,E07000043,North Devon,2018,9.96,6.09,10.31,4.220000000000001,-0.2400000000000011,16.64,False,False,OK
E12000009,South West,E07000044,South Hams,2018,10.64,6.09,10.31,4.220000000000001,-0.2400000000000011,16.64,False,False,OK
E12000009,South West,E07000045,Teignbridge,2018,9.99,6.09,10.31,4.220000000000001,-0.2400000000000011,16.64,False,False,OK
E12000009,South West,E07000046,Torridge,2018,9.12,6.09,10.31,4.220000000000001,-0.2400000000000011,16.64,False,False,OK
E12000009,South West,E07000047,West Devon,2018,8.73,6.09,10.31,4.220000000000001,-0.2400000000000011,16.64,False,False,OK
E12000009,South West,E07000078,Cheltenham,2018,8.92,6.09,10.31,4.220000000000001,-0.2400000000000011,16.64,False,False,OK
E12000009,South West,E07000079,Cotswold,2018,10.94,6.09,10.31,4.220000000000001,-0.2400000000000011,16.64,False,False,OK
E12000009,South West,E07000080,Forest of Dean,2018,7.7,6.09,10.31,4.220000000000001,-0.2400000000000011,16.64,False,False,OK
E12000009,South West,E07000081,Gloucester,2018,6.98,6.09,10.31,4.220000000000001,-0.2400000000000011,16.64,False,False,OK
E12000009,South West,E07000082,Stroud,2018,9.47,6.09,10.31,4.220000000000001,-0.2400000000000011,16.64,False,False,OK
E12000009,South West,E07000083,Tewkesbury,2018,9.4,6.09,10.31,4.220000000000001,-0.2400000000000011,16.64,False,False,OK
W92000004,Wales,W06000001,Isle of Anglesey,2018,6.69,6.09,10.31,4.220000000000001,-0.2400000000000011,16.64,False,False,OK
W92000004,Wales,W06000002,Gwynedd,2018,6.28,6.09,10.31,4.220000000000001,-0.2400000000000011,16.64,False,False,OK
W92000004,Wales,W06000003,Conwy,2018,6.21,6.09,10.31,4.220000000000001,-0.2400000000000011,16.64,False,False,OK
W92000004,Wales,W06000004,Denbighshire,2018,5.7,6.09,10.31,4.220000000000001,-0.2400000000000011,16.64,False,False,OK
W92000004,Wales,W06000005,Flintshire,2018,5.95,6.09,10.31,4.220000000000001,-0.2400000000000011,16.64,False,False,OK
W92000004,Wales,W06000006,Wrexham,2018,5.51,6.09,10.31,4.220000000000001,-0.2400000000000011,16.64,False,False,OK
W92000004,Wales,W06000008,Ceredigion,2018,7.19,6.09,10.31,4.220000000000001,-0.2400000000000011,16.64,False,False,OK
W92000004,Wales,W06000009,Pembrokeshire,2018,6.8,6.09,10.31,4.220000000000001,-0.2400000000000011,16.64,False,False,OK
W92000004,Wales,W06000010,Carmarthenshire,2018,5.21,6.09,10.31,4.220000000000001,-0.2400000000000011,16.64,False,False,OK
W92000004,Wales,W06000011,Swansea,2018,5.02,6.09,10.31,4.220000000000001,-0.2400000000000011,16.64,False,False,OK
W92000004,Wales,W06000012,Neath Port Talbot,2018,4.48,6.09,10.31,4.220000000000001,-0.2400000000000011,16.64,False,False,OK
W92000004,Wales,W06000013,Bridgend,2018,5.22,6.09,10.31,4.220000000000001,-0.2400000000000011,16.64,False,False,OK
W92000004,Wales,W06000014,Vale of Glamorgan,2018,7.15,6.09,10.31,4.220000000000001,-0.2400000000000011,16.64,False,False,OK
W92000004,Wales,W06000015,Cardiff,2018,6.72,6.09,10.31,4.220000000000001,-0.2400000000000011,16.64,False,False,OK
W92000004,Wales,W06000016,Rhondda Cynon Taf,2018,4.23,6.09,10.31,4.220000000000001,-0.2400000000000011,16.64,False,False,OK
W92000004,Wales,W06000018,Caerphilly,2018,4.87,6.09,10.31,4.220000000000001,-0.2400000000000011,16.64,False,False,OK
W92000004,Wales,W06000019,Blaenau Gwent,2018,3.32,6.09,10.31,4.220000000000001,-0.2400000000000011,16.64,False,False,OK
W92000004,Wales,W06000020,Torfaen,2018,5.28,6.09,10.31,4.220000000000001,-0.2400000000000011,16.64,False,False,OK
W92000004,Wales,W06000021,Monmouthshire,2018,7.28,6.09,10.31,4.220000000000001,-0.2400000000000011,16.64,False,False,OK
W92000004,Wales,W06000022,Newport,2018,5.91,6.09,10.31,4.220000000000001,-0.2400000000000011,16.64,False,False,OK
W92000004,Wales,W06000023,Powys,2018,6.89,6.09,10.31,4.220000000000001,-0.2400000000000011,16.64,False,False,OK
W92000004,Wales,W06000024,Merthyr Tydfil,2018,3.88,6.09,10.31,4.220000000000001,-0.2400000000000011,16.64,False,False,OK
E12000001,North East,E06000001,Hartlepool,2019,4.9,6.15,10.01,3.8599999999999994,0.3600000000000012,15.799999999999999,False,False,OK
E12000001,North East,E06000002,Middlesbrough,2019,5.18,6.15,10.01,3.8599999999999994,0.3600000000000012,15.799999999999999,False,False,OK
E12000001,North East,E06000003,Redcar and Cleveland,2019,5.03,6.15,10.01,3.8599999999999994,0.3600000000000012,15.799999999999999,False,False,OK
E12000001,North East,E06000004,Stockton-on-Tees,2019,4.99,6.15,10.01,3.8599999999999994,0.3600000000000012,15.799999999999999,False,False,OK
E12000001,North East,E06000005,Darlington,2019,5.07,6.15,10.01,3.8599999999999994,0.3600000000000012,15.799999999999999,False,False,OK
E12000001,North East,E06000047,County Durham,2019,4.39,6.15,10.01,3.8599999999999994,0.3600000000000012,15.799999999999999,False,False,OK
E12000001,North East,E06000057,Northumberland,2019,6.16,6.15,10.01,3.8599999999999994,0.3600000000000012,15.799999999999999,False,False,OK
E12000001,North East,E08000021,Newcastle upon Tyne,2019,5.89,6.15,10.01,3.8599999999999994,0.3600000000000012,15.799999999999999,False,False,OK
E12000001,North East,E08000022,North Tyneside,2019,5.89,6.15,10.01,3.8599999999999994,0.3600000000000012,15.799999999999999,False,False,OK
E12000001,North East,E08000023,South Tyneside,2019,5.24,6.15,10.01,3.8599999999999994,0.3600000000000012,15.799999999999999,False,False,OK
E12000001,North East,E08000024,Sunderland,2019,5.11,6.15,10.01,3.8599999999999994,0.3600000000000012,15.799999999999999,False,False,OK
E12000001,North East,E08000037,Gateshead,2019,5.28,6.15,10.01,3.8599999999999994,0.3600000000000012,15.799999999999999,False,False,OK
E12000002,North West,E06000006,Halton,2019,5.34,6.15,10.01,3.8599999999999994,0.3600000000000012,15.799999999999999,False,False,OK
E12000002,North West,E06000007,Warrington,2019,6.15,6.15,10.01,3.8599999999999994,0.3600000000000012,15.799999999999999,False,False,OK
E12000002,North West,E06000008,Blackburn with Darwen,2019,4.86,6.15,10.01,3.8599999999999994,0.3600000000000012,15.799999999999999,False,False,OK
E12000002,North West,E06000009,Blackpool,2019,4.6,6.15,10.01,3.8599999999999994,0.3600000000000012,15.799999999999999,False,False,OK
E12000002,North West,E06000049,Cheshire East,2019,7.46,6.15,10.01,3.8599999999999994,0.3600000000000012,15.799999999999999,False,False,OK
E12000002,North West,E06000050,Cheshire West and Chester,2019,6.46,6.15,10.01,3.8599999999999994,0.3600000000000012,15.799999999999999,False,False,OK
E12000002,North West,E06000063,Cumberland,2019,5.02,6.15,10.01,3.8599999999999994,0.3600000000000012,15.799999999999999,False,False,OK
E12000002,North West,E06000064,Westmorland and Furness,2019,6.5,6.15,10.01,3.8599999999999994,0.3600000000000012,15.799999999999999,False,False,OK
E12000002,North West,E07000117,Burnley,2019,3.31,6.15,10.01,3.8599999999999994,0.3600000000000012,15.799999999999999,False,False,OK
E12000002,North West,E07000118,Chorley,2019,5.47,6.15,10.01,3.8599999999999994,0.3600000000000012,15.799999999999999,False,False,OK
E12000002,North West,E07000119,Fylde,2019,6.31,6.15,10.01,3.8599999999999994,0.3600000000000012,15.799999999999999,False,False,OK
E12000002,North West,E07000120,Hyndburn,2019,4.09,6.15,10.01,3.8599999999999994,0.3600000000000012,15.799999999999999,False,False,OK
E12000002,North West,E07000121,Lancaster,2019,5.5,6.15,10.01,3.8599999999999994,0.3600000000000012,15.799999999999999,False,False,OK
E12000002,North West,E07000122,Pendle,2019,4.07,6.15,10.01,3.8599999999999994,0.3600000000000012,15.799999999999999,False,False,OK
E12000002,North West,E07000123,Preston,2019,5.56,6.15,10.01,3.8599999999999994,0.3600000000000012,15.799999999999999,False,False,OK
E12000002,North West,E07000124,Ribble Valley,2019,7.08,6.15,10.01,3.8599999999999994,0.3600000000000012,15.799999999999999,False,False,OK
E12000002,North West,E07000125,Rossendale,2019,5.17,6.15,10.01,3.8599999999999994,0.3600000000000012,15.799999999999999,False,False,OK
E12000002,North West,E07000126,South Ribble,2019,5.93,6.15,10.01,3.8599999999999994,0.3600000000000012,15.799999999999999,False,False,OK
E12000002,North West,E07000127,West Lancashire,2019,6.8,6.15,10.01,3.8599999999999994,0.3600000000000012,15.799999999999999,False,False,OK
E12000002,North West,E07000128,Wyre,2019,5.85,6.15,10.01,3.8599999999999994,0.3600000000000012,15.799999999999999,False,False,OK
E12000002,North West,E08000001,Bolton,2019,5.16,6.15,10.01,3.8599999999999994,0.3600000000000012,15.799999999999999,False,False,OK
E12000002,North West,E08000002,Bury,2019,5.83,6.15,10.01,3.8599999999999994,0.3600000000000012,15.799999999999999,False,False,OK
E12000002,North West,E08000003,Manchester,2019,6.76,6.15,10.01,3.8599999999999994,0.3600000000000012,15.799999999999999,False,False,OK
E12000002,North West,E08000004,Oldham,2019,5.32,6.15,10.01,3.8599999999999994,0.3600000000000012,15.799999999999999,False,False,OK
E12000002,North West,E08000005,Rochdale,2019,5.33,6.15,10.01,3.8599999999999994,0.3600000000000012,15.799999999999999,False,False,OK
E12000002,North West,E08000006,Salford,2019,6.12,6.15,10.01,3.8599999999999994,0.3600000000000012,15.799999999999999,False,False,OK
E12000002,North West,E08000007,Stockport,2019,6.98,6.15,10.01,3.8599999999999994,0.3600000000000012,15.799999999999999,False,False,OK
E12000002,North West,E08000008,Tameside,2019,5.77,6.15,10.01,3.8599999999999994,0.3600000000000012,15.799999999999999,False,False,OK
E12000002,North West,E08000009,Trafford,2019,7.99,6.15,10.01,3.8599999999999994,0.3600000000000012,15.799999999999999,False,False,OK
E12000002,North West,E08000010,Wigan,2019,5.37,6.15,10.01,3.8599999999999994,0.3600000000000012,15.799999999999999,False,False,OK
E12000002,North West,E08000011,Knowsley,2019,5.8,6.15,10.01,3.8599999999999994,0.3600000000000012,15.799999999999999,False,False,OK
E12000002,North West,E08000012,Liverpool,2019,4.41,6.15,10.01,3.8599999999999994,0.3600000000000012,15.799999999999999,False,False,OK
E12000002,North West,E08000013,St. Helens,2019,4.69,6.15,10.01,3.8599999999999994,0.3600000000000012,15.799999999999999,False,False,OK
E12000002,North West,E08000014,Sefton,2019,6.18,6.15,10.01,3.8599999999999994,0.3600000000000012,15.799999999999999,False,False,OK
E12000002,North West,E08000015,Wirral,2019,5.6,6.15,10.01,3.8599999999999994,0.3600000000000012,15.799999999999999,False,False,OK
E12000003,Yorkshire and The Humber,E06000010,"Kingston upon Hull, City of",2019,4.71,6.15,10.01,3.8599999999999994,0.3600000000000012,15.799999999999999,False,False,OK
E12000003,Yorkshire and The Humber,E06000011,East Riding of Yorkshire,2019,5.98,6.15,10.01,3.8599999999999994,0.3600000000000012,15.799999999999999,False,False,OK
E12000003,Yorkshire and The Humber,E06000012,North East Lincolnshire,2019,4.84,6.15,10.01,3.8599999999999994,0.3600000000000012,15.799999999999999,False,False,OK
E12000003,Yorkshire and The Humber,E06000013,North Lincolnshire,2019,5.01,6.15,10.01,3.8599999999999994,0.3600000000000012,15.799999999999999,False,False,OK
E12000003,Yorkshire and The Humber,E06000014,York,2019,8.52,6.15,10.01,3.8599999999999994,0.3600000000000012,15.799999999999999,False,False,OK
E12000003,Yorkshire and The Humber,E06000065,North Yorkshire,2019,7.22,6.15,10.01,3.8599999999999994,0.3600000000000012,15.799999999999999,False,False,OK
E12000003,Yorkshire and The Humber,E08000017,Doncaster,2019,4.8,6.15,10.01,3.8599999999999994,0.3600000000000012,15.799999999999999,False,False,OK
E12000003,Yorkshire and The Humber,E08000018,Rotherham,2019,5.32,6.15,10.01,3.8599999999999994,0.3600000000000012,15.799999999999999,False,False,OK
E12000003,Yorkshire and The Humber,E08000032,Bradford,2019,5.3,6.15,10.01,3.8599999999999994,0.3600000000000012,15.799999999999999,False,False,OK
E12000003,Yorkshire and The Humber,E08000033,Calderdale,2019,5.09,6.15,10.01,3.8599999999999994,0.3600000000000012,15.799999999999999,False,False,OK
E12000003,Yorkshire and The Humber,E08000034,Kirklees,2019,5.64,6.15,10.01,3.8599999999999994,0.3600000000000012,15.799999999999999,False,False,OK
E12000003,Yorkshire and The Humber,E08000035,Leeds,2019,6.23,6.15,10.01,3.8599999999999994,0.3600000000000012,15.799999999999999,False,False,OK
E12000003,Yorkshire and The Humber,E08000036,Wakefield,2019,5.86,6.15,10.01,3.8599999999999994,0.3600000000000012,15.799999999999999,False,False,OK
E12000003,Yorkshire and The Humber,E08000038,Barnsley,2019,5.1,6.15,10.01,3.8599999999999994,0.3600000000000012,15.799999999999999,False,False,OK
E12000003,Yorkshire and The Humber,E08000039,Sheffield,2019,5.63,6.15,10.01,3.8599999999999994,0.3600000000000012,15.799999999999999,False,False,OK
E12000004,East Midlands,E06000015,Derby,2019,5.43,6.15,10.01,3.8599999999999994,0.3600000000000012,15.799999999999999,False,False,OK
E12000004,East Midlands,E06000016,Leicester,2019,7.45,6.15,10.01,3.8599999999999994,0.3600000000000012,15.799999999999999,False,False,OK
E12000004,East Midlands,E06000017,Rutland,2019,8.95,6.15,10.01,3.8599999999999994,0.3600000000000012,15.799999999999999,False,False,OK
E12000004,East Midlands,E06000018,Nottingham,2019,5.58,6.15,10.01,3.8599999999999994,0.3600000000000012,15.799999999999999,False,False,OK
E12000004,East Midlands,E06000061,North Northamptonshire,2019,7.5,6.15,10.01,3.8599999999999994,0.3600000000000012,15.799999999999999,False,False,OK
E12000004,East Midlands,E06000062,West Northamptonshire,2019,8.02,6.15,10.01,3.8599999999999994,0.3600000000000012,15.799999999999999,False,False,OK
E12000004,East Midlands,E07000032,Amber Valley,2019,5.93,6.15,10.01,3.8599999999999994,0.3600000000000012,15.799999999999999,False,False,OK
E12000004,East Midlands,E07000033,Bolsover,2019,5.19,6.15,10.01,3.8599999999999994,0.3600000000000012,15.799999999999999,False,False,OK
E12000004,East Midlands,E07000034,Chesterfield,2019,5.75,6.15,10.01,3.8599999999999994,0.3600000000000012,15.799999999999999,False,False,OK
E12000004,East Midlands,E07000035,Derbyshire Dales,2019,8.47,6.15,10.01,3.8599999999999994,0.3600000000000012,15.799999999999999,False,False,OK
E12000004,East Midlands,E07000036,Erewash,2019,5.48,6.15,10.01,3.8599999999999994,0.3600000000000012,15.799999999999999,False,False,OK
E12000004,East Midlands,E07000037,High Peak,2019,6.96,6.15,10.01,3.8599999999999994,0.3600000000000012,15.799999999999999,False,False,OK
E12000004,East Midlands,E07000038,North East Derbyshire,2019,6.5,6.15,10.01,3.8599999999999994,0.3600000000000012,15.799999999999999,False,False,OK
E12000004,East Midlands,E07000039,South Derbyshire,2019,6.8,6.15,10.01,3.8599999999999994,0.3600000000000012,15.799999999999999,False,False,OK
E12000004,East Midlands,E07000129,Blaby,2019,7.13,6.15,10.01,3.8599999999999994,0.3600000000000012,15.799999999999999,False,False,OK
E12000004,East Midlands,E07000130,Charnwood,2019,7.04,6.15,10.01,3.8599999999999994,0.3600000000000012,15.799999999999999,False,False,OK
E12000004,East Midlands,E07000131,Harborough,2019,8.41,6.15,10.01,3.8599999999999994,0.3600000000000012,15.799999999999999,False,False,OK
E12000004,East Midlands,E07000132,Hinckley and Bosworth,2019,6.96,6.15,10.01,3.8599999999999994,0.3600000000000012,15.799999999999999,False,False,OK
E12000004,East Midlands,E07000133,Melton,2019,8.47,6.15,10.01,3.8599999999999994,0.3600000000000012,15.799999999999999,False,False,OK
E12000004,East Midlands,E07000134,North West Leicestershire,2019,6.91,6.15,10.01,3.8599999999999994,0.3600000000000012,15.799999999999999,False,False,OK
E12000004,East Midlands,E07000135,Oadby and Wigston,2019,7.95,6.15,10.01,3.8599999999999994,0.3600000000000012,15.799999999999999,False,False,OK
E12000004,East Midlands,E07000136,Boston,2019,7.35,6.15,10.01,3.8599999999999994,0.3600000000000012,15.799999999999999,False,False,OK
E12000004,East Midlands,E07000137,East Lindsey,2019,6.7,6.15,10.01,3.8599999999999994,0.3600000000000012,15.799999999999999,False,False,OK
E12000004,East Midlands,E07000138,Lincoln,2019,5.79,6.15,10.01,3.8599999999999994,0.3600000000000012,15.799999999999999,False,False,OK
E12000004,East Midlands,E07000139,North Kesteven,2019,7.12,6.15,10.01,3.8599999999999994,0.3600000000000012,15.799999999999999,False,False,OK
E12000004,East Midlands,E07000140,South Holland,2019,6.9,6.15,10.01,3.8599999999999994,0.3600000000000012,15.799999999999999,False,False,OK
E12000004,East Midlands,E07000141,South Kesteven,2019,7.47,6.15,10.01,3.8599999999999994,0.3600000000000012,15.799999999999999,False,False,OK
E12000004,East Midlands,E07000142,West Lindsey,2019,5.97,6.15,10.01,3.8599999999999994,0.3600000000000012,15.799999999999999,False,False,OK
E12000004,East Midlands,E07000170,Ashfield,2019,5.56,6.15,10.01,3.8599999999999994,0.3600000000000012,15.799999999999999,False,False,OK
E12000004,East Midlands,E07000171,Bassetlaw,2019,5.67,6.15,10.01,3.8599999999999994,0.3600000000000012,15.799999999999999,False,False,OK
E12000004,East Midlands,E07000172,Broxtowe,2019,5.84,6.15,10.01,3.8599999999999994,0.3600000000000012,15.799999999999999,False,False,OK
E12000004,East Midlands,E07000173,Gedling,2019,6.17,6.15,10.01,3.8599999999999994,0.3600000000000012,15.799999999999999,False,False,OK
E12000004,East Midlands,E07000174,Mansfield,2019,6.0,6.15,10.01,3.8599999999999994,0.3600000000000012,15.799999999999999,False,False,OK
E12000004,East Midlands,E07000175,Newark and Sherwood,2019,7.04,6.15,10.01,3.8599999999999994,0.3600000000000012,15.799999999999999,False,False,OK
E12000004,East Midlands,E07000176,Rushcliffe,2019,7.93,6.15,10.01,3.8599999999999994,0.3600000000000012,15.799999999999999,False,False,OK
E12000005,West Midlands,E06000019,"Herefordshire, County of",2019,8.96,6.15,10.01,3.8599999999999994,0.3600000000000012,15.799999999999999,False,False,OK
E12000005,West Midlands,E06000020,Telford and Wrekin,2019,6.28,6.15,10.01,3.8599999999999994,0.3600000000000012,15.799999999999999,False,False,OK
E12000005,West Midlands,E06000021,Stoke-on-Trent,2019,4.73,6.15,10.01,3.8599999999999994,0.3600000000000012,15.799999999999999,False,False,OK
E12000005,West Midlands,E06000051,Shropshire,2019,7.39,6.15,10.01,3.8599999999999994,0.3600000000000012,15.799999999999999,False,False,OK
E12000005,West Midlands,E07000192,Cannock Chase,2019,6.09,6.15,10.01,3.8599999999999994,0.3600000000000012,15.799999999999999,False,False,OK
E12000005,West Midlands,E07000193,East Staffordshire,2019,7.01,6.15,10.01,3.8599999999999994,0.3600000000000012,15.799999999999999,False,False,OK
E12000005,West Midlands,E07000194,Lichfield,2019,7.47,6.15,10.01,3.8599999999999994,0.3600000000000012,15.799999999999999,False,False,OK
E12000005,West Midlands,E07000195,Newcastle-under-Lyme,2019,5.64,6.15,10.01,3.8599999999999994,0.3600000000000012,15.799999999999999,False,False,OK
E12000005,West Midlands,E07000196,South Staffordshire,2019,6.9,6.15,10.01,3.8599999999999994,0.3600000000000012,15.799999999999999,False,False,OK
E12000005,West Midlands,E07000197,Stafford,2019,6.82,6.15,10.01,3.8599999999999994,0.3600000000000012,15.799999999999999,False,False,OK
E12000005,West Midlands,E07000198,Staffordshire Moorlands,2019,5.53,6.15,10.01,3.8599999999999994,0.3600000000000012,15.799999999999999,False,False,OK
E12000005,West Midlands,E07000199,Tamworth,2019,7.29,6.15,10.01,3.8599999999999994,0.3600000000000012,15.799999999999999,False,False,OK
E12000005,West Midlands,E07000218,North Warwickshire,2019,6.45,6.15,10.01,3.8599999999999994,0.3600000000000012,15.799999999999999,False,False,OK
E12000005,West Midlands,E07000219,Nuneaton and Bedworth,2019,6.59,6.15,10.01,3.8599999999999994,0.3600000000000012,15.799999999999999,False,False,OK
E12000005,West Midlands,E07000220,Rugby,2019,7.73,6.15,10.01,3.8599999999999994,0.3600000000000012,15.799999999999999,False,False,OK
E12000005,West Midlands,E07000221,Stratford-on-Avon,2019,9.61,6.15,10.01,3.8599999999999994,0.3600000000000012,15.799999999999999,False,False,OK
E12000005,West Midlands,E07000222,Warwick,2019,9.23,6.15,10.01,3.8599999999999994,0.3600000000000012,15.799999999999999,False,False,OK
E12000005,West Midlands,E07000234,Bromsgrove,2019,8.41,6.15,10.01,3.8599999999999994,0.3600000000000012,15.799999999999999,False,False,OK
E12000005,West Midlands,E07000235,Malvern Hills,2019,9.88,6.15,10.01,3.8599999999999994,0.3600000000000012,15.799999999999999,False,False,OK
E12000005,West Midlands,E07000236,Redditch,2019,8.3,6.15,10.01,3.8599999999999994,0.3600000000000012,15.799999999999999,False,False,OK
E12000005,West Midlands,E07000237,Worcester,2019,6.98,6.15,10.01,3.8599999999999994,0.3600000000000012,15.799999999999999,False,False,OK
E12000005,West Midlands,E07000238,Wychavon,2019,8.79,6.15,10.01,3.8599999999999994,0.3600000000000012,15.799999999999999,False,False,OK
E12000005,West Midlands,E07000239,Wyre Forest,2019,6.76,6.15,10.01,3.8599999999999994,0.3600000000000012,15.799999999999999,False,False,OK
E12000005,West Midlands,E08000025,Birmingham,2019,6.55,6.15,10.01,3.8599999999999994,0.3600000000000012,15.799999999999999,False,False,OK
E12000005,West Midlands,E08000026,Coventry,2019,6.33,6.15,10.01,3.8599999999999994,0.3600000000000012,15.799999999999999,False,False,OK
E12000005,West Midlands,E08000027,Dudley,2019,5.82,6.15,10.01,3.8599999999999994,0.3600000000000012,15.799999999999999,False,False,OK
E12000005,West Midlands,E08000028,Sandwell,2019,6.15,6.15,10.01,3.8599999999999994,0.3600000000000012,15.799999999999999,False,False,OK
E12000005,West Midlands,E08000029,Solihull,2019,8.11,6.15,10.01,3.8599999999999994,0.3600000000000012,15.799999999999999,False,False,OK
E12000005,West Midlands,E08000030,Walsall,2019,5.96,6.15,10.01,3.8599999999999994,0.3600000000000012,15.799999999999999,False,False,OK
E12000005,West Midlands,E08000031,Wolverhampton,2019,5.93,6.15,10.01,3.8599999999999994,0.3600000000000012,15.799999999999999,False,False,OK
E12000006,East of England,E06000031,Peterborough,2019,7.16,6.15,10.01,3.8599999999999994,0.3600000000000012,15.799999999999999,False,False,OK
E12000006,East of England,E06000032,Luton,2019,8.12,6.15,10.01,3.8599999999999994,0.3600000000000012,15.799999999999999,False,False,OK
E12000006,East of England,E06000033,Southend-on-Sea,2019,8.96,6.15,10.01,3.8599999999999994,0.3600000000000012,15.799999999999999,False,False,OK
E12000006,East of England,E06000034,Thurrock,2019,9.06,6.15,10.01,3.8599999999999994,0.3600000000000012,15.799999999999999,False,False,OK
E12000006,East of England,E06000055,Bedford,2019,8.92,6.15,10.01,3.8599999999999994,0.3600000000000012,15.799999999999999,False,False,OK
E12000006,East of England,E06000056,Central Bedfordshire,2019,9.03,6.15,10.01,3.8599999999999994,0.3600000000000012,15.799999999999999,False,False,OK
E12000006,East of England,E07000008,Cambridge,2019,12.73,6.15,10.01,3.8599999999999994,0.3600000000000012,15.799999999999999,False,False,OK
E12000006,East of England,E07000009,East Cambridgeshire,2019,9.01,6.15,10.01,3.8599999999999994,0.3600000000000012,15.799999999999999,False,False,OK
E12000006,East of England,E07000010,Fenland,2019,6.8,6.15,10.01,3.8599999999999994,0.3600000000000012,15.799999999999999,False,False,OK
E12000006,East of England,E07000011,Huntingdonshire,2019,8.68,6.15,10.01,3.8599999999999994,0.3600000000000012,15.799999999999999,False,False,OK
E12000006,East of England,E07000012,South Cambridgeshire,2019,9.11,6.15,10.01,3.8599999999999994,0.3600000000000012,15.799999999999999,False,False,OK
E12000006,East of England,E07000066,Basildon,2019,9.01,6.15,10.01,3.8599999999999994,0.3600000000000012,15.799999999999999,False,False,OK
E12000006,East of England,E07000067,Braintree,2019,8.61,6.15,10.01,3.8599999999999994,0.3600000000000012,15.799999999999999,False,False,OK
E12000006,East of England,E07000068,Brentwood,2019,9.75,6.15,10.01,3.8599999999999994,0.3600000000000012,15.799999999999999,False,False,OK
E12000006,East of England,E07000069,Castle Point,2019,8.96,6.15,10.01,3.8599999999999994,0.3600000000000012,15.799999999999999,False,False,OK
E12000006,East of England,E07000070,Chelmsford,2019,10.9,6.15,10.01,3.8599999999999994,0.3600000000000012,15.799999999999999,False,False,OK
E12000006,East of England,E07000071,Colchester,2019,8.78,6.15,10.01,3.8599999999999994,0.3600000000000012,15.799999999999999,False,False,OK
E12000006,East of England,E07000072,Epping Forest,2019,12.01,6.15,10.01,3.8599999999999994,0.3600000000000012,15.799999999999999,False,False,OK
E12000006,East of England,E07000073,Harlow,2019,10.3,6.15,10.01,3.8599999999999994,0.3600000000000012,15.799999999999999,False,False,OK
E12000006,East of England,E07000074,Maldon,2019,9.13,6.15,10.01,3.8599999999999994,0.3600000000000012,15.799999999999999,False,False,OK
E12000006,East of England,E07000075,Rochford,2019,8.95,6.15,10.01,3.8599999999999994,0.3600000000000012,15.799999999999999,False,False,OK
E12000006,East of England,E07000076,Tendring,2019,8.28,6.15,10.01,3.8599999999999994,0.3600000000000012,15.799999999999999,False,False,OK
E12000006,East of England,E07000077,Uttlesford,2019,11.6,6.15,10.01,3.8599999999999994,0.3600000000000012,15.799999999999999,False,False,OK
E12000006,East of England,E07000095,Broxbourne,2019,10.51,6.15,10.01,3.8599999999999994,0.3600000000000012,15.799999999999999,False,False,OK
E12000006,East of England,E07000096,Dacorum,2019,11.29,6.15,10.01,3.8599999999999994,0.3600000000000012,15.799999999999999,False,False,OK
E12000006,East of England,E07000098,Hertsmere,2019,12.56,6.15,10.01,3.8599999999999994,0.3600000000000012,15.799999999999999,False,False,OK
E12000006,East of England,E07000099,North Hertfordshire,2019,9.06,6.15,10.01,3.8599999999999994,0.3600000000000012,15.799999999999999,False,False,OK
E12000006,East of England,E07000102,Three Rivers,2019,14.29,6.15,10.01,3.8599999999999994,0.3600000000000012,15.799999999999999,False,False,OK
E12000006,East of England,E07000103,Watford,2019,10.49,6.15,10.01,3.8599999999999994,0.3600000000000012,15.799999999999999,False,False,OK
E12000006,East of England,E07000143,Breckland,2019,8.32,6.15,10.01,3.8599999999999994,0.3600000000000012,15.799999999999999,False,False,OK
E12000006,East of England,E07000144,Broadland,2019,8.3,6.15,10.01,3.8599999999999994,0.3600000000000012,15.799999999999999,False,False,OK
E12000006,East of England,E07000145,Great Yarmouth,2019,6.94,6.15,10.01,3.8599999999999994,0.3600000000000012,15.799999999999999,False,False,OK
E12000006,East of England,E07000146,King's Lynn and West Norfolk,2019,8.02,6.15,10.01,3.8599999999999994,0.3600000000000012,15.799999999999999,False,False,OK
E12000006,East of England,E07000147,North Norfolk,2019,9.72,6.15,10.01,3.8599999999999994,0.3600000000000012,15.799999999999999,False,False,OK
E12000006,East of England,E07000148,Norwich,2019,7.16,6.15,10.01,3.8599999999999994,0.3600000000000012,15.799999999999999,False,False,OK
E12000006,East of England,E07000149,South Norfolk,2019,8.55,6.15,10.01,3.8599999999999994,0.3600000000000012,15.799999999999999,False,False,OK
E12000006,East of England,E07000200,Babergh,2019,8.87,6.15,10.01,3.8599999999999994,0.3600000000000012,15.799999999999999,False,False,OK
E12000006,East of England,E07000202,Ipswich,2019,7.05,6.15,10.01,3.8599999999999994,0.3600000000000012,15.799999999999999,False,False,OK
E12000006,East of England,E07000203,Mid Suffolk,2019,8.82,6.15,10.01,3.8599999999999994,0.3600000000000012,15.799999999999999,False,False,OK
E12000006,East of England,E07000240,St Albans,2019,12.82,6.15,10.01,3.8599999999999994,0.3600000000000012,15.799999999999999,False,False,OK
E12000006,East of England,E07000241,Welwyn Hatfield,2019,11.41,6.15,10.01,3.8599999999999994,0.3600000000000012,15.799999999999999,False,False,OK
E12000006,East of England,E07000242,East Hertfordshire,2019,10.29,6.15,10.01,3.8599999999999994,0.3600000000000012,15.799999999999999,False,False,OK
E12000006,East of England,E07000243,Stevenage,2019,9.32,6.15,10.01,3.8599999999999994,0.3600000000000012,15.799999999999999,False,False,OK
E12000006,East of England,E07000244,East Suffolk,2019,7.95,6.15,10.01,3.8599999999999994,0.3600000000000012,15.799999999999999,False,False,OK
E12000006,East of England,E07000245,West Suffolk,2019,8.92,6.15,10.01,3.8599999999999994,0.3600000000000012,15.799999999999999,False,False,OK
E12000007,London,E09000001,City of London,2019,,6.15,10.01,3.8599999999999994,0.3600000000000012,15.799999999999999,False,True,Missing ratio value
E12000007,London,E09000002,Barking and Dagenham,2019,10.74,6.15,10.01,3.8599999999999994,0.3600000000000012,15.799999999999999,False,False,OK
E12000007,London,E09000003,Barnet,2019,14.19,6.15,10.01,3.8599999999999994,0.3600000000000012,15.799999999999999,False,False,OK
E12000007,London,E09000004,Bexley,2019,9.61,6.15,10.01,3.8599999999999994,0.3600000000000012,15.799999999999999,False,False,OK
E12000007,London,E09000005,Brent,2019,15.59,6.15,10.01,3.8599999999999994,0.3600000000000012,15.799999999999999,False,False,OK
E12000007,London,E09000006,Bromley,2019,10.73,6.15,10.01,3.8599999999999994,0.3600000000000012,15.799999999999999,False,False,OK
E12000007,London,E09000007,Camden,2019,18.27,6.15,10.01,3.8599999999999994,0.3600000000000012,15.799999999999999,True,False,Statistical outlier
E12000007,London,E09000008,Croydon,2019,10.95,6.15,10.01,3.8599999999999994,0.3600000000000012,15.799999999999999,False,False,OK
E12000007,London,E09000009,Ealing,2019,14.79,6.15,10.01,3.8599999999999994,0.3600000000000012,15.799999999999999,False,False,OK
E12000007,London,E09000010,Enfield,2019,12.35,6.15,10.01,3.8599999999999994,0.3600000000000012,15.799999999999999,False,False,OK
E12000007,London,E09000011,Greenwich,2019,12.73,6.15,10.01,3.8599999999999994,0.3600000000000012,15.799999999999999,False,False,OK
E12000007,London,E09000012,Hackney,2019,16.04,6.15,10.01,3.8599999999999994,0.3600000000000012,15.799999999999999,True,False,Statistical outlier
E12000007,London,E09000013,Hammersmith and Fulham,2019,17.34,6.15,10.01,3.8599999999999994,0.3600000000000012,15.799999999999999,True,False,Statistical outlier
E12000007,London,E09000014,Haringey,2019,14.4,6.15,10.01,3.8599999999999994,0.3600000000000012,15.799999999999999,False,False,OK
E12000007,London,E09000015,Harrow,2019,12.97,6.15,10.01,3.8599999999999994,0.3600000000000012,15.799999999999999,False,False,OK
E12000007,London,E09000016,Havering,2019,10.77,6.15,10.01,3.8599999999999994,0.3600000000000012,15.799999999999999,False,False,OK
E12000007,London,E09000017,Hillingdon,2019,13.15,6.15,10.01,3.8599999999999994,0.3600000000000012,15.799999999999999,False,False,OK
E12000007,London,E09000018,Hounslow,2019,11.82,6.15,10.01,3.8599999999999994,0.3600000000000012,15.799999999999999,False,False,OK
E12000007,London,E09000019,Islington,2019,13.73,6.15,10.01,3.8599999999999994,0.3600000000000012,15.799999999999999,False,False,OK
E12000007,London,E09000020,Kensington and Chelsea,2019,27.64,6.15,10.01,3.8599999999999994,0.3600000000000012,15.799999999999999,True,False,Statistical outlier
E12000007,London,E09000021,Kingston upon Thames,2019,12.71,6.15,10.01,3.8599999999999994,0.3600000000000012,15.799999999999999,False,False,OK
E12000007,London,E09000022,Lambeth,2019,14.4,6.15,10.01,3.8599999999999994,0.3600000000000012,15.799999999999999,False,False,OK
E12000007,London,E09000023,Lewisham,2019,12.74,6.15,10.01,3.8599999999999994,0.3600000000000012,15.799999999999999,False,False,OK
E12000007,London,E09000024,Merton,2019,12.4,6.15,10.01,3.8599999999999994,0.3600000000000012,15.799999999999999,False,False,OK
E12000007,London,E09000025,Newham,2019,13.01,6.15,10.01,3.8599999999999994,0.3600000000000012,15.799999999999999,False,False,OK
E12000007,London,E09000026,Redbridge,2019,11.99,6.15,10.01,3.8599999999999994,0.3600000000000012,15.799999999999999,False,False,OK
E12000007,London,E09000027,Richmond upon Thames,2019,14.74,6.15,10.01,3.8599999999999994,0.3600000000000012,15.799999999999999,False,False,OK
E12000007,London,E09000028,Southwark,2019,14.31,6.15,10.01,3.8599999999999994,0.3600000000000012,15.799999999999999,False,False,OK
E12000007,London,E09000029,Sutton,2019,10.4,6.15,10.01,3.8599999999999994,0.3600000000000012,15.799999999999999,False,False,OK
E12000007,London,E09000030,Tower Hamlets,2019,11.53,6.15,10.01,3.8599999999999994,0.3600000000000012,15.799999999999999,False,False,OK
E12000007,London,E09000031,Waltham Forest,2019,12.66,6.15,10.01,3.8599999999999994,0.3600000000000012,15.799999999999999,False,False,OK
E12000007,London,E09000032,Wandsworth,2019,14.38,6.15,10.01,3.8599999999999994,0.3600000000000012,15.799999999999999,False,False,OK
E12000007,London,E09000033,Westminster,2019,21.35,6.15,10.01,3.8599999999999994,0.3600000000000012,15.799999999999999,True,False,Statistical outlier
E12000008,South East,E06000035,Medway,2019,7.9,6.15,10.01,3.8599999999999994,0.3600000000000012,15.799999999999999,False,False,OK
E12000008,South East,E06000036,Bracknell Forest,2019,9.97,6.15,10.01,3.8599999999999994,0.3600000000000012,15.799999999999999,False,False,OK
E12000008,South East,E06000037,West Berkshire,2019,9.64,6.15,10.01,3.8599999999999994,0.3600000000000012,15.799999999999999,False,False,OK
E12000008,South East,E06000038,Reading,2019,9.36,6.15,10.01,3.8599999999999994,0.3600000000000012,15.799999999999999,False,False,OK
E12000008,South East,E06000039,Slough,2019,10.0,6.15,10.01,3.8599999999999994,0.3600000000000012,15.799999999999999,False,False,OK
E12000008,South East,E06000040,Windsor and Maidenhead,2019,11.28,6.15,10.01,3.8599999999999994,0.3600000000000012,15.799999999999999,False,False,OK
E12000008,South East,E06000041,Wokingham,2019,10.95,6.15,10.01,3.8599999999999994,0.3600000000000012,15.799999999999999,False,False,OK
E12000008,South East,E06000042,Milton Keynes,2019,8.83,6.15,10.01,3.8599999999999994,0.3600000000000012,15.799999999999999,False,False,OK
E12000008,South East,E06000043,Brighton and Hove,2019,11.25,6.15,10.01,3.8599999999999994,0.3600000000000012,15.799999999999999,False,False,OK
E12000008,South East,E06000044,Portsmouth,2019,7.35,6.15,10.01,3.8599999999999994,0.3600000000000012,15.799999999999999,False,False,OK
E12000008,South East,E06000045,Southampton,2019,7.5,6.15,10.01,3.8599999999999994,0.3600000000000012,15.799999999999999,False,False,OK
E12000008,South East,E06000046,Isle of Wight,2019,8.03,6.15,10.01,3.8599999999999994,0.3600000000000012,15.799999999999999,False,False,OK
E12000008,South East,E06000060,Buckinghamshire,2019,11.04,6.15,10.01,3.8599999999999994,0.3600000000000012,15.799999999999999,False,False,OK
E12000008,South East,E07000061,Eastbourne,2019,8.27,6.15,10.01,3.8599999999999994,0.3600000000000012,15.799999999999999,False,False,OK
E12000008,South East,E07000062,Hastings,2019,9.12,6.15,10.01,3.8599999999999994,0.3600000000000012,15.799999999999999,False,False,OK
E12000008,South East,E07000063,Lewes,2019,9.74,6.15,10.01,3.8599999999999994,0.3600000000000012,15.799999999999999,False,False,OK
E12000008,South East,E07000064,Rother,2019,9.96,6.15,10.01,3.8599999999999994,0.3600000000000012,15.799999999999999,False,False,OK
E12000008,South East,E07000065,Wealden,2019,10.01,6.15,10.01,3.8599999999999994,0.3600000000000012,15.799999999999999,False,False,OK
E12000008,South East,E07000084,Basingstoke and Deane,2019,8.46,6.15,10.01,3.8599999999999994,0.3600000000000012,15.799999999999999,False,False,OK
E12000008,South East,E07000085,East Hampshire,2019,10.52,6.15,10.01,3.8599999999999994,0.3600000000000012,15.799999999999999,False,False,OK
E12000008,South East,E07000086,Eastleigh,2019,9.86,6.15,10.01,3.8599999999999994,0.3600000000000012,15.799999999999999,False,False,OK
E12000008,South East,E07000087,Fareham,2019,8.54,6.15,10.01,3.8599999999999994,0.3600000000000012,15.799999999999999,False,False,OK
E12000008,South East,E07000088,Gosport,2019,7.12,6.15,10.01,3.8599999999999994,0.3600000000000012,15.799999999999999,False,False,OK
E12000008,South East,E07000089,Hart,2019,10.57,6.15,10.01,3.8599999999999994,0.3600000000000012,15.799999999999999,False,False,OK
E12000008,South East,E07000090,Havant,2019,8.97,6.15,10.01,3.8599999999999994,0.3600000000000012,15.799999999999999,False,False,OK
E12000008,South East,E07000091,New Forest,2019,10.5,6.15,10.01,3.8599999999999994,0.3600000000000012,15.799999999999999,False,False,OK
E12000008,South East,E07000092,Rushmoor,2019,9.35,6.15,10.01,3.8599999999999994,0.3600000000000012,15.799999999999999,False,False,OK
E12000008,South East,E07000093,Test Valley,2019,9.06,6.15,10.01,3.8599999999999994,0.3600000000000012,15.799999999999999,False,False,OK
E12000008,South East,E07000094,Winchester,2019,11.08,6.15,10.01,3.8599999999999994,0.3600000000000012,15.799999999999999,False,False,OK
E12000008,South East,E07000105,Ashford,2019,8.92,6.15,10.01,3.8599999999999994,0.3600000000000012,15.799999999999999,False,False,OK
E12000008,South East,E07000106,Canterbury,2019,8.67,6.15,10.01,3.8599999999999994,0.3600000000000012,15.799999999999999,False,False,OK
E12000008,South East,E07000107,Dartford,2019,9.17,6.15,10.01,3.8599999999999994,0.3600000000000012,15.799999999999999,False,False,OK
E12000008,South East,E07000108,Dover,2019,8.07,6.15,10.01,3.8599999999999994,0.3600000000000012,15.799999999999999,False,False,OK
E12000008,South East,E07000109,Gravesham,2019,8.96,6.15,10.01,3.8599999999999994,0.3600000000000012,15.799999999999999,False,False,OK
E12000008,South East,E07000110,Maidstone,2019,10.18,6.15,10.01,3.8599999999999994,0.3600000000000012,15.799999999999999,False,False,OK
E12000008,South East,E07000111,Sevenoaks,2019,10.49,6.15,10.01,3.8599999999999994,0.3600000000000012,15.799999999999999,False,False,OK
E12000008,South East,E07000112,Folkestone and Hythe,2019,8.76,6.15,10.01,3.8599999999999994,0.3600000000000012,15.799999999999999,False,False,OK
E12000008,South East,E07000113,Swale,2019,7.99,6.15,10.01,3.8599999999999994,0.3600000000000012,15.799999999999999,False,False,OK
E12000008,South East,E07000114,Thanet,2019,9.1,6.15,10.01,3.8599999999999994,0.3600000000000012,15.799999999999999,False,False,OK
E12000008,South East,E07000115,Tonbridge and Malling,2019,9.66,6.15,10.01,3.8599999999999994,0.3600000000000012,15.799999999999999,False,False,OK
E12000008,South East,E07000116,Tunbridge Wells,2019,10.18,6.15,10.01,3.8599999999999994,0.3600000000000012,15.799999999999999,False,False,OK
E12000008,South East,E07000177,Cherwell,2019,10.16,6.15,10.01,3.8599999999999994,0.3600000000000012,15.799999999999999,False,False,OK
E12000008,South East,E07000178,Oxford,2019,12.36,6.15,10.01,3.8599999999999994,0.3600000000000012,15.799999999999999,False,False,OK
E12000008,South East,E07000179,South Oxfordshire,2019,10.02,6.15,10.01,3.8599999999999994,0.3600000000000012,15.799999999999999,False,False,OK
E12000008,South East,E07000180,Vale of White Horse,2019,8.97,6.15,10.01,3.8599999999999994,0.3600000000000012,15.799999999999999,False,False,OK
E12000008,South East,E07000181,West Oxfordshire,2019,9.83,6.15,10.01,3.8599999999999994,0.3600000000000012,15.799999999999999,False,False,OK
E12000008,South East,E07000207,Elmbridge,2019,13.41,6.15,10.01,3.8599999999999994,0.3600000000000012,15.799999999999999,False,False,OK
E12000008,South East,E07000208,Epsom and Ewell,2019,12.49,6.15,10.01,3.8599999999999994,0.3600000000000012,15.799999999999999,False,False,OK
E12000008,South East,E07000209,Guildford,2019,11.21,6.15,10.01,3.8599999999999994,0.3600000000000012,15.799999999999999,False,False,OK
E12000008,South East,E07000210,Mole Valley,2019,14.89,6.15,10.01,3.8599999999999994,0.3600000000000012,15.799999999999999,False,False,OK
E12000008,South East,E07000211,Reigate and Banstead,2019,10.69,6.15,10.01,3.8599999999999994,0.3600000000000012,15.799999999999999,False,False,OK
E12000008,South East,E07000212,Runnymede,2019,10.03,6.15,10.01,3.8599999999999994,0.3600000000000012,15.799999999999999,False,False,OK
E12000008,South East,E07000213,Spelthorne,2019,11.5,6.15,10.01,3.8599999999999994,0.3600000000000012,15.799999999999999,False,False,OK
E12000008,South East,E07000214,Surrey Heath,2019,11.27,6.15,10.01,3.8599999999999994,0.3600000000000012,15.799999999999999,False,False,OK
E12000008,South East,E07000215,Tandridge,2019,11.81,6.15,10.01,3.8599999999999994,0.3600000000000012,15.799999999999999,False,False,OK
E12000008,South East,E07000216,Waverley,2019,11.41,6.15,10.01,3.8599999999999994,0.3600000000000012,15.799999999999999,False,False,OK
E12000008,South East,E07000217,Woking,2019,10.83,6.15,10.01,3.8599999999999994,0.3600000000000012,15.799999999999999,False,False,OK
E12000008,South East,E07000223,Adur,2019,11.19,6.15,10.01,3.8599999999999994,0.3600000000000012,15.799999999999999,False,False,OK
E12000008,South East,E07000224,Arun,2019,11.06,6.15,10.01,3.8599999999999994,0.3600000000000012,15.799999999999999,False,False,OK
E12000008,South East,E07000225,Chichester,2019,10.5,6.15,10.01,3.8599999999999994,0.3600000000000012,15.799999999999999,False,False,OK
E12000008,South East,E07000226,Crawley,2019,9.87,6.15,10.01,3.8599999999999994,0.3600000000000012,15.799999999999999,False,False,OK
E12000008,South East,E07000227,Horsham,2019,10.93,6.15,10.01,3.8599999999999994,0.3600000000000012,15.799999999999999,False,False,OK
E12000008,South East,E07000228,Mid Sussex,2019,10.73,6.15,10.01,3.8599999999999994,0.3600000000000012,15.799999999999999,False,False,OK
E12000008,South East,E07000229,Worthing,2019,9.64,6.15,10.01,3.8599999999999994,0.3600000000000012,15.799999999999999,False,False,OK
E12000009,South West,E06000022,Bath and North East Somerset,2019,10.08,6.15,10.01,3.8599999999999994,0.3600000000000012,15.799999999999999,False,False,OK
E12000009,South West,E06000023,"Bristol, City of",2019,8.85,6.15,10.01,3.8599999999999994,0.3600000000000012,15.799999999999999,False,False,OK
E12000009,South West,E06000024,North Somerset,2019,8.3,6.15,10.01,3.8599999999999994,0.3600000000000012,15.799999999999999,False,False,OK
E12000009,South West,E06000025,South Gloucestershire,2019,8.69,6.15,10.01,3.8599999999999994,0.3600000000000012,15.799999999999999,False,False,OK
E12000009,South West,E06000026,Plymouth,2019,6.89,6.15,10.01,3.8599999999999994,0.3600000000000012,15.799999999999999,False,False,OK
E12000009,South West,E06000027,Torbay,2019,7.64,6.15,10.01,3.8599999999999994,0.3600000000000012,15.799999999999999,False,False,OK
E12000009,South West,E06000030,Swindon,2019,7.5,6.15,10.01,3.8599999999999994,0.3600000000000012,15.799999999999999,False,False,OK
E12000009,South West,E06000052,Cornwall,2019,8.75,6.15,10.01,3.8599999999999994,0.3600000000000012,15.799999999999999,False,False,OK
E12000009,South West,E06000053,Isles of Scilly,2019,16.96,6.15,10.01,3.8599999999999994,0.3600000000000012,15.799999999999999,True,False,Statistical outlier
E12000009,South West,E06000054,Wiltshire,2019,9.2,6.15,10.01,3.8599999999999994,0.3600000000000012,15.799999999999999,False,False,OK
E12000009,South West,E06000058,"Bournemouth, Christchurch and Poole",2019,9.01,6.15,10.01,3.8599999999999994,0.3600000000000012,15.799999999999999,False,False,OK
E12000009,South West,E06000059,Dorset,2019,9.85,6.15,10.01,3.8599999999999994,0.3600000000000012,15.799999999999999,False,False,OK
E12000009,South West,E06000066,Somerset,2019,7.88,6.15,10.01,3.8599999999999994,0.3600000000000012,15.799999999999999,False,False,OK
E12000009,South West,E07000040,East Devon,2019,9.37,6.15,10.01,3.8599999999999994,0.3600000000000012,15.799999999999999,False,False,OK
E12000009,South West,E07000041,Exeter,2019,8.4,6.15,10.01,3.8599999999999994,0.3600000000000012,15.799999999999999,False,False,OK
E12000009,South West,E07000042,Mid Devon,2019,8.48,6.15,10.01,3.8599999999999994,0.3600000000000012,15.799999999999999,False,False,OK
E12000009,South West,E07000043,North Devon,2019,10.45,6.15,10.01,3.8599999999999994,0.3600000000000012,15.799999999999999,False,False,OK
E12000009,South West,E07000044,South Hams,2019,10.37,6.15,10.01,3.8599999999999994,0.3600000000000012,15.799999999999999,False,False,OK
E12000009,South West,E07000045,Teignbridge,2019,9.68,6.15,10.01,3.8599999999999994,0.3600000000000012,15.799999999999999,False,False,OK
E12000009,South West,E07000046,Torridge,2019,8.96,6.15,10.01,3.8599999999999994,0.3600000000000012,15.799999999999999,False,False,OK
E12000009,South West,E07000047,West Devon,2019,9.3,6.15,10.01,3.8599999999999994,0.3600000000000012,15.799999999999999,False,False,OK
E12000009,South West,E07000078,Cheltenham,2019,8.13,6.15,10.01,3.8599999999999994,0.3600000000000012,15.799999999999999,False,False,OK
E12000009,South West,E07000079,Cotswold,2019,11.43,6.15,10.01,3.8599999999999994,0.3600000000000012,15.799999999999999,False,False,OK
E12000009,South West,E07000080,Forest of Dean,2019,7.63,6.15,10.01,3.8599999999999994,0.3600000000000012,15.799999999999999,False,False,OK
E12000009,South West,E07000081,Gloucester,2019,7.02,6.15,10.01,3.8599999999999994,0.3600000000000012,15.799999999999999,False,False,OK
E12000009,South West,E07000082,Stroud,2019,9.43,6.15,10.01,3.8599999999999994,0.3600000000000012,15.799999999999999,False,False,OK
E12000009,South West,E07000083,Tewkesbury,2019,8.38,6.15,10.01,3.8599999999999994,0.3600000000000012,15.799999999999999,False,False,OK
W92000004,Wales,W06000001,Isle of Anglesey,2019,6.27,6.15,10.01,3.8599999999999994,0.3600000000000012,15.799999999999999,False,False,OK
W92000004,Wales,W06000002,Gwynedd,2019,6.42,6.15,10.01,3.8599999999999994,0.3600000000000012,15.799999999999999,False,False,OK
W92000004,Wales,W06000003,Conwy,2019,6.36,6.15,10.01,3.8599999999999994,0.3600000000000012,15.799999999999999,False,False,OK
W92000004,Wales,W06000004,Denbighshire,2019,5.89,6.15,10.01,3.8599999999999994,0.3600000000000012,15.799999999999999,False,False,OK
W92000004,Wales,W06000005,Flintshire,2019,6.07,6.15,10.01,3.8599999999999994,0.3600000000000012,15.799999999999999,False,False,OK
W92000004,Wales,W06000006,Wrexham,2019,5.35,6.15,10.01,3.8599999999999994,0.3600000000000012,15.799999999999999,False,False,OK
W92000004,Wales,W06000008,Ceredigion,2019,7.46,6.15,10.01,3.8599999999999994,0.3600000000000012,15.799999999999999,False,False,OK
W92000004,Wales,W06000009,Pembrokeshire,2019,7.13,6.15,10.01,3.8599999999999994,0.3600000000000012,15.799999999999999,False,False,OK
W92000004,Wales,W06000010,Carmarthenshire,2019,5.16,6.15,10.01,3.8599999999999994,0.3600000000000012,15.799999999999999,False,False,OK
W92000004,Wales,W06000011,Swansea,2019,5.33,6.15,10.01,3.8599999999999994,0.3600000000000012,15.799999999999999,False,False,OK
W92000004,Wales,W06000012,Neath Port Talbot,2019,4.14,6.15,10.01,3.8599999999999994,0.3600000000000012,15.799999999999999,False,False,OK
W92000004,Wales,W06000013,Bridgend,2019,5.56,6.15,10.01,3.8599999999999994,0.3600000000000012,15.799999999999999,False,False,OK
W92000004,Wales,W06000014,Vale of Glamorgan,2019,6.9,6.15,10.01,3.8599999999999994,0.3600000000000012,15.799999999999999,False,False,OK
W92000004,Wales,W06000015,Cardiff,2019,6.66,6.15,10.01,3.8599999999999994,0.3600000000000012,15.799999999999999,False,False,OK
W92000004,Wales,W06000016,Rhondda Cynon Taf,2019,4.3,6.15,10.01,3.8599999999999994,0.3600000000000012,15.799999999999999,False,False,OK
W92000004,Wales,W06000018,Caerphilly,2019,4.94,6.15,10.01,3.8599999999999994,0.3600000000000012,15.799999999999999,False,False,OK
W92000004,Wales,W06000019,Blaenau Gwent,2019,3.82,6.15,10.01,3.8599999999999994,0.3600000000000012,15.799999999999999,False,False,OK
W92000004,Wales,W06000020,Torfaen,2019,5.5,6.15,10.01,3.8599999999999994,0.3600000000000012,15.799999999999999,False,False,OK
W92000004,Wales,W06000021,Monmouthshire,2019,7.27,6.15,10.01,3.8599999999999994,0.3600000000000012,15.799999999999999,False,False,OK
W92000004,Wales,W06000022,Newport,2019,6.18,6.15,10.01,3.8599999999999994,0.3600000000000012,15.799999999999999,False,False,OK
W92000004,Wales,W06000023,Powys,2019,6.68,6.15,10.01,3.8599999999999994,0.3600000000000012,15.799999999999999,False,False,OK
W92000004,Wales,W06000024,Merthyr Tydfil,2019,3.83,6.15,10.01,3.8599999999999994,0.3600000000000012,15.799999999999999,False,False,OK
E12000001,North East,E06000001,Hartlepool,2020,4.54,6.1025,9.965,3.8625,0.30875000000000075,15.75875,False,False,OK
E12000001,North East,E06000002,Middlesbrough,2020,5.07,6.1025,9.965,3.8625,0.30875000000000075,15.75875,False,False,OK
E12000001,North East,E06000003,Redcar and Cleveland,2020,5.06,6.1025,9.965,3.8625,0.30875000000000075,15.75875,False,False,OK
E12000001,North East,E06000004,Stockton-on-Tees,2020,5.19,6.1025,9.965,3.8625,0.30875000000000075,15.75875,False,False,OK
E12000001,North East,E06000005,Darlington,2020,5.55,6.1025,9.965,3.8625,0.30875000000000075,15.75875,False,False,OK
E12000001,North East,E06000047,County Durham,2020,4.25,6.1025,9.965,3.8625,0.30875000000000075,15.75875,False,False,OK
E12000001,North East,E06000057,Northumberland,2020,5.97,6.1025,9.965,3.8625,0.30875000000000075,15.75875,False,False,OK
E12000001,North East,E08000021,Newcastle upon Tyne,2020,5.68,6.1025,9.965,3.8625,0.30875000000000075,15.75875,False,False,OK
E12000001,North East,E08000022,North Tyneside,2020,5.83,6.1025,9.965,3.8625,0.30875000000000075,15.75875,False,False,OK
E12000001,North East,E08000023,South Tyneside,2020,5.09,6.1025,9.965,3.8625,0.30875000000000075,15.75875,False,False,OK
E12000001,North East,E08000024,Sunderland,2020,4.84,6.1025,9.965,3.8625,0.30875000000000075,15.75875,False,False,OK
E12000001,North East,E08000037,Gateshead,2020,5.36,6.1025,9.965,3.8625,0.30875000000000075,15.75875,False,False,OK
E12000002,North West,E06000006,Halton,2020,5.05,6.1025,9.965,3.8625,0.30875000000000075,15.75875,False,False,OK
E12000002,North West,E06000007,Warrington,2020,6.71,6.1025,9.965,3.8625,0.30875000000000075,15.75875,False,False,OK
E12000002,North West,E06000008,Blackburn with Darwen,2020,5.09,6.1025,9.965,3.8625,0.30875000000000075,15.75875,False,False,OK
E12000002,North West,E06000009,Blackpool,2020,4.81,6.1025,9.965,3.8625,0.30875000000000075,15.75875,False,False,OK
E12000002,North West,E06000049,Cheshire East,2020,7.42,6.1025,9.965,3.8625,0.30875000000000075,15.75875,False,False,OK
E12000002,North West,E06000050,Cheshire West and Chester,2020,6.75,6.1025,9.965,3.8625,0.30875000000000075,15.75875,False,False,OK
E12000002,North West,E06000063,Cumberland,2020,4.48,6.1025,9.965,3.8625,0.30875000000000075,15.75875,False,False,OK
E12000002,North West,E06000064,Westmorland and Furness,2020,6.31,6.1025,9.965,3.8625,0.30875000000000075,15.75875,False,False,OK
E12000002,North West,E07000117,Burnley,2020,3.95,6.1025,9.965,3.8625,0.30875000000000075,15.75875,False,False,OK
E12000002,North West,E07000118,Chorley,2020,5.78,6.1025,9.965,3.8625,0.30875000000000075,15.75875,False,False,OK
E12000002,North West,E07000119,Fylde,2020,6.28,6.1025,9.965,3.8625,0.30875000000000075,15.75875,False,False,OK
E12000002,North West,E07000120,Hyndburn,2020,4.43,6.1025,9.965,3.8625,0.30875000000000075,15.75875,False,False,OK
E12000002,North West,E07000121,Lancaster,2020,5.49,6.1025,9.965,3.8625,0.30875000000000075,15.75875,False,False,OK
E12000002,North West,E07000122,Pendle,2020,4.6,6.1025,9.965,3.8625,0.30875000000000075,15.75875,False,False,OK
E12000002,North West,E07000123,Preston,2020,5.69,6.1025,9.965,3.8625,0.30875000000000075,15.75875,False,False,OK
E12000002,North West,E07000124,Ribble Valley,2020,7.01,6.1025,9.965,3.8625,0.30875000000000075,15.75875,False,False,OK
E12000002,North West,E07000125,Rossendale,2020,5.25,6.1025,9.965,3.8625,0.30875000000000075,15.75875,False,False,OK
E12000002,North West,E07000126,South Ribble,2020,5.95,6.1025,9.965,3.8625,0.30875000000000075,15.75875,False,False,OK
E12000002,North West,E07000127,West Lancashire,2020,6.42,6.1025,9.965,3.8625,0.30875000000000075,15.75875,False,False,OK
E12000002,North West,E07000128,Wyre,2020,6.14,6.1025,9.965,3.8625,0.30875000000000075,15.75875,False,False,OK
E12000002,North West,E08000001,Bolton,2020,5.36,6.1025,9.965,3.8625,0.30875000000000075,15.75875,False,False,OK
E12000002,North West,E08000002,Bury,2020,5.58,6.1025,9.965,3.8625,0.30875000000000075,15.75875,False,False,OK
E12000002,North West,E08000003,Manchester,2020,6.93,6.1025,9.965,3.8625,0.30875000000000075,15.75875,False,False,OK
E12000002,North West,E08000004,Oldham,2020,5.41,6.1025,9.965,3.8625,0.30875000000000075,15.75875,False,False,OK
E12000002,North West,E08000005,Rochdale,2020,5.38,6.1025,9.965,3.8625,0.30875000000000075,15.75875,False,False,OK
E12000002,North West,E08000006,Salford,2020,6.3,6.1025,9.965,3.8625,0.30875000000000075,15.75875,False,False,OK
E12000002,North West,E08000007,Stockport,2020,6.87,6.1025,9.965,3.8625,0.30875000000000075,15.75875,False,False,OK
E12000002,North West,E08000008,Tameside,2020,6.01,6.1025,9.965,3.8625,0.30875000000000075,15.75875,False,False,OK
E12000002,North West,E08000009,Trafford,2020,8.07,6.1025,9.965,3.8625,0.30875000000000075,15.75875,False,False,OK
E12000002,North West,E08000010,Wigan,2020,5.11,6.1025,9.965,3.8625,0.30875000000000075,15.75875,False,False,OK
E12000002,North West,E08000011,Knowsley,2020,5.61,6.1025,9.965,3.8625,0.30875000000000075,15.75875,False,False,OK
E12000002,North West,E08000012,Liverpool,2020,4.28,6.1025,9.965,3.8625,0.30875000000000075,15.75875,False,False,OK
E12000002,North West,E08000013,St. Helens,2020,5.06,6.1025,9.965,3.8625,0.30875000000000075,15.75875,False,False,OK
E12000002,North West,E08000014,Sefton,2020,5.96,6.1025,9.965,3.8625,0.30875000000000075,15.75875,False,False,OK
E12000002,North West,E08000015,Wirral,2020,5.72,6.1025,9.965,3.8625,0.30875000000000075,15.75875,False,False,OK
E12000003,Yorkshire and The Humber,E06000010,"Kingston upon Hull, City of",2020,4.83,6.1025,9.965,3.8625,0.30875000000000075,15.75875,False,False,OK
E12000003,Yorkshire and The Humber,E06000011,East Riding of Yorkshire,2020,6.0,6.1025,9.965,3.8625,0.30875000000000075,15.75875,False,False,OK
E12000003,Yorkshire and The Humber,E06000012,North East Lincolnshire,2020,4.79,6.1025,9.965,3.8625,0.30875000000000075,15.75875,False,False,OK
E12000003,Yorkshire and The Humber,E06000013,North Lincolnshire,2020,4.97,6.1025,9.965,3.8625,0.30875000000000075,15.75875,False,False,OK
E12000003,Yorkshire and The Humber,E06000014,York,2020,8.32,6.1025,9.965,3.8625,0.30875000000000075,15.75875,False,False,OK
E12000003,Yorkshire and The Humber,E06000065,North Yorkshire,2020,7.67,6.1025,9.965,3.8625,0.30875000000000075,15.75875,False,False,OK
E12000003,Yorkshire and The Humber,E08000017,Doncaster,2020,4.83,6.1025,9.965,3.8625,0.30875000000000075,15.75875,False,False,OK
E12000003,Yorkshire and The Humber,E08000018,Rotherham,2020,5.12,6.1025,9.965,3.8625,0.30875000000000075,15.75875,False,False,OK
E12000003,Yorkshire and The Humber,E08000032,Bradford,2020,5.0,6.1025,9.965,3.8625,0.30875000000000075,15.75875,False,False,OK
E12000003,Yorkshire and The Humber,E08000033,Calderdale,2020,5.35,6.1025,9.965,3.8625,0.30875000000000075,15.75875,False,False,OK
E12000003,Yorkshire and The Humber,E08000034,Kirklees,2020,5.55,6.1025,9.965,3.8625,0.30875000000000075,15.75875,False,False,OK
E12000003,Yorkshire and The Humber,E08000035,Leeds,2020,6.45,6.1025,9.965,3.8625,0.30875000000000075,15.75875,False,False,OK
E12000003,Yorkshire and The Humber,E08000036,Wakefield,2020,6.13,6.1025,9.965,3.8625,0.30875000000000075,15.75875,False,False,OK
E12000003,Yorkshire and The Humber,E08000038,Barnsley,2020,5.0,6.1025,9.965,3.8625,0.30875000000000075,15.75875,False,False,OK
E12000003,Yorkshire and The Humber,E08000039,Sheffield,2020,5.99,6.1025,9.965,3.8625,0.30875000000000075,15.75875,False,False,OK
E12000004,East Midlands,E06000015,Derby,2020,5.4,6.1025,9.965,3.8625,0.30875000000000075,15.75875,False,False,OK
E12000004,East Midlands,E06000016,Leicester,2020,7.41,6.1025,9.965,3.8625,0.30875000000000075,15.75875,False,False,OK
E12000004,East Midlands,E06000017,Rutland,2020,9.08,6.1025,9.965,3.8625,0.30875000000000075,15.75875,False,False,OK
E12000004,East Midlands,E06000018,Nottingham,2020,5.89,6.1025,9.965,3.8625,0.30875000000000075,15.75875,False,False,OK
E12000004,East Midlands,E06000061,North Northamptonshire,2020,7.4,6.1025,9.965,3.8625,0.30875000000000075,15.75875,False,False,OK
E12000004,East Midlands,E06000062,West Northamptonshire,2020,8.15,6.1025,9.965,3.8625,0.30875000000000075,15.75875,False,False,OK
E12000004,East Midlands,E07000032,Amber Valley,2020,5.28,6.1025,9.965,3.8625,0.30875000000000075,15.75875,False,False,OK
E12000004,East Midlands,E07000033,Bolsover,2020,5.08,6.1025,9.965,3.8625,0.30875000000000075,15.75875,False,False,OK
E12000004,East Midlands,E07000034,Chesterfield,2020,5.94,6.1025,9.965,3.8625,0.30875000000000075,15.75875,False,False,OK
E12000004,East Midlands,E07000035,Derbyshire Dales,2020,7.63,6.1025,9.965,3.8625,0.30875000000000075,15.75875,False,False,OK
E12000004,East Midlands,E07000036,Erewash,2020,5.69,6.1025,9.965,3.8625,0.30875000000000075,15.75875,False,False,OK
E12000004,East Midlands,E07000037,High Peak,2020,6.68,6.1025,9.965,3.8625,0.30875000000000075,15.75875,False,False,OK
E12000004,East Midlands,E07000038,North East Derbyshire,2020,7.1,6.1025,9.965,3.8625,0.30875000000000075,15.75875,False,False,OK
E12000004,East Midlands,E07000039,South Derbyshire,2020,6.18,6.1025,9.965,3.8625,0.30875000000000075,15.75875,False,False,OK
E12000004,East Midlands,E07000129,Blaby,2020,6.44,6.1025,9.965,3.8625,0.30875000000000075,15.75875,False,False,OK
E12000004,East Midlands,E07000130,Charnwood,2020,7.51,6.1025,9.965,3.8625,0.30875000000000075,15.75875,False,False,OK
E12000004,East Midlands,E07000131,Harborough,2020,8.03,6.1025,9.965,3.8625,0.30875000000000075,15.75875,False,False,OK
E12000004,East Midlands,E07000132,Hinckley and Bosworth,2020,7.11,6.1025,9.965,3.8625,0.30875000000000075,15.75875,False,False,OK
E12000004,East Midlands,E07000133,Melton,2020,7.99,6.1025,9.965,3.8625,0.30875000000000075,15.75875,False,False,OK
E12000004,East Midlands,E07000134,North West Leicestershire,2020,7.55,6.1025,9.965,3.8625,0.30875000000000075,15.75875,False,False,OK
E12000004,East Midlands,E07000135,Oadby and Wigston,2020,6.9,6.1025,9.965,3.8625,0.30875000000000075,15.75875,False,False,OK
E12000004,East Midlands,E07000136,Boston,2020,7.0,6.1025,9.965,3.8625,0.30875000000000075,15.75875,False,False,OK
E12000004,East Midlands,E07000137,East Lindsey,2020,6.75,6.1025,9.965,3.8625,0.30875000000000075,15.75875,False,False,OK
E12000004,East Midlands,E07000138,Lincoln,2020,5.53,6.1025,9.965,3.8625,0.30875000000000075,15.75875,False,False,OK
E12000004,East Midlands,E07000139,North Kesteven,2020,6.53,6.1025,9.965,3.8625,0.30875000000000075,15.75875,False,False,OK
E12000004,East Midlands,E07000140,South Holland,2020,6.38,6.1025,9.965,3.8625,0.30875000000000075,15.75875,False,False,OK
E12000004,East Midlands,E07000141,South Kesteven,2020,8.02,6.1025,9.965,3.8625,0.30875000000000075,15.75875,False,False,OK
E12000004,East Midlands,E07000142,West Lindsey,2020,6.11,6.1025,9.965,3.8625,0.30875000000000075,15.75875,False,False,OK
E12000004,East Midlands,E07000170,Ashfield,2020,5.5,6.1025,9.965,3.8625,0.30875000000000075,15.75875,False,False,OK
E12000004,East Midlands,E07000171,Bassetlaw,2020,6.01,6.1025,9.965,3.8625,0.30875000000000075,15.75875,False,False,OK
E12000004,East Midlands,E07000172,Broxtowe,2020,6.06,6.1025,9.965,3.8625,0.30875000000000075,15.75875,False,False,OK
E12000004,East Midlands,E07000173,Gedling,2020,6.49,6.1025,9.965,3.8625,0.30875000000000075,15.75875,False,False,OK
E12000004,East Midlands,E07000174,Mansfield,2020,5.96,6.1025,9.965,3.8625,0.30875000000000075,15.75875,False,False,OK
E12000004,East Midlands,E07000175,Newark and Sherwood,2020,6.03,6.1025,9.965,3.8625,0.30875000000000075,15.75875,False,False,OK
E12000004,East Midlands,E07000176,Rushcliffe,2020,8.22,6.1025,9.965,3.8625,0.30875000000000075,15.75875,False,False,OK
E12000005,West Midlands,E06000019,"Herefordshire, County of",2020,8.61,6.1025,9.965,3.8625,0.30875000000000075,15.75875,False,False,OK
E12000005,West Midlands,E06000020,Telford and Wrekin,2020,6.47,6.1025,9.965,3.8625,0.30875000000000075,15.75875,False,False,OK
E12000005,West Midlands,E06000021,Stoke-on-Trent,2020,4.63,6.1025,9.965,3.8625,0.30875000000000075,15.75875,False,False,OK
E12000005,West Midlands,E06000051,Shropshire,2020,7.64,6.1025,9.965,3.8625,0.30875000000000075,15.75875,False,False,OK
E12000005,West Midlands,E07000192,Cannock Chase,2020,6.62,6.1025,9.965,3.8625,0.30875000000000075,15.75875,False,False,OK
E12000005,West Midlands,E07000193,East Staffordshire,2020,6.85,6.1025,9.965,3.8625,0.30875000000000075,15.75875,False,False,OK
E12000005,West Midlands,E07000194,Lichfield,2020,7.01,6.1025,9.965,3.8625,0.30875000000000075,15.75875,False,False,OK
E12000005,West Midlands,E07000195,Newcastle-under-Lyme,2020,5.23,6.1025,9.965,3.8625,0.30875000000000075,15.75875,False,False,OK
E12000005,West Midlands,E07000196,South Staffordshire,2020,6.47,6.1025,9.965,3.8625,0.30875000000000075,15.75875,False,False,OK
E12000005,West Midlands,E07000197,Stafford,2020,6.92,6.1025,9.965,3.8625,0.30875000000000075,15.75875,False,False,OK
E12000005,West Midlands,E07000198,Staffordshire Moorlands,2020,6.08,6.1025,9.965,3.8625,0.30875000000000075,15.75875,False,False,OK
E12000005,West Midlands,E07000199,Tamworth,2020,8.4,6.1025,9.965,3.8625,0.30875000000000075,15.75875,False,False,OK
E12000005,West Midlands,E07000218,North Warwickshire,2020,7.17,6.1025,9.965,3.8625,0.30875000000000075,15.75875,False,False,OK
E12000005,West Midlands,E07000219,Nuneaton and Bedworth,2020,6.61,6.1025,9.965,3.8625,0.30875000000000075,15.75875,False,False,OK
E12000005,West Midlands,E07000220,Rugby,2020,7.71,6.1025,9.965,3.8625,0.30875000000000075,15.75875,False,False,OK
E12000005,West Midlands,E07000221,Stratford-on-Avon,2020,9.45,6.1025,9.965,3.8625,0.30875000000000075,15.75875,False,False,OK
E12000005,West Midlands,E07000222,Warwick,2020,8.83,6.1025,9.965,3.8625,0.30875000000000075,15.75875,False,False,OK
E12000005,West Midlands,E07000234,Bromsgrove,2020,8.52,6.1025,9.965,3.8625,0.30875000000000075,15.75875,False,False,OK
E12000005,West Midlands,E07000235,Malvern Hills,2020,9.31,6.1025,9.965,3.8625,0.30875000000000075,15.75875,False,False,OK
E12000005,West Midlands,E07000236,Redditch,2020,8.4,6.1025,9.965,3.8625,0.30875000000000075,15.75875,False,False,OK
E12000005,West Midlands,E07000237,Worcester,2020,7.61,6.1025,9.965,3.8625,0.30875000000000075,15.75875,False,False,OK
E12000005,West Midlands,E07000238,Wychavon,2020,9.86,6.1025,9.965,3.8625,0.30875000000000075,15.75875,False,False,OK
E12000005,West Midlands,E07000239,Wyre Forest,2020,6.45,6.1025,9.965,3.8625,0.30875000000000075,15.75875,False,False,OK
E12000005,West Midlands,E08000025,Birmingham,2020,6.39,6.1025,9.965,3.8625,0.30875000000000075,15.75875,False,False,OK
E12000005,West Midlands,E08000026,Coventry,2020,6.25,6.1025,9.965,3.8625,0.30875000000000075,15.75875,False,False,OK
E12000005,West Midlands,E08000027,Dudley,2020,5.79,6.1025,9.965,3.8625,0.30875000000000075,15.75875,False,False,OK
E12000005,West Midlands,E08000028,Sandwell,2020,6.01,6.1025,9.965,3.8625,0.30875000000000075,15.75875,False,False,OK
E12000005,West Midlands,E08000029,Solihull,2020,8.36,6.1025,9.965,3.8625,0.30875000000000075,15.75875,False,False,OK
E12000005,West Midlands,E08000030,Walsall,2020,5.75,6.1025,9.965,3.8625,0.30875000000000075,15.75875,False,False,OK
E12000005,West Midlands,E08000031,Wolverhampton,2020,6.36,6.1025,9.965,3.8625,0.30875000000000075,15.75875,False,False,OK
E12000006,East of England,E06000031,Peterborough,2020,7.5,6.1025,9.965,3.8625,0.30875000000000075,15.75875,False,False,OK
E12000006,East of England,E06000032,Luton,2020,8.55,6.1025,9.965,3.8625,0.30875000000000075,15.75875,False,False,OK
E12000006,East of England,E06000033,Southend-on-Sea,2020,8.76,6.1025,9.965,3.8625,0.30875000000000075,15.75875,False,False,OK
E12000006,East of England,E06000034,Thurrock,2020,8.64,6.1025,9.965,3.8625,0.30875000000000075,15.75875,False,False,OK
E12000006,East of England,E06000055,Bedford,2020,8.25,6.1025,9.965,3.8625,0.30875000000000075,15.75875,False,False,OK
E12000006,East of England,E06000056,Central Bedfordshire,2020,8.76,6.1025,9.965,3.8625,0.30875000000000075,15.75875,False,False,OK
E12000006,East of England,E07000008,Cambridge,2020,12.46,6.1025,9.965,3.8625,0.30875000000000075,15.75875,False,False,OK
E12000006,East of England,E07000009,East Cambridgeshire,2020,9.3,6.1025,9.965,3.8625,0.30875000000000075,15.75875,False,False,OK
E12000006,East of England,E07000010,Fenland,2020,6.97,6.1025,9.965,3.8625,0.30875000000000075,15.75875,False,False,OK
E12000006,East of England,E07000011,Huntingdonshire,2020,9.15,6.1025,9.965,3.8625,0.30875000000000075,15.75875,False,False,OK
E12000006,East of England,E07000012,South Cambridgeshire,2020,9.81,6.1025,9.965,3.8625,0.30875000000000075,15.75875,False,False,OK
E12000006,East of England,E07000066,Basildon,2020,9.42,6.1025,9.965,3.8625,0.30875000000000075,15.75875,False,False,OK
E12000006,East of England,E07000067,Braintree,2020,8.71,6.1025,9.965,3.8625,0.30875000000000075,15.75875,False,False,OK
E12000006,East of England,E07000068,Brentwood,2020,10.23,6.1025,9.965,3.8625,0.30875000000000075,15.75875,False,False,OK
E12000006,East of England,E07000069,Castle Point,2020,8.9,6.1025,9.965,3.8625,0.30875000000000075,15.75875,False,False,OK
E12000006,East of England,E07000070,Chelmsford,2020,10.14,6.1025,9.965,3.8625,0.30875000000000075,15.75875,False,False,OK
E12000006,East of England,E07000071,Colchester,2020,8.46,6.1025,9.965,3.8625,0.30875000000000075,15.75875,False,False,OK
E12000006,East of England,E07000072,Epping Forest,2020,13.0,6.1025,9.965,3.8625,0.30875000000000075,15.75875,False,False,OK
E12000006,East of England,E07000073,Harlow,2020,10.48,6.1025,9.965,3.8625,0.30875000000000075,15.75875,False,False,OK
E12000006,East of England,E07000074,Maldon,2020,8.74,6.1025,9.965,3.8625,0.30875000000000075,15.75875,False,False,OK
E12000006,East of England,E07000075,Rochford,2020,9.81,6.1025,9.965,3.8625,0.30875000000000075,15.75875,False,False,OK
E12000006,East of England,E07000076,Tendring,2020,8.35,6.1025,9.965,3.8625,0.30875000000000075,15.75875,False,False,OK
E12000006,East of England,E07000077,Uttlesford,2020,11.38,6.1025,9.965,3.8625,0.30875000000000075,15.75875,False,False,OK
E12000006,East of England,E07000095,Broxbourne,2020,9.71,6.1025,9.965,3.8625,0.30875000000000075,15.75875,False,False,OK
E12000006,East of England,E07000096,Dacorum,2020,11.2,6.1025,9.965,3.8625,0.30875000000000075,15.75875,False,False,OK
E12000006,East of England,E07000098,Hertsmere,2020,13.07,6.1025,9.965,3.8625,0.30875000000000075,15.75875,False,False,OK
E12000006,East of England,E07000099,North Hertfordshire,2020,9.23,6.1025,9.965,3.8625,0.30875000000000075,15.75875,False,False,OK
E12000006,East of England,E07000102,Three Rivers,2020,12.46,6.1025,9.965,3.8625,0.30875000000000075,15.75875,False,False,OK
E12000006,East of England,E07000103,Watford,2020,10.87,6.1025,9.965,3.8625,0.30875000000000075,15.75875,False,False,OK
E12000006,East of England,E07000143,Breckland,2020,8.46,6.1025,9.965,3.8625,0.30875000000000075,15.75875,False,False,OK
E12000006,East of England,E07000144,Broadland,2020,8.0,6.1025,9.965,3.8625,0.30875000000000075,15.75875,False,False,OK
E12000006,East of England,E07000145,Great Yarmouth,2020,6.67,6.1025,9.965,3.8625,0.30875000000000075,15.75875,False,False,OK
E12000006,East of England,E07000146,King's Lynn and West Norfolk,2020,7.25,6.1025,9.965,3.8625,0.30875000000000075,15.75875,False,False,OK
E12000006,East of England,E07000147,North Norfolk,2020,9.55,6.1025,9.965,3.8625,0.30875000000000075,15.75875,False,False,OK
E12000006,East of England,E07000148,Norwich,2020,7.11,6.1025,9.965,3.8625,0.30875000000000075,15.75875,False,False,OK
E12000006,East of England,E07000149,South Norfolk,2020,8.58,6.1025,9.965,3.8625,0.30875000000000075,15.75875,False,False,OK
E12000006,East of England,E07000200,Babergh,2020,8.96,6.1025,9.965,3.8625,0.30875000000000075,15.75875,False,False,OK
E12000006,East of England,E07000202,Ipswich,2020,7.29,6.1025,9.965,3.8625,0.30875000000000075,15.75875,False,False,OK
E12000006,East of England,E07000203,Mid Suffolk,2020,8.65,6.1025,9.965,3.8625,0.30875000000000075,15.75875,False,False,OK
E12000006,East of England,E07000240,St Albans,2020,12.42,6.1025,9.965,3.8625,0.30875000000000075,15.75875,False,False,OK
E12000006,East of England,E07000241,Welwyn Hatfield,2020,11.11,6.1025,9.965,3.8625,0.30875000000000075,15.75875,False,False,OK
E12000006,East of England,E07000242,East Hertfordshire,2020,10.31,6.1025,9.965,3.8625,0.30875000000000075,15.75875,False,False,OK
E12000006,East of England,E07000243,Stevenage,2020,8.16,6.1025,9.965,3.8625,0.30875000000000075,15.75875,False,False,OK
E12000006,East of England,E07000244,East Suffolk,2020,8.25,6.1025,9.965,3.8625,0.30875000000000075,15.75875,False,False,OK
E12000006,East of England,E07000245,West Suffolk,2020,8.53,6.1025,9.965,3.8625,0.30875000000000075,15.75875,False,False,OK
E12000007,London,E09000001,City of London,2020,,6.1025,9.965,3.8625,0.30875000000000075,15.75875,False,True,Missing ratio value
E12000007,London,E09000002,Barking and Dagenham,2020,9.74,6.1025,9.965,3.8625,0.30875000000000075,15.75875,False,False,OK
E12000007,London,E09000003,Barnet,2020,15.16,6.1025,9.965,3.8625,0.30875000000000075,15.75875,False,False,OK
E12000007,London,E09000004,Bexley,2020,9.2,6.1025,9.965,3.8625,0.30875000000000075,15.75875,False,False,OK
E12000007,London,E09000005,Brent,2020,14.34,6.1025,9.965,3.8625,0.30875000000000075,15.75875,False,False,OK
E12000007,London,E09000006,Bromley,2020,10.3,6.1025,9.965,3.8625,0.30875000000000075,15.75875,False,False,OK
E12000007,London,E09000007,Camden,2020,19.12,6.1025,9.965,3.8625,0.30875000000000075,15.75875,True,False,Statistical outlier
E12000007,London,E09000008,Croydon,2020,10.29,6.1025,9.965,3.8625,0.30875000000000075,15.75875,False,False,OK
E12000007,London,E09000009,Ealing,2020,13.29,6.1025,9.965,3.8625,0.30875000000000075,15.75875,False,False,OK
E12000007,London,E09000010,Enfield,2020,12.69,6.1025,9.965,3.8625,0.30875000000000075,15.75875,False,False,OK
E12000007,London,E09000011,Greenwich,2020,12.16,6.1025,9.965,3.8625,0.30875000000000075,15.75875,False,False,OK
E12000007,London,E09000012,Hackney,2020,17.29,6.1025,9.965,3.8625,0.30875000000000075,15.75875,True,False,Statistical outlier
E12000007,London,E09000013,Hammersmith and Fulham,2020,18.87,6.1025,9.965,3.8625,0.30875000000000075,15.75875,True,False,Statistical outlier
E12000007,London,E09000014,Haringey,2020,14.3,6.1025,9.965,3.8625,0.30875000000000075,15.75875,False,False,OK
E12000007,London,E09000015,Harrow,2020,12.13,6.1025,9.965,3.8625,0.30875000000000075,15.75875,False,False,OK
E12000007,London,E09000016,Havering,2020,10.46,6.1025,9.965,3.8625,0.30875000000000075,15.75875,False,False,OK
E12000007,London,E09000017,Hillingdon,2020,12.09,6.1025,9.965,3.8625,0.30875000000000075,15.75875,False,False,OK
E12000007,London,E09000018,Hounslow,2020,12.21,6.1025,9.965,3.8625,0.30875000000000075,15.75875,False,False,OK
E12000007,London,E09000019,Islington,2020,13.92,6.1025,9.965,3.8625,0.30875000000000075,15.75875,False,False,OK
E12000007,London,E09000020,Kensington and Chelsea,2020,26.14,6.1025,9.965,3.8625,0.30875000000000075,15.75875,True,False,Statistical outlier
E12000007,London,E09000021,Kingston upon Thames,2020,11.97,6.1025,9.965,3.8625,0.30875000000000075,15.75875,False,False,OK
E12000007,London,E09000022,Lambeth,2020,13.8,6.1025,9.965,3.8625,0.30875000000000075,15.75875,False,False,OK
E12000007,London,E09000023,Lewisham,2020,11.57,6.1025,9.965,3.8625,0.30875000000000075,15.75875,False,False,OK
E12000007,London,E09000024,Merton,2020,11.5,6.1025,9.965,3.8625,0.30875000000000075,15.75875,False,False,OK
E12000007,London,E09000025,Newham,2020,12.51,6.1025,9.965,3.8625,0.30875000000000075,15.75875,False,False,OK
E12000007,London,E09000026,Redbridge,2020,11.76,6.1025,9.965,3.8625,0.30875000000000075,15.75875,False,False,OK
E12000007,London,E09000027,Richmond upon Thames,2020,13.31,6.1025,9.965,3.8625,0.30875000000000075,15.75875,False,False,OK
E12000007,London,E09000028,Southwark,2020,13.77,6.1025,9.965,3.8625,0.30875000000000075,15.75875,False,False,OK
E12000007,London,E09000029,Sutton,2020,11.07,6.1025,9.965,3.8625,0.30875000000000075,15.75875,False,False,OK
E12000007,London,E09000030,Tower Hamlets,2020,12.38,6.1025,9.965,3.8625,0.30875000000000075,15.75875,False,False,OK
E12000007,London,E09000031,Waltham Forest,2020,12.47,6.1025,9.965,3.8625,0.30875000000000075,15.75875,False,False,OK
E12000007,London,E09000032,Wandsworth,2020,14.43,6.1025,9.965,3.8625,0.30875000000000075,15.75875,False,False,OK
E12000007,London,E09000033,Westminster,2020,22.45,6.1025,9.965,3.8625,0.30875000000000075,15.75875,True,False,Statistical outlier
E12000008,South East,E06000035,Medway,2020,7.67,6.1025,9.965,3.8625,0.30875000000000075,15.75875,False,False,OK
E12000008,South East,E06000036,Bracknell Forest,2020,9.81,6.1025,9.965,3.8625,0.30875000000000075,15.75875,False,False,OK
E12000008,South East,E06000037,West Berkshire,2020,9.68,6.1025,9.965,3.8625,0.30875000000000075,15.75875,False,False,OK
E12000008,South East,E06000038,Reading,2020,9.16,6.1025,9.965,3.8625,0.30875000000000075,15.75875,False,False,OK
E12000008,South East,E06000039,Slough,2020,9.93,6.1025,9.965,3.8625,0.30875000000000075,15.75875,False,False,OK
E12000008,South East,E06000040,Windsor and Maidenhead,2020,11.93,6.1025,9.965,3.8625,0.30875000000000075,15.75875,False,False,OK
E12000008,South East,E06000041,Wokingham,2020,10.98,6.1025,9.965,3.8625,0.30875000000000075,15.75875,False,False,OK
E12000008,South East,E06000042,Milton Keynes,2020,9.05,6.1025,9.965,3.8625,0.30875000000000075,15.75875,False,False,OK
E12000008,South East,E06000043,Brighton and Hove,2020,10.64,6.1025,9.965,3.8625,0.30875000000000075,15.75875,False,False,OK
E12000008,South East,E06000044,Portsmouth,2020,8.02,6.1025,9.965,3.8625,0.30875000000000075,15.75875,False,False,OK
E12000008,South East,E06000045,Southampton,2020,7.35,6.1025,9.965,3.8625,0.30875000000000075,15.75875,False,False,OK
E12000008,South East,E06000046,Isle of Wight,2020,7.72,6.1025,9.965,3.8625,0.30875000000000075,15.75875,False,False,OK
E12000008,South East,E06000060,Buckinghamshire,2020,11.0,6.1025,9.965,3.8625,0.30875000000000075,15.75875,False,False,OK
E12000008,South East,E07000061,Eastbourne,2020,7.89,6.1025,9.965,3.8625,0.30875000000000075,15.75875,False,False,OK
E12000008,South East,E07000062,Hastings,2020,8.9,6.1025,9.965,3.8625,0.30875000000000075,15.75875,False,False,OK
E12000008,South East,E07000063,Lewes,2020,10.22,6.1025,9.965,3.8625,0.30875000000000075,15.75875,False,False,OK
E12000008,South East,E07000064,Rother,2020,10.63,6.1025,9.965,3.8625,0.30875000000000075,15.75875,False,False,OK
E12000008,South East,E07000065,Wealden,2020,9.52,6.1025,9.965,3.8625,0.30875000000000075,15.75875,False,False,OK
E12000008,South East,E07000084,Basingstoke and Deane,2020,8.75,6.1025,9.965,3.8625,0.30875000000000075,15.75875,False,False,OK
E12000008,South East,E07000085,East Hampshire,2020,10.33,6.1025,9.965,3.8625,0.30875000000000075,15.75875,False,False,OK
E12000008,South East,E07000086,Eastleigh,2020,8.66,6.1025,9.965,3.8625,0.30875000000000075,15.75875,False,False,OK
E12000008,South East,E07000087,Fareham,2020,9.04,6.1025,9.965,3.8625,0.30875000000000075,15.75875,False,False,OK
E12000008,South East,E07000088,Gosport,2020,7.14,6.1025,9.965,3.8625,0.30875000000000075,15.75875,False,False,OK
E12000008,South East,E07000089,Hart,2020,10.05,6.1025,9.965,3.8625,0.30875000000000075,15.75875,False,False,OK
E12000008,South East,E07000090,Havant,2020,9.55,6.1025,9.965,3.8625,0.30875000000000075,15.75875,False,False,OK
E12000008,South East,E07000091,New Forest,2020,10.07,6.1025,9.965,3.8625,0.30875000000000075,15.75875,False,False,OK
E12000008,South East,E07000092,Rushmoor,2020,8.51,6.1025,9.965,3.8625,0.30875000000000075,15.75875,False,False,OK
E12000008,South East,E07000093,Test Valley,2020,8.98,6.1025,9.965,3.8625,0.30875000000000075,15.75875,False,False,OK
E12000008,South East,E07000094,Winchester,2020,11.8,6.1025,9.965,3.8625,0.30875000000000075,15.75875,False,False,OK
E12000008,South East,E07000105,Ashford,2020,9.93,6.1025,9.965,3.8625,0.30875000000000075,15.75875,False,False,OK
E12000008,South East,E07000106,Canterbury,2020,10.37,6.1025,9.965,3.8625,0.30875000000000075,15.75875,False,False,OK
E12000008,South East,E07000107,Dartford,2020,8.43,6.1025,9.965,3.8625,0.30875000000000075,15.75875,False,False,OK
E12000008,South East,E07000108,Dover,2020,7.25,6.1025,9.965,3.8625,0.30875000000000075,15.75875,False,False,OK
E12000008,South East,E07000109,Gravesham,2020,10.08,6.1025,9.965,3.8625,0.30875000000000075,15.75875,False,False,OK
E12000008,South East,E07000110,Maidstone,2020,9.83,6.1025,9.965,3.8625,0.30875000000000075,15.75875,False,False,OK
E12000008,South East,E07000111,Sevenoaks,2020,11.15,6.1025,9.965,3.8625,0.30875000000000075,15.75875,False,False,OK
E12000008,South East,E07000112,Folkestone and Hythe,2020,8.61,6.1025,9.965,3.8625,0.30875000000000075,15.75875,False,False,OK
E12000008,South East,E07000113,Swale,2020,7.82,6.1025,9.965,3.8625,0.30875000000000075,15.75875,False,False,OK
E12000008,South East,E07000114,Thanet,2020,9.16,6.1025,9.965,3.8625,0.30875000000000075,15.75875,False,False,OK
E12000008,South East,E07000115,Tonbridge and Malling,2020,9.72,6.1025,9.965,3.8625,0.30875000000000075,15.75875,False,False,OK
E12000008,South East,E07000116,Tunbridge Wells,2020,9.05,6.1025,9.965,3.8625,0.30875000000000075,15.75875,False,False,OK
E12000008,South East,E07000177,Cherwell,2020,9.18,6.1025,9.965,3.8625,0.30875000000000075,15.75875,False,False,OK
E12000008,South East,E07000178,Oxford,2020,11.75,6.1025,9.965,3.8625,0.30875000000000075,15.75875,False,False,OK
E12000008,South East,E07000179,South Oxfordshire,2020,10.23,6.1025,9.965,3.8625,0.30875000000000075,15.75875,False,False,OK
E12000008,South East,E07000180,Vale of White Horse,2020,9.27,6.1025,9.965,3.8625,0.30875000000000075,15.75875,False,False,OK
E12000008,South East,E07000181,West Oxfordshire,2020,10.44,6.1025,9.965,3.8625,0.30875000000000075,15.75875,False,False,OK
E12000008,South East,E07000207,Elmbridge,2020,14.37,6.1025,9.965,3.8625,0.30875000000000075,15.75875,False,False,OK
E12000008,South East,E07000208,Epsom and Ewell,2020,12.99,6.1025,9.965,3.8625,0.30875000000000075,15.75875,False,False,OK
E12000008,South East,E07000209,Guildford,2020,11.13,6.1025,9.965,3.8625,0.30875000000000075,15.75875,False,False,OK
E12000008,South East,E07000210,Mole Valley,2020,16.79,6.1025,9.965,3.8625,0.30875000000000075,15.75875,True,False,Statistical outlier
E12000008,South East,E07000211,Reigate and Banstead,2020,10.63,6.1025,9.965,3.8625,0.30875000000000075,15.75875,False,False,OK
E12000008,South East,E07000212,Runnymede,2020,12.17,6.1025,9.965,3.8625,0.30875000000000075,15.75875,False,False,OK
E12000008,South East,E07000213,Spelthorne,2020,11.5,6.1025,9.965,3.8625,0.30875000000000075,15.75875,False,False,OK
E12000008,South East,E07000214,Surrey Heath,2020,11.0,6.1025,9.965,3.8625,0.30875000000000075,15.75875,False,False,OK
E12000008,South East,E07000215,Tandridge,2020,11.7,6.1025,9.965,3.8625,0.30875000000000075,15.75875,False,False,OK
E12000008,South East,E07000216,Waverley,2020,11.66,6.1025,9.965,3.8625,0.30875000000000075,15.75875,False,False,OK
E12000008,South East,E07000217,Woking,2020,9.94,6.1025,9.965,3.8625,0.30875000000000075,15.75875,False,False,OK
E12000008,South East,E07000223,Adur,2020,10.41,6.1025,9.965,3.8625,0.30875000000000075,15.75875,False,False,OK
E12000008,South East,E07000224,Arun,2020,10.04,6.1025,9.965,3.8625,0.30875000000000075,15.75875,False,False,OK
E12000008,South East,E07000225,Chichester,2020,12.69,6.1025,9.965,3.8625,0.30875000000000075,15.75875,False,False,OK
E12000008,South East,E07000226,Crawley,2020,9.37,6.1025,9.965,3.8625,0.30875000000000075,15.75875,False,False,OK
E12000008,South East,E07000227,Horsham,2020,11.67,6.1025,9.965,3.8625,0.30875000000000075,15.75875,False,False,OK
E12000008,South East,E07000228,Mid Sussex,2020,10.21,6.1025,9.965,3.8625,0.30875000000000075,15.75875,False,False,OK
E12000008,South East,E07000229,Worthing,2020,9.87,6.1025,9.965,3.8625,0.30875000000000075,15.75875,False,False,OK
E12000009,South West,E06000022,Bath and North East Somerset,2020,10.61,6.1025,9.965,3.8625,0.30875000000000075,15.75875,False,False,OK
E12000009,South West,E06000023,"Bristol, City of",2020,8.66,6.1025,9.965,3.8625,0.30875000000000075,15.75875,False,False,OK
E12000009,South West,E06000024,North Somerset,2020,7.79,6.1025,9.965,3.8625,0.30875000000000075,15.75875,False,False,OK
E12000009,South West,E06000025,South Gloucestershire,2020,9.07,6.1025,9.965,3.8625,0.30875000000000075,15.75875,False,False,OK
E12000009,South West,E06000026,Plymouth,2020,6.48,6.1025,9.965,3.8625,0.30875000000000075,15.75875,False,False,OK
E12000009,South West,E06000027,Torbay,2020,7.51,6.1025,9.965,3.8625,0.30875000000000075,15.75875,False,False,OK
E12000009,South West,E06000030,Swindon,2020,7.21,6.1025,9.965,3.8625,0.30875000000000075,15.75875,False,False,OK
E12000009,South West,E06000052,Cornwall,2020,8.74,6.1025,9.965,3.8625,0.30875000000000075,15.75875,False,False,OK
E12000009,South West,E06000053,Isles of Scilly,2020,,6.1025,9.965,3.8625,0.30875000000000075,15.75875,False,True,Missing ratio value
E12000009,South West,E06000054,Wiltshire,2020,8.82,6.1025,9.965,3.8625,0.30875000000000075,15.75875,False,False,OK
E12000009,South West,E06000058,"Bournemouth, Christchurch and Poole",2020,9.75,6.1025,9.965,3.8625,0.30875000000000075,15.75875,False,False,OK
E12000009,South West,E06000059,Dorset,2020,9.61,6.1025,9.965,3.8625,0.30875000000000075,15.75875,False,False,OK
E12000009,South West,E06000066,Somerset,2020,8.07,6.1025,9.965,3.8625,0.30875000000000075,15.75875,False,False,OK
E12000009,South West,E07000040,East Devon,2020,9.64,6.1025,9.965,3.8625,0.30875000000000075,15.75875,False,False,OK
E12000009,South West,E07000041,Exeter,2020,8.42,6.1025,9.965,3.8625,0.30875000000000075,15.75875,False,False,OK
E12000009,South West,E07000042,Mid Devon,2020,9.33,6.1025,9.965,3.8625,0.30875000000000075,15.75875,False,False,OK
E12000009,South West,E07000043,North Devon,2020,10.48,6.1025,9.965,3.8625,0.30875000000000075,15.75875,False,False,OK
E12000009,South West,E07000044,South Hams,2020,10.64,6.1025,9.965,3.8625,0.30875000000000075,15.75875,False,False,OK
E12000009,South West,E07000045,Teignbridge,2020,10.11,6.1025,9.965,3.8625,0.30875000000000075,15.75875,False,False,OK
E12000009,South West,E07000046,Torridge,2020,8.35,6.1025,9.965,3.8625,0.30875000000000075,15.75875,False,False,OK
E12000009,South West,E07000047,West Devon,2020,9.81,6.1025,9.965,3.8625,0.30875000000000075,15.75875,False,False,OK
E12000009,South West,E07000078,Cheltenham,2020,8.01,6.1025,9.965,3.8625,0.30875000000000075,15.75875,False,False,OK
E12000009,South West,E07000079,Cotswold,2020,11.25,6.1025,9.965,3.8625,0.30875000000000075,15.75875,False,False,OK
E12000009,South West,E07000080,Forest of Dean,2020,7.25,6.1025,9.965,3.8625,0.30875000000000075,15.75875,False,False,OK
E12000009,South West,E07000081,Gloucester,2020,7.64,6.1025,9.965,3.8625,0.30875000000000075,15.75875,False,False,OK
E12000009,South West,E07000082,Stroud,2020,8.7,6.1025,9.965,3.8625,0.30875000000000075,15.75875,False,False,OK
E12000009,South West,E07000083,Tewkesbury,2020,8.14,6.1025,9.965,3.8625,0.30875000000000075,15.75875,False,False,OK
W92000004,Wales,W06000001,Isle of Anglesey,2020,6.77,6.1025,9.965,3.8625,0.30875000000000075,15.75875,False,False,OK
W92000004,Wales,W06000002,Gwynedd,2020,5.87,6.1025,9.965,3.8625,0.30875000000000075,15.75875,False,False,OK
W92000004,Wales,W06000003,Conwy,2020,5.55,6.1025,9.965,3.8625,0.30875000000000075,15.75875,False,False,OK
W92000004,Wales,W06000004,Denbighshire,2020,6.07,6.1025,9.965,3.8625,0.30875000000000075,15.75875,False,False,OK
W92000004,Wales,W06000005,Flintshire,2020,5.99,6.1025,9.965,3.8625,0.30875000000000075,15.75875,False,False,OK
W92000004,Wales,W06000006,Wrexham,2020,5.34,6.1025,9.965,3.8625,0.30875000000000075,15.75875,False,False,OK
W92000004,Wales,W06000008,Ceredigion,2020,6.98,6.1025,9.965,3.8625,0.30875000000000075,15.75875,False,False,OK
W92000004,Wales,W06000009,Pembrokeshire,2020,6.44,6.1025,9.965,3.8625,0.30875000000000075,15.75875,False,False,OK
W92000004,Wales,W06000010,Carmarthenshire,2020,4.94,6.1025,9.965,3.8625,0.30875000000000075,15.75875,False,False,OK
W92000004,Wales,W06000011,Swansea,2020,5.55,6.1025,9.965,3.8625,0.30875000000000075,15.75875,False,False,OK
W92000004,Wales,W06000012,Neath Port Talbot,2020,4.54,6.1025,9.965,3.8625,0.30875000000000075,15.75875,False,False,OK
W92000004,Wales,W06000013,Bridgend,2020,5.65,6.1025,9.965,3.8625,0.30875000000000075,15.75875,False,False,OK
W92000004,Wales,W06000014,Vale of Glamorgan,2020,7.56,6.1025,9.965,3.8625,0.30875000000000075,15.75875,False,False,OK
W92000004,Wales,W06000015,Cardiff,2020,7.47,6.1025,9.965,3.8625,0.30875000000000075,15.75875,False,False,OK
W92000004,Wales,W06000016,Rhondda Cynon Taf,2020,4.18,6.1025,9.965,3.8625,0.30875000000000075,15.75875,False,False,OK
W92000004,Wales,W06000018,Caerphilly,2020,4.95,6.1025,9.965,3.8625,0.30875000000000075,15.75875,False,False,OK
W92000004,Wales,W06000019,Blaenau Gwent,2020,3.59,6.1025,9.965,3.8625,0.30875000000000075,15.75875,False,False,OK
W92000004,Wales,W06000020,Torfaen,2020,5.56,6.1025,9.965,3.8625,0.30875000000000075,15.75875,False,False,OK
W92000004,Wales,W06000021,Monmouthshire,2020,7.56,6.1025,9.965,3.8625,0.30875000000000075,15.75875,False,False,OK
W92000004,Wales,W06000022,Newport,2020,6.03,6.1025,9.965,3.8625,0.30875000000000075,15.75875,False,False,OK
W92000004,Wales,W06000023,Powys,2020,6.35,6.1025,9.965,3.8625,0.30875000000000075,15.75875,False,False,OK
W92000004,Wales,W06000024,Merthyr Tydfil,2020,4.51,6.1025,9.965,3.8625,0.30875000000000075,15.75875,False,False,OK
E12000001,North East,E06000001,Hartlepool,2021,5.05,6.975,11.06,4.085000000000001,0.8474999999999984,17.1875,False,False,OK
E12000001,North East,E06000002,Middlesbrough,2021,5.33,6.975,11.06,4.085000000000001,0.8474999999999984,17.1875,False,False,OK
E12000001,North East,E06000003,Redcar and Cleveland,2021,5.84,6.975,11.06,4.085000000000001,0.8474999999999984,17.1875,False,False,OK
E12000001,North East,E06000004,Stockton-on-Tees,2021,5.67,6.975,11.06,4.085000000000001,0.8474999999999984,17.1875,False,False,OK
E12000001,North East,E06000005,Darlington,2021,5.32,6.975,11.06,4.085000000000001,0.8474999999999984,17.1875,False,False,OK
E12000001,North East,E06000047,County Durham,2021,4.8,6.975,11.06,4.085000000000001,0.8474999999999984,17.1875,False,False,OK
E12000001,North East,E06000057,Northumberland,2021,6.71,6.975,11.06,4.085000000000001,0.8474999999999984,17.1875,False,False,OK
E12000001,North East,E08000021,Newcastle upon Tyne,2021,6.14,6.975,11.06,4.085000000000001,0.8474999999999984,17.1875,False,False,OK
E12000001,North East,E08000022,North Tyneside,2021,6.37,6.975,11.06,4.085000000000001,0.8474999999999984,17.1875,False,False,OK
E12000001,North East,E08000023,South Tyneside,2021,5.47,6.975,11.06,4.085000000000001,0.8474999999999984,17.1875,False,False,OK
E12000001,North East,E08000024,Sunderland,2021,5.83,6.975,11.06,4.085000000000001,0.8474999999999984,17.1875,False,False,OK
E12000001,North East,E08000037,Gateshead,2021,5.67,6.975,11.06,4.085000000000001,0.8474999999999984,17.1875,False,False,OK
E12000002,North West,E06000006,Halton,2021,5.73,6.975,11.06,4.085000000000001,0.8474999999999984,17.1875,False,False,OK
E12000002,North West,E06000007,Warrington,2021,7.48,6.975,11.06,4.085000000000001,0.8474999999999984,17.1875,False,False,OK
E12000002,North West,E06000008,Blackburn with Darwen,2021,5.6,6.975,11.06,4.085000000000001,0.8474999999999984,17.1875,False,False,OK
E12000002,North West,E06000009,Blackpool,2021,5.51,6.975,11.06,4.085000000000001,0.8474999999999984,17.1875,False,False,OK
E12000002,North West,E06000049,Cheshire East,2021,8.65,6.975,11.06,4.085000000000001,0.8474999999999984,17.1875,False,False,OK
E12000002,North West,E06000050,Cheshire West and Chester,2021,7.39,6.975,11.06,4.085000000000001,0.8474999999999984,17.1875,False,False,OK
E12000002,North West,E06000063,Cumberland,2021,5.03,6.975,11.06,4.085000000000001,0.8474999999999984,17.1875,False,False,OK
E12000002,North West,E06000064,Westmorland and Furness,2021,7.18,6.975,11.06,4.085000000000001,0.8474999999999984,17.1875,False,False,OK
E12000002,North West,E07000117,Burnley,2021,4.39,6.975,11.06,4.085000000000001,0.8474999999999984,17.1875,False,False,OK
E12000002,North West,E07000118,Chorley,2021,5.8,6.975,11.06,4.085000000000001,0.8474999999999984,17.1875,False,False,OK
E12000002,North West,E07000119,Fylde,2021,7.37,6.975,11.06,4.085000000000001,0.8474999999999984,17.1875,False,False,OK
E12000002,North West,E07000120,Hyndburn,2021,4.46,6.975,11.06,4.085000000000001,0.8474999999999984,17.1875,False,False,OK
E12000002,North West,E07000121,Lancaster,2021,5.81,6.975,11.06,4.085000000000001,0.8474999999999984,17.1875,False,False,OK
E12000002,North West,E07000122,Pendle,2021,5.78,6.975,11.06,4.085000000000001,0.8474999999999984,17.1875,False,False,OK
E12000002,North West,E07000123,Preston,2021,6.38,6.975,11.06,4.085000000000001,0.8474999999999984,17.1875,False,False,OK
E12000002,North West,E07000124,Ribble Valley,2021,7.67,6.975,11.06,4.085000000000001,0.8474999999999984,17.1875,False,False,OK
E12000002,North West,E07000125,Rossendale,2021,5.86,6.975,11.06,4.085000000000001,0.8474999999999984,17.1875,False,False,OK
E12000002,North West,E07000126,South Ribble,2021,6.72,6.975,11.06,4.085000000000001,0.8474999999999984,17.1875,False,False,OK
E12000002,North West,E07000127,West Lancashire,2021,7.74,6.975,11.06,4.085000000000001,0.8474999999999984,17.1875,False,False,OK
E12000002,North West,E07000128,Wyre,2021,6.37,6.975,11.06,4.085000000000001,0.8474999999999984,17.1875,False,False,OK
E12000002,North West,E08000001,Bolton,2021,6.08,6.975,11.06,4.085000000000001,0.8474999999999984,17.1875,False,False,OK
E12000002,North West,E08000002,Bury,2021,6.88,6.975,11.06,4.085000000000001,0.8474999999999984,17.1875,False,False,OK
E12000002,North West,E08000003,Manchester,2021,8.18,6.975,11.06,4.085000000000001,0.8474999999999984,17.1875,False,False,OK
E12000002,North West,E08000004,Oldham,2021,6.27,6.975,11.06,4.085000000000001,0.8474999999999984,17.1875,False,False,OK
E12000002,North West,E08000005,Rochdale,2021,6.63,6.975,11.06,4.085000000000001,0.8474999999999984,17.1875,False,False,OK
E12000002,North West,E08000006,Salford,2021,7.4,6.975,11.06,4.085000000000001,0.8474999999999984,17.1875,False,False,OK
E12000002,North West,E08000007,Stockport,2021,9.03,6.975,11.06,4.085000000000001,0.8474999999999984,17.1875,False,False,OK
E12000002,North West,E08000008,Tameside,2021,6.34,6.975,11.06,4.085000000000001,0.8474999999999984,17.1875,False,False,OK
E12000002,North West,E08000009,Trafford,2021,8.84,6.975,11.06,4.085000000000001,0.8474999999999984,17.1875,False,False,OK
E12000002,North West,E08000010,Wigan,2021,5.34,6.975,11.06,4.085000000000001,0.8474999999999984,17.1875,False,False,OK
E12000002,North West,E08000011,Knowsley,2021,5.72,6.975,11.06,4.085000000000001,0.8474999999999984,17.1875,False,False,OK
E12000002,North West,E08000012,Liverpool,2021,5.24,6.975,11.06,4.085000000000001,0.8474999999999984,17.1875,False,False,OK
E12000002,North West,E08000013,St. Helens,2021,5.45,6.975,11.06,4.085000000000001,0.8474999999999984,17.1875,False,False,OK
E12000002,North West,E08000014,Sefton,2021,6.6,6.975,11.06,4.085000000000001,0.8474999999999984,17.1875,False,False,OK
E12000002,North West,E08000015,Wirral,2021,6.63,6.975,11.06,4.085000000000001,0.8474999999999984,17.1875,False,False,OK
E12000003,Yorkshire and The Humber,E06000010,"Kingston upon Hull, City of",2021,4.88,6.975,11.06,4.085000000000001,0.8474999999999984,17.1875,False,False,OK
E12000003,Yorkshire and The Humber,E06000011,East Riding of Yorkshire,2021,7.09,6.975,11.06,4.085000000000001,0.8474999999999984,17.1875,False,False,OK
E12000003,Yorkshire and The Humber,E06000012,North East Lincolnshire,2021,5.36,6.975,11.06,4.085000000000001,0.8474999999999984,17.1875,False,False,OK
E12000003,Yorkshire and The Humber,E06000013,North Lincolnshire,2021,5.59,6.975,11.06,4.085000000000001,0.8474999999999984,17.1875,False,False,OK
E12000003,Yorkshire and The Humber,E06000014,York,2021,8.87,6.975,11.06,4.085000000000001,0.8474999999999984,17.1875,False,False,OK
E12000003,Yorkshire and The Humber,E06000065,North Yorkshire,2021,8.51,6.975,11.06,4.085000000000001,0.8474999999999984,17.1875,False,False,OK
E12000003,Yorkshire and The Humber,E08000017,Doncaster,2021,5.39,6.975,11.06,4.085000000000001,0.8474999999999984,17.1875,False,False,OK
E12000003,Yorkshire and The Humber,E08000018,Rotherham,2021,6.28,6.975,11.06,4.085000000000001,0.8474999999999984,17.1875,False,False,OK
E12000003,Yorkshire and The Humber,E08000032,Bradford,2021,5.54,6.975,11.06,4.085000000000001,0.8474999999999984,17.1875,False,False,OK
E12000003,Yorkshire and The Humber,E08000033,Calderdale,2021,6.0,6.975,11.06,4.085000000000001,0.8474999999999984,17.1875,False,False,OK
E12000003,Yorkshire and The Humber,E08000034,Kirklees,2021,6.5,6.975,11.06,4.085000000000001,0.8474999999999984,17.1875,False,False,OK
E12000003,Yorkshire and The Humber,E08000035,Leeds,2021,7.14,6.975,11.06,4.085000000000001,0.8474999999999984,17.1875,False,False,OK
E12000003,Yorkshire and The Humber,E08000036,Wakefield,2021,6.43,6.975,11.06,4.085000000000001,0.8474999999999984,17.1875,False,False,OK
E12000003,Yorkshire and The Humber,E08000038,Barnsley,2021,5.41,6.975,11.06,4.085000000000001,0.8474999999999984,17.1875,False,False,OK
E12000003,Yorkshire and The Humber,E08000039,Sheffield,2021,5.96,6.975,11.06,4.085000000000001,0.8474999999999984,17.1875,False,False,OK
E12000004,East Midlands,E06000015,Derby,2021,6.12,6.975,11.06,4.085000000000001,0.8474999999999984,17.1875,False,False,OK
E12000004,East Midlands,E06000016,Leicester,2021,8.33,6.975,11.06,4.085000000000001,0.8474999999999984,17.1875,False,False,OK
E12000004,East Midlands,E06000017,Rutland,2021,9.35,6.975,11.06,4.085000000000001,0.8474999999999984,17.1875,False,False,OK
E12000004,East Midlands,E06000018,Nottingham,2021,6.71,6.975,11.06,4.085000000000001,0.8474999999999984,17.1875,False,False,OK
E12000004,East Midlands,E06000061,North Northamptonshire,2021,8.11,6.975,11.06,4.085000000000001,0.8474999999999984,17.1875,False,False,OK
E12000004,East Midlands,E06000062,West Northamptonshire,2021,9.08,6.975,11.06,4.085000000000001,0.8474999999999984,17.1875,False,False,OK
E12000004,East Midlands,E07000032,Amber Valley,2021,6.7,6.975,11.06,4.085000000000001,0.8474999999999984,17.1875,False,False,OK
E12000004,East Midlands,E07000033,Bolsover,2021,6.17,6.975,11.06,4.085000000000001,0.8474999999999984,17.1875,False,False,OK
E12000004,East Midlands,E07000034,Chesterfield,2021,6.93,6.975,11.06,4.085000000000001,0.8474999999999984,17.1875,False,False,OK
E12000004,East Midlands,E07000035,Derbyshire Dales,2021,10.43,6.975,11.06,4.085000000000001,0.8474999999999984,17.1875,False,False,OK
E12000004,East Midlands,E07000036,Erewash,2021,6.17,6.975,11.06,4.085000000000001,0.8474999999999984,17.1875,False,False,OK
E12000004,East Midlands,E07000037,High Peak,2021,7.85,6.975,11.06,4.085000000000001,0.8474999999999984,17.1875,False,False,OK
E12000004,East Midlands,E07000038,North East Derbyshire,2021,7.61,6.975,11.06,4.085000000000001,0.8474999999999984,17.1875,False,False,OK
E12000004,East Midlands,E07000039,South Derbyshire,2021,7.18,6.975,11.06,4.085000000000001,0.8474999999999984,17.1875,False,False,OK
E12000004,East Midlands,E07000129,Blaby,2021,8.64,6.975,11.06,4.085000000000001,0.8474999999999984,17.1875,False,False,OK
E12000004,East Midlands,E07000130,Charnwood,2021,8.7,6.975,11.06,4.085000000000001,0.8474999999999984,17.1875,False,False,OK
E12000004,East Midlands,E07000131,Harborough,2021,8.95,6.975,11.06,4.085000000000001,0.8474999999999984,17.1875,False,False,OK
E12000004,East Midlands,E07000132,Hinckley and Bosworth,2021,7.64,6.975,11.06,4.085000000000001,0.8474999999999984,17.1875,False,False,OK
E12000004,East Midlands,E07000133,Melton,2021,11.19,6.975,11.06,4.085000000000001,0.8474999999999984,17.1875,False,False,OK
E12000004,East Midlands,E07000134,North West Leicestershire,2021,7.97,6.975,11.06,4.085000000000001,0.8474999999999984,17.1875,False,False,OK
E12000004,East Midlands,E07000135,Oadby and Wigston,2021,9.84,6.975,11.06,4.085000000000001,0.8474999999999984,17.1875,False,False,OK
E12000004,East Midlands,E07000136,Boston,2021,7.52,6.975,11.06,4.085000000000001,0.8474999999999984,17.1875,False,False,OK
E12000004,East Midlands,E07000137,East Lindsey,2021,7.69,6.975,11.06,4.085000000000001,0.8474999999999984,17.1875,False,False,OK
E12000004,East Midlands,E07000138,Lincoln,2021,6.76,6.975,11.06,4.085000000000001,0.8474999999999984,17.1875,False,False,OK
E12000004,East Midlands,E07000139,North Kesteven,2021,7.35,6.975,11.06,4.085000000000001,0.8474999999999984,17.1875,False,False,OK
E12000004,East Midlands,E07000140,South Holland,2021,7.12,6.975,11.06,4.085000000000001,0.8474999999999984,17.1875,False,False,OK
E12000004,East Midlands,E07000141,South Kesteven,2021,8.42,6.975,11.06,4.085000000000001,0.8474999999999984,17.1875,False,False,OK
E12000004,East Midlands,E07000142,West Lindsey,2021,7.16,6.975,11.06,4.085000000000001,0.8474999999999984,17.1875,False,False,OK
E12000004,East Midlands,E07000170,Ashfield,2021,6.29,6.975,11.06,4.085000000000001,0.8474999999999984,17.1875,False,False,OK
E12000004,East Midlands,E07000171,Bassetlaw,2021,7.42,6.975,11.06,4.085000000000001,0.8474999999999984,17.1875,False,False,OK
E12000004,East Midlands,E07000172,Broxtowe,2021,6.8,6.975,11.06,4.085000000000001,0.8474999999999984,17.1875,False,False,OK
E12000004,East Midlands,E07000173,Gedling,2021,7.26,6.975,11.06,4.085000000000001,0.8474999999999984,17.1875,False,False,OK
E12000004,East Midlands,E07000174,Mansfield,2021,6.43,6.975,11.06,4.085000000000001,0.8474999999999984,17.1875,False,False,OK
E12000004,East Midlands,E07000175,Newark and Sherwood,2021,7.3,6.975,11.06,4.085000000000001,0.8474999999999984,17.1875,False,False,OK
E12000004,East Midlands,E07000176,Rushcliffe,2021,8.85,6.975,11.06,4.085000000000001,0.8474999999999984,17.1875,False,False,OK
E12000005,West Midlands,E06000019,"Herefordshire, County of",2021,9.44,6.975,11.06,4.085000000000001,0.8474999999999984,17.1875,False,False,OK
E12000005,West Midlands,E06000020,Telford and Wrekin,2021,7.46,6.975,11.06,4.085000000000001,0.8474999999999984,17.1875,False,False,OK
E12000005,West Midlands,E06000021,Stoke-on-Trent,2021,5.1,6.975,11.06,4.085000000000001,0.8474999999999984,17.1875,False,False,OK
E12000005,West Midlands,E06000051,Shropshire,2021,8.74,6.975,11.06,4.085000000000001,0.8474999999999984,17.1875,False,False,OK
E12000005,West Midlands,E07000192,Cannock Chase,2021,6.81,6.975,11.06,4.085000000000001,0.8474999999999984,17.1875,False,False,OK
E12000005,West Midlands,E07000193,East Staffordshire,2021,7.95,6.975,11.06,4.085000000000001,0.8474999999999984,17.1875,False,False,OK
E12000005,West Midlands,E07000194,Lichfield,2021,7.99,6.975,11.06,4.085000000000001,0.8474999999999984,17.1875,False,False,OK
E12000005,West Midlands,E07000195,Newcastle-under-Lyme,2021,5.54,6.975,11.06,4.085000000000001,0.8474999999999984,17.1875,False,False,OK
E12000005,West Midlands,E07000196,South Staffordshire,2021,8.07,6.975,11.06,4.085000000000001,0.8474999999999984,17.1875,False,False,OK
E12000005,West Midlands,E07000197,Stafford,2021,7.5,6.975,11.06,4.085000000000001,0.8474999999999984,17.1875,False,False,OK
E12000005,West Midlands,E07000198,Staffordshire Moorlands,2021,6.39,6.975,11.06,4.085000000000001,0.8474999999999984,17.1875,False,False,OK
E12000005,West Midlands,E07000199,Tamworth,2021,8.17,6.975,11.06,4.085000000000001,0.8474999999999984,17.1875,False,False,OK
E12000005,West Midlands,E07000218,North Warwickshire,2021,8.19,6.975,11.06,4.085000000000001,0.8474999999999984,17.1875,False,False,OK
E12000005,West Midlands,E07000219,Nuneaton and Bedworth,2021,7.28,6.975,11.06,4.085000000000001,0.8474999999999984,17.1875,False,False,OK
E12000005,West Midlands,E07000220,Rugby,2021,8.21,6.975,11.06,4.085000000000001,0.8474999999999984,17.1875,False,False,OK
E12000005,West Midlands,E07000221,Stratford-on-Avon,2021,10.11,6.975,11.06,4.085000000000001,0.8474999999999984,17.1875,False,False,OK
E12000005,West Midlands,E07000222,Warwick,2021,9.26,6.975,11.06,4.085000000000001,0.8474999999999984,17.1875,False,False,OK
E12000005,West Midlands,E07000234,Bromsgrove,2021,9.25,6.975,11.06,4.085000000000001,0.8474999999999984,17.1875,False,False,OK
E12000005,West Midlands,E07000235,Malvern Hills,2021,10.09,6.975,11.06,4.085000000000001,0.8474999999999984,17.1875,False,False,OK
E12000005,West Midlands,E07000236,Redditch,2021,9.33,6.975,11.06,4.085000000000001,0.8474999999999984,17.1875,False,False,OK
E12000005,West Midlands,E07000237,Worcester,2021,7.75,6.975,11.06,4.085000000000001,0.8474999999999984,17.1875,False,False,OK
E12000005,West Midlands,E07000238,Wychavon,2021,10.81,6.975,11.06,4.085000000000001,0.8474999999999984,17.1875,False,False,OK
E12000005,West Midlands,E07000239,Wyre Forest,2021,7.74,6.975,11.06,4.085000000000001,0.8474999999999984,17.1875,False,False,OK
E12000005,West Midlands,E08000025,Birmingham,2021,7.31,6.975,11.06,4.085000000000001,0.8474999999999984,17.1875,False,False,OK
E12000005,West Midlands,E08000026,Coventry,2021,6.62,6.975,11.06,4.085000000000001,0.8474999999999984,17.1875,False,False,OK
E12000005,West Midlands,E08000027,Dudley,2021,6.83,6.975,11.06,4.085000000000001,0.8474999999999984,17.1875,False,False,OK
E12000005,West Midlands,E08000028,Sandwell,2021,6.58,6.975,11.06,4.085000000000001,0.8474999999999984,17.1875,False,False,OK
E12000005,West Midlands,E08000029,Solihull,2021,9.15,6.975,11.06,4.085000000000001,0.8474999999999984,17.1875,False,False,OK
E12000005,West Midlands,E08000030,Walsall,2021,6.68,6.975,11.06,4.085000000000001,0.8474999999999984,17.1875,False,False,OK
E12000005,West Midlands,E08000031,Wolverhampton,2021,6.43,6.975,11.06,4.085000000000001,0.8474999999999984,17.1875,False,False,OK
E12000006,East of England,E06000031,Peterborough,2021,7.75,6.975,11.06,4.085000000000001,0.8474999999999984,17.1875,False,False,OK
E12000006,East of England,E06000032,Luton,2021,9.38,6.975,11.06,4.085000000000001,0.8474999999999984,17.1875,False,False,OK
E12000006,East of England,E06000033,Southend-on-Sea,2021,9.01,6.975,11.06,4.085000000000001,0.8474999999999984,17.1875,False,False,OK
E12000006,East of England,E06000034,Thurrock,2021,9.12,6.975,11.06,4.085000000000001,0.8474999999999984,17.1875,False,False,OK
E12000006,East of England,E06000055,Bedford,2021,9.83,6.975,11.06,4.085000000000001,0.8474999999999984,17.1875,False,False,OK
E12000006,East of England,E06000056,Central Bedfordshire,2021,9.79,6.975,11.06,4.085000000000001,0.8474999999999984,17.1875,False,False,OK
E12000006,East of England,E07000008,Cambridge,2021,12.21,6.975,11.06,4.085000000000001,0.8474999999999984,17.1875,False,False,OK
E12000006,East of England,E07000009,East Cambridgeshire,2021,10.01,6.975,11.06,4.085000000000001,0.8474999999999984,17.1875,False,False,OK
E12000006,East of England,E07000010,Fenland,2021,7.92,6.975,11.06,4.085000000000001,0.8474999999999984,17.1875,False,False,OK
E12000006,East of England,E07000011,Huntingdonshire,2021,9.83,6.975,11.06,4.085000000000001,0.8474999999999984,17.1875,False,False,OK
E12000006,East of England,E07000012,South Cambridgeshire,2021,10.14,6.975,11.06,4.085000000000001,0.8474999999999984,17.1875,False,False,OK
E12000006,East of England,E07000066,Basildon,2021,10.53,6.975,11.06,4.085000000000001,0.8474999999999984,17.1875,False,False,OK
E12000006,East of England,E07000067,Braintree,2021,10.03,6.975,11.06,4.085000000000001,0.8474999999999984,17.1875,False,False,OK
E12000006,East of England,E07000068,Brentwood,2021,13.68,6.975,11.06,4.085000000000001,0.8474999999999984,17.1875,False,False,OK
E12000006,East of England,E07000069,Castle Point,2021,10.34,6.975,11.06,4.085000000000001,0.8474999999999984,17.1875,False,False,OK
E12000006,East of England,E07000070,Chelmsford,2021,10.34,6.975,11.06,4.085000000000001,0.8474999999999984,17.1875,False,False,OK
E12000006,East of England,E07000071,Colchester,2021,9.91,6.975,11.06,4.085000000000001,0.8474999999999984,17.1875,False,False,OK
E12000006,East of England,E07000072,Epping Forest,2021,13.68,6.975,11.06,4.085000000000001,0.8474999999999984,17.1875,False,False,OK
E12000006,East of England,E07000073,Harlow,2021,11.27,6.975,11.06,4.085000000000001,0.8474999999999984,17.1875,False,False,OK
E12000006,East of England,E07000074,Maldon,2021,10.21,6.975,11.06,4.085000000000001,0.8474999999999984,17.1875,False,False,OK
E12000006,East of England,E07000075,Rochford,2021,9.54,6.975,11.06,4.085000000000001,0.8474999999999984,17.1875,False,False,OK
E12000006,East of England,E07000076,Tendring,2021,8.98,6.975,11.06,4.085000000000001,0.8474999999999984,17.1875,False,False,OK
E12000006,East of England,E07000077,Uttlesford,2021,12.33,6.975,11.06,4.085000000000001,0.8474999999999984,17.1875,False,False,OK
E12000006,East of England,E07000095,Broxbourne,2021,11.41,6.975,11.06,4.085000000000001,0.8474999999999984,17.1875,False,False,OK
E12000006,East of England,E07000096,Dacorum,2021,12.51,6.975,11.06,4.085000000000001,0.8474999999999984,17.1875,False,False,OK
E12000006,East of England,E07000098,Hertsmere,2021,15.0,6.975,11.06,4.085000000000001,0.8474999999999984,17.1875,False,False,OK
E12000006,East of England,E07000099,North Hertfordshire,2021,10.35,6.975,11.06,4.085000000000001,0.8474999999999984,17.1875,False,False,OK
E12000006,East of England,E07000102,Three Rivers,2021,14.59,6.975,11.06,4.085000000000001,0.8474999999999984,17.1875,False,False,OK
E12000006,East of England,E07000103,Watford,2021,12.54,6.975,11.06,4.085000000000001,0.8474999999999984,17.1875,False,False,OK
E12000006,East of England,E07000143,Breckland,2021,9.39,6.975,11.06,4.085000000000001,0.8474999999999984,17.1875,False,False,OK
E12000006,East of England,E07000144,Broadland,2021,9.5,6.975,11.06,4.085000000000001,0.8474999999999984,17.1875,False,False,OK
E12000006,East of England,E07000145,Great Yarmouth,2021,7.69,6.975,11.06,4.085000000000001,0.8474999999999984,17.1875,False,False,OK
E12000006,East of England,E07000146,King's Lynn and West Norfolk,2021,9.07,6.975,11.06,4.085000000000001,0.8474999999999984,17.1875,False,False,OK
E12000006,East of England,E07000147,North Norfolk,2021,10.53,6.975,11.06,4.085000000000001,0.8474999999999984,17.1875,False,False,OK
E12000006,East of England,E07000148,Norwich,2021,7.52,6.975,11.06,4.085000000000001,0.8474999999999984,17.1875,False,False,OK
E12000006,East of England,E07000149,South Norfolk,2021,9.13,6.975,11.06,4.085000000000001,0.8474999999999984,17.1875,False,False,OK
E12000006,East of England,E07000200,Babergh,2021,10.67,6.975,11.06,4.085000000000001,0.8474999999999984,17.1875,False,False,OK
E12000006,East of England,E07000202,Ipswich,2021,7.97,6.975,11.06,4.085000000000001,0.8474999999999984,17.1875,False,False,OK
E12000006,East of England,E07000203,Mid Suffolk,2021,10.0,6.975,11.06,4.085000000000001,0.8474999999999984,17.1875,False,False,OK
E12000006,East of England,E07000240,St Albans,2021,12.76,6.975,11.06,4.085000000000001,0.8474999999999984,17.1875,False,False,OK
E12000006,East of England,E07000241,Welwyn Hatfield,2021,13.0,6.975,11.06,4.085000000000001,0.8474999999999984,17.1875,False,False,OK
E12000006,East of England,E07000242,East Hertfordshire,2021,11.09,6.975,11.06,4.085000000000001,0.8474999999999984,17.1875,False,False,OK
E12000006,East of England,E07000243,Stevenage,2021,10.99,6.975,11.06,4.085000000000001,0.8474999999999984,17.1875,False,False,OK
E12000006,East of England,E07000244,East Suffolk,2021,9.5,6.975,11.06,4.085000000000001,0.8474999999999984,17.1875,False,False,OK
E12000006,East of England,E07000245,West Suffolk,2021,9.59,6.975,11.06,4.085000000000001,0.8474999999999984,17.1875,False,False,OK
E12000007,London,E09000001,City of London,2021,,6.975,11.06,4.085000000000001,0.8474999999999984,17.1875,False,True,Missing ratio value
E12000007,London,E09000002,Barking and Dagenham,2021,10.27,6.975,11.06,4.085000000000001,0.8474999999999984,17.1875,False,False,OK
E12000007,London,E09000003,Barnet,2021,16.0,6.975,11.06,4.085000000000001,0.8474999999999984,17.1875,False,False,OK
E12000007,London,E09000004,Bexley,2021,10.44,6.975,11.06,4.085000000000001,0.8474999999999984,17.1875,False,False,OK
E12000007,London,E09000005,Brent,2021,15.24,6.975,11.06,4.085000000000001,0.8474999999999984,17.1875,False,False,OK
E12000007,London,E09000006,Bromley,2021,11.95,6.975,11.06,4.085000000000001,0.8474999999999984,17.1875,False,False,OK
E12000007,London,E09000007,Camden,2021,19.5,6.975,11.06,4.085000000000001,0.8474999999999984,17.1875,True,False,Statistical outlier
E12000007,London,E09000008,Croydon,2021,11.35,6.975,11.06,4.085000000000001,0.8474999999999984,17.1875,False,False,OK
E12000007,London,E09000009,Ealing,2021,14.62,6.975,11.06,4.085000000000001,0.8474999999999984,17.1875,False,False,OK
E12000007,London,E09000010,Enfield,2021,12.84,6.975,11.06,4.085000000000001,0.8474999999999984,17.1875,False,False,OK
E12000007,London,E09000011,Greenwich,2021,12.92,6.975,11.06,4.085000000000001,0.8474999999999984,17.1875,False,False,OK
E12000007,London,E09000012,Hackney,2021,16.45,6.975,11.06,4.085000000000001,0.8474999999999984,17.1875,False,False,OK
E12000007,London,E09000013,Hammersmith and Fulham,2021,19.43,6.975,11.06,4.085000000000001,0.8474999999999984,17.1875,True,False,Statistical outlier
E12000007,London,E09000014,Haringey,2021,14.79,6.975,11.06,4.085000000000001,0.8474999999999984,17.1875,False,False,OK
E12000007,London,E09000015,Harrow,2021,13.43,6.975,11.06,4.085000000000001,0.8474999999999984,17.1875,False,False,OK
E12000007,London,E09000016,Havering,2021,11.14,6.975,11.06,4.085000000000001,0.8474999999999984,17.1875,False,False,OK
E12000007,London,E09000017,Hillingdon,2021,12.62,6.975,11.06,4.085000000000001,0.8474999999999984,17.1875,False,False,OK
E12000007,London,E09000018,Hounslow,2021,13.83,6.975,11.06,4.085000000000001,0.8474999999999984,17.1875,False,False,OK
E12000007,London,E09000019,Islington,2021,14.8,6.975,11.06,4.085000000000001,0.8474999999999984,17.1875,False,False,OK
E12000007,London,E09000020,Kensington and Chelsea,2021,24.77,6.975,11.06,4.085000000000001,0.8474999999999984,17.1875,True,False,Statistical outlier
E12000007,London,E09000021,Kingston upon Thames,2021,13.01,6.975,11.06,4.085000000000001,0.8474999999999984,17.1875,False,False,OK
E12000007,London,E09000022,Lambeth,2021,13.8,6.975,11.06,4.085000000000001,0.8474999999999984,17.1875,False,False,OK
E12000007,London,E09000023,Lewisham,2021,13.17,6.975,11.06,4.085000000000001,0.8474999999999984,17.1875,False,False,OK
E12000007,London,E09000024,Merton,2021,15.89,6.975,11.06,4.085000000000001,0.8474999999999984,17.1875,False,False,OK
E12000007,London,E09000025,Newham,2021,12.49,6.975,11.06,4.085000000000001,0.8474999999999984,17.1875,False,False,OK
E12000007,London,E09000026,Redbridge,2021,13.19,6.975,11.06,4.085000000000001,0.8474999999999984,17.1875,False,False,OK
E12000007,London,E09000027,Richmond upon Thames,2021,15.84,6.975,11.06,4.085000000000001,0.8474999999999984,17.1875,False,False,OK
E12000007,London,E09000028,Southwark,2021,14.44,6.975,11.06,4.085000000000001,0.8474999999999984,17.1875,False,False,OK
E12000007,London,E09000029,Sutton,2021,11.64,6.975,11.06,4.085000000000001,0.8474999999999984,17.1875,False,False,OK
E12000007,London,E09000030,Tower Hamlets,2021,14.13,6.975,11.06,4.085000000000001,0.8474999999999984,17.1875,False,False,OK
E12000007,London,E09000031,Waltham Forest,2021,13.61,6.975,11.06,4.085000000000001,0.8474999999999984,17.1875,False,False,OK
E12000007,London,E09000032,Wandsworth,2021,14.68,6.975,11.06,4.085000000000001,0.8474999999999984,17.1875,False,False,OK
E12000007,London,E09000033,Westminster,2021,21.49,6.975,11.06,4.085000000000001,0.8474999999999984,17.1875,True,False,Statistical outlier
E12000008,South East,E06000035,Medway,2021,9.35,6.975,11.06,4.085000000000001,0.8474999999999984,17.1875,False,False,OK
E12000008,South East,E06000036,Bracknell Forest,2021,10.66,6.975,11.06,4.085000000000001,0.8474999999999984,17.1875,False,False,OK
E12000008,South East,E06000037,West Berkshire,2021,11.17,6.975,11.06,4.085000000000001,0.8474999999999984,17.1875,False,False,OK
E12000008,South East,E06000038,Reading,2021,8.79,6.975,11.06,4.085000000000001,0.8474999999999984,17.1875,False,False,OK
E12000008,South East,E06000039,Slough,2021,10.13,6.975,11.06,4.085000000000001,0.8474999999999984,17.1875,False,False,OK
E12000008,South East,E06000040,Windsor and Maidenhead,2021,13.17,6.975,11.06,4.085000000000001,0.8474999999999984,17.1875,False,False,OK
E12000008,South East,E06000041,Wokingham,2021,11.56,6.975,11.06,4.085000000000001,0.8474999999999984,17.1875,False,False,OK
E12000008,South East,E06000042,Milton Keynes,2021,9.57,6.975,11.06,4.085000000000001,0.8474999999999984,17.1875,False,False,OK
E12000008,South East,E06000043,Brighton and Hove,2021,12.38,6.975,11.06,4.085000000000001,0.8474999999999984,17.1875,False,False,OK
E12000008,South East,E06000044,Portsmouth,2021,8.08,6.975,11.06,4.085000000000001,0.8474999999999984,17.1875,False,False,OK
E12000008,South East,E06000045,Southampton,2021,7.52,6.975,11.06,4.085000000000001,0.8474999999999984,17.1875,False,False,OK
E12000008,South East,E06000046,Isle of Wight,2021,9.37,6.975,11.06,4.085000000000001,0.8474999999999984,17.1875,False,False,OK
E12000008,South East,E06000060,Buckinghamshire,2021,12.32,6.975,11.06,4.085000000000001,0.8474999999999984,17.1875,False,False,OK
E12000008,South East,E07000061,Eastbourne,2021,9.62,6.975,11.06,4.085000000000001,0.8474999999999984,17.1875,False,False,OK
E12000008,South East,E07000062,Hastings,2021,10.05,6.975,11.06,4.085000000000001,0.8474999999999984,17.1875,False,False,OK
E12000008,South East,E07000063,Lewes,2021,10.94,6.975,11.06,4.085000000000001,0.8474999999999984,17.1875,False,False,OK
E12000008,South East,E07000064,Rother,2021,11.61,6.975,11.06,4.085000000000001,0.8474999999999984,17.1875,False,False,OK
E12000008,South East,E07000065,Wealden,2021,11.93,6.975,11.06,4.085000000000001,0.8474999999999984,17.1875,False,False,OK
E12000008,South East,E07000084,Basingstoke and Deane,2021,9.14,6.975,11.06,4.085000000000001,0.8474999999999984,17.1875,False,False,OK
E12000008,South East,E07000085,East Hampshire,2021,11.97,6.975,11.06,4.085000000000001,0.8474999999999984,17.1875,False,False,OK
E12000008,South East,E07000086,Eastleigh,2021,9.24,6.975,11.06,4.085000000000001,0.8474999999999984,17.1875,False,False,OK
E12000008,South East,E07000087,Fareham,2021,8.62,6.975,11.06,4.085000000000001,0.8474999999999984,17.1875,False,False,OK
E12000008,South East,E07000088,Gosport,2021,7.4,6.975,11.06,4.085000000000001,0.8474999999999984,17.1875,False,False,OK
E12000008,South East,E07000089,Hart,2021,10.6,6.975,11.06,4.085000000000001,0.8474999999999984,17.1875,False,False,OK
E12000008,South East,E07000090,Havant,2021,10.87,6.975,11.06,4.085000000000001,0.8474999999999984,17.1875,False,False,OK
E12000008,South East,E07000091,New Forest,2021,11.9,6.975,11.06,4.085000000000001,0.8474999999999984,17.1875,False,False,OK
E12000008,South East,E07000092,Rushmoor,2021,9.27,6.975,11.06,4.085000000000001,0.8474999999999984,17.1875,False,False,OK
E12000008,South East,E07000093,Test Valley,2021,10.09,6.975,11.06,4.085000000000001,0.8474999999999984,17.1875,False,False,OK
E12000008,South East,E07000094,Winchester,2021,12.53,6.975,11.06,4.085000000000001,0.8474999999999984,17.1875,False,False,OK
E12000008,South East,E07000105,Ashford,2021,11.05,6.975,11.06,4.085000000000001,0.8474999999999984,17.1875,False,False,OK
E12000008,South East,E07000106,Canterbury,2021,11.36,6.975,11.06,4.085000000000001,0.8474999999999984,17.1875,False,False,OK
E12000008,South East,E07000107,Dartford,2021,10.03,6.975,11.06,4.085000000000001,0.8474999999999984,17.1875,False,False,OK
E12000008,South East,E07000108,Dover,2021,9.26,6.975,11.06,4.085000000000001,0.8474999999999984,17.1875,False,False,OK
E12000008,South East,E07000109,Gravesham,2021,10.58,6.975,11.06,4.085000000000001,0.8474999999999984,17.1875,False,False,OK
E12000008,South East,E07000110,Maidstone,2021,10.94,6.975,11.06,4.085000000000001,0.8474999999999984,17.1875,False,False,OK
E12000008,South East,E07000111,Sevenoaks,2021,11.62,6.975,11.06,4.085000000000001,0.8474999999999984,17.1875,False,False,OK
E12000008,South East,E07000112,Folkestone and Hythe,2021,9.48,6.975,11.06,4.085000000000001,0.8474999999999984,17.1875,False,False,OK
E12000008,South East,E07000113,Swale,2021,9.18,6.975,11.06,4.085000000000001,0.8474999999999984,17.1875,False,False,OK
E12000008,South East,E07000114,Thanet,2021,10.22,6.975,11.06,4.085000000000001,0.8474999999999984,17.1875,False,False,OK
E12000008,South East,E07000115,Tonbridge and Malling,2021,10.23,6.975,11.06,4.085000000000001,0.8474999999999984,17.1875,False,False,OK
E12000008,South East,E07000116,Tunbridge Wells,2021,12.26,6.975,11.06,4.085000000000001,0.8474999999999984,17.1875,False,False,OK
E12000008,South East,E07000177,Cherwell,2021,9.86,6.975,11.06,4.085000000000001,0.8474999999999984,17.1875,False,False,OK
E12000008,South East,E07000178,Oxford,2021,12.46,6.975,11.06,4.085000000000001,0.8474999999999984,17.1875,False,False,OK
E12000008,South East,E07000179,South Oxfordshire,2021,11.99,6.975,11.06,4.085000000000001,0.8474999999999984,17.1875,False,False,OK
E12000008,South East,E07000180,Vale of White Horse,2021,10.72,6.975,11.06,4.085000000000001,0.8474999999999984,17.1875,False,False,OK
E12000008,South East,E07000181,West Oxfordshire,2021,11.6,6.975,11.06,4.085000000000001,0.8474999999999984,17.1875,False,False,OK
E12000008,South East,E07000207,Elmbridge,2021,14.58,6.975,11.06,4.085000000000001,0.8474999999999984,17.1875,False,False,OK
E12000008,South East,E07000208,Epsom and Ewell,2021,14.59,6.975,11.06,4.085000000000001,0.8474999999999984,17.1875,False,False,OK
E12000008,South East,E07000209,Guildford,2021,12.09,6.975,11.06,4.085000000000001,0.8474999999999984,17.1875,False,False,OK
E12000008,South East,E07000210,Mole Valley,2021,15.43,6.975,11.06,4.085000000000001,0.8474999999999984,17.1875,False,False,OK
E12000008,South East,E07000211,Reigate and Banstead,2021,12.08,6.975,11.06,4.085000000000001,0.8474999999999984,17.1875,False,False,OK
E12000008,South East,E07000212,Runnymede,2021,12.02,6.975,11.06,4.085000000000001,0.8474999999999984,17.1875,False,False,OK
E12000008,South East,E07000213,Spelthorne,2021,10.87,6.975,11.06,4.085000000000001,0.8474999999999984,17.1875,False,False,OK
E12000008,South East,E07000214,Surrey Heath,2021,10.53,6.975,11.06,4.085000000000001,0.8474999999999984,17.1875,False,False,OK
E12000008,South East,E07000215,Tandridge,2021,12.52,6.975,11.06,4.085000000000001,0.8474999999999984,17.1875,False,False,OK
E12000008,South East,E07000216,Waverley,2021,12.9,6.975,11.06,4.085000000000001,0.8474999999999984,17.1875,False,False,OK
E12000008,South East,E07000217,Woking,2021,11.81,6.975,11.06,4.085000000000001,0.8474999999999984,17.1875,False,False,OK
E12000008,South East,E07000223,Adur,2021,12.82,6.975,11.06,4.085000000000001,0.8474999999999984,17.1875,False,False,OK
E12000008,South East,E07000224,Arun,2021,11.29,6.975,11.06,4.085000000000001,0.8474999999999984,17.1875,False,False,OK
E12000008,South East,E07000225,Chichester,2021,13.45,6.975,11.06,4.085000000000001,0.8474999999999984,17.1875,False,False,OK
E12000008,South East,E07000226,Crawley,2021,9.92,6.975,11.06,4.085000000000001,0.8474999999999984,17.1875,False,False,OK
E12000008,South East,E07000227,Horsham,2021,12.2,6.975,11.06,4.085000000000001,0.8474999999999984,17.1875,False,False,OK
E12000008,South East,E07000228,Mid Sussex,2021,11.75,6.975,11.06,4.085000000000001,0.8474999999999984,17.1875,False,False,OK
E12000008,South East,E07000229,Worthing,2021,10.79,6.975,11.06,4.085000000000001,0.8474999999999984,17.1875,False,False,OK
E12000009,South West,E06000022,Bath and North East Somerset,2021,12.25,6.975,11.06,4.085000000000001,0.8474999999999984,17.1875,False,False,OK
E12000009,South West,E06000023,"Bristol, City of",2021,9.67,6.975,11.06,4.085000000000001,0.8474999999999984,17.1875,False,False,OK
E12000009,South West,E06000024,North Somerset,2021,10.22,6.975,11.06,4.085000000000001,0.8474999999999984,17.1875,False,False,OK
E12000009,South West,E06000025,South Gloucestershire,2021,9.76,6.975,11.06,4.085000000000001,0.8474999999999984,17.1875,False,False,OK
E12000009,South West,E06000026,Plymouth,2021,7.53,6.975,11.06,4.085000000000001,0.8474999999999984,17.1875,False,False,OK
E12000009,South West,E06000027,Torbay,2021,8.71,6.975,11.06,4.085000000000001,0.8474999999999984,17.1875,False,False,OK
E12000009,South West,E06000030,Swindon,2021,8.04,6.975,11.06,4.085000000000001,0.8474999999999984,17.1875,False,False,OK
E12000009,South West,E06000052,Cornwall,2021,10.74,6.975,11.06,4.085000000000001,0.8474999999999984,17.1875,False,False,OK
E12000009,South West,E06000053,Isles of Scilly,2021,,6.975,11.06,4.085000000000001,0.8474999999999984,17.1875,False,True,Missing ratio value
E12000009,South West,E06000054,Wiltshire,2021,9.83,6.975,11.06,4.085000000000001,0.8474999999999984,17.1875,False,False,OK
E12000009,South West,E06000058,"Bournemouth, Christchurch and Poole",2021,11.16,6.975,11.06,4.085000000000001,0.8474999999999984,17.1875,False,False,OK
E12000009,South West,E06000059,Dorset,2021,11.04,6.975,11.06,4.085000000000001,0.8474999999999984,17.1875,False,False,OK
E12000009,South West,E06000066,Somerset,2021,9.24,6.975,11.06,4.085000000000001,0.8474999999999984,17.1875,False,False,OK
E12000009,South West,E07000040,East Devon,2021,10.41,6.975,11.06,4.085000000000001,0.8474999999999984,17.1875,False,False,OK
E12000009,South West,E07000041,Exeter,2021,9.28,6.975,11.06,4.085000000000001,0.8474999999999984,17.1875,False,False,OK
E12000009,South West,E07000042,Mid Devon,2021,9.66,6.975,11.06,4.085000000000001,0.8474999999999984,17.1875,False,False,OK
E12000009,South West,E07000043,North Devon,2021,10.89,6.975,11.06,4.085000000000001,0.8474999999999984,17.1875,False,False,OK
E12000009,South West,E07000044,South Hams,2021,11.17,6.975,11.06,4.085000000000001,0.8474999999999984,17.1875,False,False,OK
E12000009,South West,E07000045,Teignbridge,2021,10.22,6.975,11.06,4.085000000000001,0.8474999999999984,17.1875,False,False,OK
E12000009,South West,E07000046,Torridge,2021,9.83,6.975,11.06,4.085000000000001,0.8474999999999984,17.1875,False,False,OK
E12000009,South West,E07000047,West Devon,2021,11.36,6.975,11.06,4.085000000000001,0.8474999999999984,17.1875,False,False,OK
E12000009,South West,E07000078,Cheltenham,2021,9.09,6.975,11.06,4.085000000000001,0.8474999999999984,17.1875,False,False,OK
E12000009,South West,E07000079,Cotswold,2021,13.32,6.975,11.06,4.085000000000001,0.8474999999999984,17.1875,False,False,OK
E12000009,South West,E07000080,Forest of Dean,2021,9.33,6.975,11.06,4.085000000000001,0.8474999999999984,17.1875,False,False,OK
E12000009,South West,E07000081,Gloucester,2021,8.18,6.975,11.06,4.085000000000001,0.8474999999999984,17.1875,False,False,OK
E12000009,South West,E07000082,Stroud,2021,10.44,6.975,11.06,4.085000000000001,0.8474999999999984,17.1875,False,False,OK
E12000009,South West,E07000083,Tewkesbury,2021,9.36,6.975,11.06,4.085000000000001,0.8474999999999984,17.1875,False,False,OK
W92000004,Wales,W06000001,Isle of Anglesey,2021,7.13,6.975,11.06,4.085000000000001,0.8474999999999984,17.1875,False,False,OK
W92000004,Wales,W06000002,Gwynedd,2021,7.23,6.975,11.06,4.085000000000001,0.8474999999999984,17.1875,False,False,OK
W92000004,Wales,W06000003,Conwy,2021,6.99,6.975,11.06,4.085000000000001,0.8474999999999984,17.1875,False,False,OK
W92000004,Wales,W06000004,Denbighshire,2021,6.91,6.975,11.06,4.085000000000001,0.8474999999999984,17.1875,False,False,OK
W92000004,Wales,W06000005,Flintshire,2021,6.23,6.975,11.06,4.085000000000001,0.8474999999999984,17.1875,False,False,OK
W92000004,Wales,W06000006,Wrexham,2021,6.3,6.975,11.06,4.085000000000001,0.8474999999999984,17.1875,False,False,OK
W92000004,Wales,W06000008,Ceredigion,2021,7.7,6.975,11.06,4.085000000000001,0.8474999999999984,17.1875,False,False,OK
W92000004,Wales,W06000009,Pembrokeshire,2021,6.76,6.975,11.06,4.085000000000001,0.8474999999999984,17.1875,False,False,OK
W92000004,Wales,W06000010,Carmarthenshire,2021,5.7,6.975,11.06,4.085000000000001,0.8474999999999984,17.1875,False,False,OK
W92000004,Wales,W06000011,Swansea,2021,6.07,6.975,11.06,4.085000000000001,0.8474999999999984,17.1875,False,False,OK
W92000004,Wales,W06000012,Neath Port Talbot,2021,4.41,6.975,11.06,4.085000000000001,0.8474999999999984,17.1875,False,False,OK
W92000004,Wales,W06000013,Bridgend,2021,5.98,6.975,11.06,4.085000000000001,0.8474999999999984,17.1875,False,False,OK
W92000004,Wales,W06000014,Vale of Glamorgan,2021,8.44,6.975,11.06,4.085000000000001,0.8474999999999984,17.1875,False,False,OK
W92000004,Wales,W06000015,Cardiff,2021,8.33,6.975,11.06,4.085000000000001,0.8474999999999984,17.1875,False,False,OK
W92000004,Wales,W06000016,Rhondda Cynon Taf,2021,4.86,6.975,11.06,4.085000000000001,0.8474999999999984,17.1875,False,False,OK
W92000004,Wales,W06000018,Caerphilly,2021,5.36,6.975,11.06,4.085000000000001,0.8474999999999984,17.1875,False,False,OK
W92000004,Wales,W06000019,Blaenau Gwent,2021,3.96,6.975,11.06,4.085000000000001,0.8474999999999984,17.1875,False,False,OK
W92000004,Wales,W06000020,Torfaen,2021,6.51,6.975,11.06,4.085000000000001,0.8474999999999984,17.1875,False,False,OK
W92000004,Wales,W06000021,Monmouthshire,2021,8.53,6.975,11.06,4.085000000000001,0.8474999999999984,17.1875,False,False,OK
W92000004,Wales,W06000022,Newport,2021,7.09,6.975,11.06,4.085000000000001,0.8474999999999984,17.1875,False,False,OK
W92000004,Wales,W06000023,Powys,2021,7.96,6.975,11.06,4.085000000000001,0.8474999999999984,17.1875,False,False,OK
W92000004,Wales,W06000024,Merthyr Tydfil,2021,4.6,6.975,11.06,4.085000000000001,0.8474999999999984,17.1875,False,False,OK
E12000001,North East,E06000001,Hartlepool,2022,4.45,6.88,10.75,3.87,1.0750000000000002,16.555,False,False,OK
E12000001,North East,E06000002,Middlesbrough,2022,5.1,6.88,10.75,3.87,1.0750000000000002,16.555,False,False,OK
E12000001,North East,E06000003,Redcar and Cleveland,2022,5.12,6.88,10.75,3.87,1.0750000000000002,16.555,False,False,OK
E12000001,North East,E06000004,Stockton-on-Tees,2022,5.29,6.88,10.75,3.87,1.0750000000000002,16.555,False,False,OK
E12000001,North East,E06000005,Darlington,2022,5.49,6.88,10.75,3.87,1.0750000000000002,16.555,False,False,OK
E12000001,North East,E06000047,County Durham,2022,4.29,6.88,10.75,3.87,1.0750000000000002,16.555,False,False,OK
E12000001,North East,E06000057,Northumberland,2022,5.95,6.88,10.75,3.87,1.0750000000000002,16.555,False,False,OK
E12000001,North East,E08000021,Newcastle upon Tyne,2022,6.13,6.88,10.75,3.87,1.0750000000000002,16.555,False,False,OK
E12000001,North East,E08000022,North Tyneside,2022,5.82,6.88,10.75,3.87,1.0750000000000002,16.555,False,False,OK
E12000001,North East,E08000023,South Tyneside,2022,4.99,6.88,10.75,3.87,1.0750000000000002,16.555,False,False,OK
E12000001,North East,E08000024,Sunderland,2022,5.27,6.88,10.75,3.87,1.0750000000000002,16.555,False,False,OK
E12000001,North East,E08000037,Gateshead,2022,4.95,6.88,10.75,3.87,1.0750000000000002,16.555,False,False,OK
E12000002,North West,E06000006,Halton,2022,5.21,6.88,10.75,3.87,1.0750000000000002,16.555,False,False,OK
E12000002,North West,E06000007,Warrington,2022,7.53,6.88,10.75,3.87,1.0750000000000002,16.555,False,False,OK
E12000002,North West,E06000008,Blackburn with Darwen,2022,5.1,6.88,10.75,3.87,1.0750000000000002,16.555,False,False,OK
E12000002,North West,E06000009,Blackpool,2022,5.19,6.88,10.75,3.87,1.0750000000000002,16.555,False,False,OK
E12000002,North West,E06000049,Cheshire East,2022,7.96,6.88,10.75,3.87,1.0750000000000002,16.555,False,False,OK
E12000002,North West,E06000050,Cheshire West and Chester,2022,7.09,6.88,10.75,3.87,1.0750000000000002,16.555,False,False,OK
E12000002,North West,E06000063,Cumberland,2022,4.89,6.88,10.75,3.87,1.0750000000000002,16.555,False,False,OK
E12000002,North West,E06000064,Westmorland and Furness,2022,7.16,6.88,10.75,3.87,1.0750000000000002,16.555,False,False,OK
E12000002,North West,E07000117,Burnley,2022,4.39,6.88,10.75,3.87,1.0750000000000002,16.555,False,False,OK
E12000002,North West,E07000118,Chorley,2022,5.81,6.88,10.75,3.87,1.0750000000000002,16.555,False,False,OK
E12000002,North West,E07000119,Fylde,2022,7.17,6.88,10.75,3.87,1.0750000000000002,16.555,False,False,OK
E12000002,North West,E07000120,Hyndburn,2022,4.67,6.88,10.75,3.87,1.0750000000000002,16.555,False,False,OK
E12000002,North West,E07000121,Lancaster,2022,5.85,6.88,10.75,3.87,1.0750000000000002,16.555,False,False,OK
E12000002,North West,E07000122,Pendle,2022,5.05,6.88,10.75,3.87,1.0750000000000002,16.555,False,False,OK
E12000002,North West,E07000123,Preston,2022,6.17,6.88,10.75,3.87,1.0750000000000002,16.555,False,False,OK
E12000002,North West,E07000124,Ribble Valley,2022,7.44,6.88,10.75,3.87,1.0750000000000002,16.555,False,False,OK
E12000002,North West,E07000125,Rossendale,2022,5.71,6.88,10.75,3.87,1.0750000000000002,16.555,False,False,OK
E12000002,North West,E07000126,South Ribble,2022,6.4,6.88,10.75,3.87,1.0750000000000002,16.555,False,False,OK
E12000002,North West,E07000127,West Lancashire,2022,6.94,6.88,10.75,3.87,1.0750000000000002,16.555,False,False,OK
E12000002,North West,E07000128,Wyre,2022,5.89,6.88,10.75,3.87,1.0750000000000002,16.555,False,False,OK
E12000002,North West,E08000001,Bolton,2022,6.22,6.88,10.75,3.87,1.0750000000000002,16.555,False,False,OK
E12000002,North West,E08000002,Bury,2022,6.88,6.88,10.75,3.87,1.0750000000000002,16.555,False,False,OK
E12000002,North West,E08000003,Manchester,2022,8.25,6.88,10.75,3.87,1.0750000000000002,16.555,False,False,OK
E12000002,North West,E08000004,Oldham,2022,6.66,6.88,10.75,3.87,1.0750000000000002,16.555,False,False,OK
E12000002,North West,E08000005,Rochdale,2022,6.32,6.88,10.75,3.87,1.0750000000000002,16.555,False,False,OK
E12000002,North West,E08000006,Salford,2022,7.29,6.88,10.75,3.87,1.0750000000000002,16.555,False,False,OK
E12000002,North West,E08000007,Stockport,2022,8.09,6.88,10.75,3.87,1.0750000000000002,16.555,False,False,OK
E12000002,North West,E08000008,Tameside,2022,6.53,6.88,10.75,3.87,1.0750000000000002,16.555,False,False,OK
E12000002,North West,E08000009,Trafford,2022,8.72,6.88,10.75,3.87,1.0750000000000002,16.555,False,False,OK
E12000002,North West,E08000010,Wigan,2022,5.99,6.88,10.75,3.87,1.0750000000000002,16.555,False,False,OK
E12000002,North West,E08000011,Knowsley,2022,5.52,6.88,10.75,3.87,1.0750000000000002,16.555,False,False,OK
E12000002,North West,E08000012,Liverpool,2022,5.05,6.88,10.75,3.87,1.0750000000000002,16.555,False,False,OK
E12000002,North West,E08000013,St. Helens,2022,4.95,6.88,10.75,3.87,1.0750000000000002,16.555,False,False,OK
E12000002,North West,E08000014,Sefton,2022,6.61,6.88,10.75,3.87,1.0750000000000002,16.555,False,False,OK
E12000002,North West,E08000015,Wirral,2022,6.02,6.88,10.75,3.87,1.0750000000000002,16.555,False,False,OK
E12000003,Yorkshire and The Humber,E06000010,"Kingston upon Hull, City of",2022,5.0,6.88,10.75,3.87,1.0750000000000002,16.555,False,False,OK
E12000003,Yorkshire and The Humber,E06000011,East Riding of Yorkshire,2022,6.6,6.88,10.75,3.87,1.0750000000000002,16.555,False,False,OK
E12000003,Yorkshire and The Humber,E06000012,North East Lincolnshire,2022,5.38,6.88,10.75,3.87,1.0750000000000002,16.555,False,False,OK
E12000003,Yorkshire and The Humber,E06000013,North Lincolnshire,2022,5.53,6.88,10.75,3.87,1.0750000000000002,16.555,False,False,OK
E12000003,Yorkshire and The Humber,E06000014,York,2022,8.96,6.88,10.75,3.87,1.0750000000000002,16.555,False,False,OK
E12000003,Yorkshire and The Humber,E06000065,North Yorkshire,2022,8.37,6.88,10.75,3.87,1.0750000000000002,16.555,False,False,OK
E12000003,Yorkshire and The Humber,E08000017,Doncaster,2022,5.37,6.88,10.75,3.87,1.0750000000000002,16.555,False,False,OK
E12000003,Yorkshire and The Humber,E08000018,Rotherham,2022,5.9,6.88,10.75,3.87,1.0750000000000002,16.555,False,False,OK
E12000003,Yorkshire and The Humber,E08000032,Bradford,2022,5.22,6.88,10.75,3.87,1.0750000000000002,16.555,False,False,OK
E12000003,Yorkshire and The Humber,E08000033,Calderdale,2022,5.45,6.88,10.75,3.87,1.0750000000000002,16.555,False,False,OK
E12000003,Yorkshire and The Humber,E08000034,Kirklees,2022,5.86,6.88,10.75,3.87,1.0750000000000002,16.555,False,False,OK
E12000003,Yorkshire and The Humber,E08000035,Leeds,2022,6.81,6.88,10.75,3.87,1.0750000000000002,16.555,False,False,OK
E12000003,Yorkshire and The Humber,E08000036,Wakefield,2022,6.47,6.88,10.75,3.87,1.0750000000000002,16.555,False,False,OK
E12000003,Yorkshire and The Humber,E08000038,Barnsley,2022,5.62,6.88,10.75,3.87,1.0750000000000002,16.555,False,False,OK
E12000003,Yorkshire and The Humber,E08000039,Sheffield,2022,6.07,6.88,10.75,3.87,1.0750000000000002,16.555,False,False,OK
E12000004,East Midlands,E06000015,Derby,2022,6.28,6.88,10.75,3.87,1.0750000000000002,16.555,False,False,OK
E12000004,East Midlands,E06000016,Leicester,2022,8.14,6.88,10.75,3.87,1.0750000000000002,16.555,False,False,OK
E12000004,East Midlands,E06000017,Rutland,2022,9.02,6.88,10.75,3.87,1.0750000000000002,16.555,False,False,OK
E12000004,East Midlands,E06000018,Nottingham,2022,6.59,6.88,10.75,3.87,1.0750000000000002,16.555,False,False,OK
E12000004,East Midlands,E06000061,North Northamptonshire,2022,7.96,6.88,10.75,3.87,1.0750000000000002,16.555,False,False,OK
E12000004,East Midlands,E06000062,West Northamptonshire,2022,8.57,6.88,10.75,3.87,1.0750000000000002,16.555,False,False,OK
E12000004,East Midlands,E07000032,Amber Valley,2022,6.94,6.88,10.75,3.87,1.0750000000000002,16.555,False,False,OK
E12000004,East Midlands,E07000033,Bolsover,2022,6.22,6.88,10.75,3.87,1.0750000000000002,16.555,False,False,OK
E12000004,East Midlands,E07000034,Chesterfield,2022,6.04,6.88,10.75,3.87,1.0750000000000002,16.555,False,False,OK
E12000004,East Midlands,E07000035,Derbyshire Dales,2022,9.48,6.88,10.75,3.87,1.0750000000000002,16.555,False,False,OK
E12000004,East Midlands,E07000036,Erewash,2022,6.22,6.88,10.75,3.87,1.0750000000000002,16.555,False,False,OK
E12000004,East Midlands,E07000037,High Peak,2022,8.0,6.88,10.75,3.87,1.0750000000000002,16.555,False,False,OK
E12000004,East Midlands,E07000038,North East Derbyshire,2022,7.6,6.88,10.75,3.87,1.0750000000000002,16.555,False,False,OK
E12000004,East Midlands,E07000039,South Derbyshire,2022,7.41,6.88,10.75,3.87,1.0750000000000002,16.555,False,False,OK
E12000004,East Midlands,E07000129,Blaby,2022,8.16,6.88,10.75,3.87,1.0750000000000002,16.555,False,False,OK
E12000004,East Midlands,E07000130,Charnwood,2022,8.12,6.88,10.75,3.87,1.0750000000000002,16.555,False,False,OK
E12000004,East Midlands,E07000131,Harborough,2022,9.63,6.88,10.75,3.87,1.0750000000000002,16.555,False,False,OK
E12000004,East Midlands,E07000132,Hinckley and Bosworth,2022,8.09,6.88,10.75,3.87,1.0750000000000002,16.555,False,False,OK
E12000004,East Midlands,E07000133,Melton,2022,8.04,6.88,10.75,3.87,1.0750000000000002,16.555,False,False,OK
E12000004,East Midlands,E07000134,North West Leicestershire,2022,7.41,6.88,10.75,3.87,1.0750000000000002,16.555,False,False,OK
E12000004,East Midlands,E07000135,Oadby and Wigston,2022,8.95,6.88,10.75,3.87,1.0750000000000002,16.555,False,False,OK
E12000004,East Midlands,E07000136,Boston,2022,7.59,6.88,10.75,3.87,1.0750000000000002,16.555,False,False,OK
E12000004,East Midlands,E07000137,East Lindsey,2022,7.27,6.88,10.75,3.87,1.0750000000000002,16.555,False,False,OK
E12000004,East Midlands,E07000138,Lincoln,2022,5.65,6.88,10.75,3.87,1.0750000000000002,16.555,False,False,OK
E12000004,East Midlands,E07000139,North Kesteven,2022,8.05,6.88,10.75,3.87,1.0750000000000002,16.555,False,False,OK
E12000004,East Midlands,E07000140,South Holland,2022,7.67,6.88,10.75,3.87,1.0750000000000002,16.555,False,False,OK
E12000004,East Midlands,E07000141,South Kesteven,2022,7.83,6.88,10.75,3.87,1.0750000000000002,16.555,False,False,OK
E12000004,East Midlands,E07000142,West Lindsey,2022,6.46,6.88,10.75,3.87,1.0750000000000002,16.555,False,False,OK
E12000004,East Midlands,E07000170,Ashfield,2022,6.06,6.88,10.75,3.87,1.0750000000000002,16.555,False,False,OK
E12000004,East Midlands,E07000171,Bassetlaw,2022,6.97,6.88,10.75,3.87,1.0750000000000002,16.555,False,False,OK
E12000004,East Midlands,E07000172,Broxtowe,2022,7.62,6.88,10.75,3.87,1.0750000000000002,16.555,False,False,OK
E12000004,East Midlands,E07000173,Gedling,2022,7.88,6.88,10.75,3.87,1.0750000000000002,16.555,False,False,OK
E12000004,East Midlands,E07000174,Mansfield,2022,6.32,6.88,10.75,3.87,1.0750000000000002,16.555,False,False,OK
E12000004,East Midlands,E07000175,Newark and Sherwood,2022,6.89,6.88,10.75,3.87,1.0750000000000002,16.555,False,False,OK
E12000004,East Midlands,E07000176,Rushcliffe,2022,9.13,6.88,10.75,3.87,1.0750000000000002,16.555,False,False,OK
E12000005,West Midlands,E06000019,"Herefordshire, County of",2022,9.5,6.88,10.75,3.87,1.0750000000000002,16.555,False,False,OK
E12000005,West Midlands,E06000020,Telford and Wrekin,2022,7.17,6.88,10.75,3.87,1.0750000000000002,16.555,False,False,OK
E12000005,West Midlands,E06000021,Stoke-on-Trent,2022,4.92,6.88,10.75,3.87,1.0750000000000002,16.555,False,False,OK
E12000005,West Midlands,E06000051,Shropshire,2022,7.89,6.88,10.75,3.87,1.0750000000000002,16.555,False,False,OK
E12000005,West Midlands,E07000192,Cannock Chase,2022,7.42,6.88,10.75,3.87,1.0750000000000002,16.555,False,False,OK
E12000005,West Midlands,E07000193,East Staffordshire,2022,6.91,6.88,10.75,3.87,1.0750000000000002,16.555,False,False,OK
E12000005,West Midlands,E07000194,Lichfield,2022,8.25,6.88,10.75,3.87,1.0750000000000002,16.555,False,False,OK
E12000005,West Midlands,E07000195,Newcastle-under-Lyme,2022,5.88,6.88,10.75,3.87,1.0750000000000002,16.555,False,False,OK
E12000005,West Midlands,E07000196,South Staffordshire,2022,7.99,6.88,10.75,3.87,1.0750000000000002,16.555,False,False,OK
E12000005,West Midlands,E07000197,Stafford,2022,7.03,6.88,10.75,3.87,1.0750000000000002,16.555,False,False,OK
E12000005,West Midlands,E07000198,Staffordshire Moorlands,2022,6.48,6.88,10.75,3.87,1.0750000000000002,16.555,False,False,OK
E12000005,West Midlands,E07000199,Tamworth,2022,7.12,6.88,10.75,3.87,1.0750000000000002,16.555,False,False,OK
E12000005,West Midlands,E07000218,North Warwickshire,2022,7.43,6.88,10.75,3.87,1.0750000000000002,16.555,False,False,OK
E12000005,West Midlands,E07000219,Nuneaton and Bedworth,2022,7.74,6.88,10.75,3.87,1.0750000000000002,16.555,False,False,OK
E12000005,West Midlands,E07000220,Rugby,2022,7.79,6.88,10.75,3.87,1.0750000000000002,16.555,False,False,OK
E12000005,West Midlands,E07000221,Stratford-on-Avon,2022,9.47,6.88,10.75,3.87,1.0750000000000002,16.555,False,False,OK
E12000005,West Midlands,E07000222,Warwick,2022,9.29,6.88,10.75,3.87,1.0750000000000002,16.555,False,False,OK
E12000005,West Midlands,E07000234,Bromsgrove,2022,8.62,6.88,10.75,3.87,1.0750000000000002,16.555,False,False,OK
E12000005,West Midlands,E07000235,Malvern Hills,2022,9.92,6.88,10.75,3.87,1.0750000000000002,16.555,False,False,OK
E12000005,West Midlands,E07000236,Redditch,2022,9.0,6.88,10.75,3.87,1.0750000000000002,16.555,False,False,OK
E12000005,West Midlands,E07000237,Worcester,2022,7.31,6.88,10.75,3.87,1.0750000000000002,16.555,False,False,OK
E12000005,West Midlands,E07000238,Wychavon,2022,9.97,6.88,10.75,3.87,1.0750000000000002,16.555,False,False,OK
E12000005,West Midlands,E07000239,Wyre Forest,2022,7.4,6.88,10.75,3.87,1.0750000000000002,16.555,False,False,OK
E12000005,West Midlands,E08000025,Birmingham,2022,7.01,6.88,10.75,3.87,1.0750000000000002,16.555,False,False,OK
E12000005,West Midlands,E08000026,Coventry,2022,6.31,6.88,10.75,3.87,1.0750000000000002,16.555,False,False,OK
E12000005,West Midlands,E08000027,Dudley,2022,6.96,6.88,10.75,3.87,1.0750000000000002,16.555,False,False,OK
E12000005,West Midlands,E08000028,Sandwell,2022,6.85,6.88,10.75,3.87,1.0750000000000002,16.555,False,False,OK
E12000005,West Midlands,E08000029,Solihull,2022,8.57,6.88,10.75,3.87,1.0750000000000002,16.555,False,False,OK
E12000005,West Midlands,E08000030,Walsall,2022,6.71,6.88,10.75,3.87,1.0750000000000002,16.555,False,False,OK
E12000005,West Midlands,E08000031,Wolverhampton,2022,6.4,6.88,10.75,3.87,1.0750000000000002,16.555,False,False,OK
E12000006,East of England,E06000031,Peterborough,2022,7.7,6.88,10.75,3.87,1.0750000000000002,16.555,False,False,OK
E12000006,East of England,E06000032,Luton,2022,9.33,6.88,10.75,3.87,1.0750000000000002,16.555,False,False,OK
E12000006,East of England,E06000033,Southend-on-Sea,2022,9.56,6.88,10.75,3.87,1.0750000000000002,16.555,False,False,OK
E12000006,East of England,E06000034,Thurrock,2022,9.38,6.88,10.75,3.87,1.0750000000000002,16.555,False,False,OK
E12000006,East of England,E06000055,Bedford,2022,9.64,6.88,10.75,3.87,1.0750000000000002,16.555,False,False,OK
E12000006,East of England,E06000056,Central Bedfordshire,2022,9.09,6.88,10.75,3.87,1.0750000000000002,16.555,False,False,OK
E12000006,East of England,E07000008,Cambridge,2022,11.93,6.88,10.75,3.87,1.0750000000000002,16.555,False,False,OK
E12000006,East of England,E07000009,East Cambridgeshire,2022,9.91,6.88,10.75,3.87,1.0750000000000002,16.555,False,False,OK
E12000006,East of England,E07000010,Fenland,2022,7.46,6.88,10.75,3.87,1.0750000000000002,16.555,False,False,OK
E12000006,East of England,E07000011,Huntingdonshire,2022,9.86,6.88,10.75,3.87,1.0750000000000002,16.555,False,False,OK
E12000006,East of England,E07000012,South Cambridgeshire,2022,10.62,6.88,10.75,3.87,1.0750000000000002,16.555,False,False,OK
E12000006,East of England,E07000066,Basildon,2022,10.43,6.88,10.75,3.87,1.0750000000000002,16.555,False,False,OK
E12000006,East of England,E07000067,Braintree,2022,9.37,6.88,10.75,3.87,1.0750000000000002,16.555,False,False,OK
E12000006,East of England,E07000068,Brentwood,2022,10.64,6.88,10.75,3.87,1.0750000000000002,16.555,False,False,OK
E12000006,East of England,E07000069,Castle Point,2022,9.92,6.88,10.75,3.87,1.0750000000000002,16.555,False,False,OK
E12000006,East of England,E07000070,Chelmsford,2022,10.9,6.88,10.75,3.87,1.0750000000000002,16.555,False,False,OK
E12000006,East of England,E07000071,Colchester,2022,8.84,6.88,10.75,3.87,1.0750000000000002,16.555,False,False,OK
E12000006,East of England,E07000072,Epping Forest,2022,13.48,6.88,10.75,3.87,1.0750000000000002,16.555,False,False,OK
E12000006,East of England,E07000073,Harlow,2022,10.99,6.88,10.75,3.87,1.0750000000000002,16.555,False,False,OK
E12000006,East of England,E07000074,Maldon,2022,10.41,6.88,10.75,3.87,1.0750000000000002,16.555,False,False,OK
E12000006,East of England,E07000075,Rochford,2022,10.56,6.88,10.75,3.87,1.0750000000000002,16.555,False,False,OK
E12000006,East of England,E07000076,Tendring,2022,8.96,6.88,10.75,3.87,1.0750000000000002,16.555,False,False,OK
E12000006,East of England,E07000077,Uttlesford,2022,12.13,6.88,10.75,3.87,1.0750000000000002,16.555,False,False,OK
E12000006,East of England,E07000095,Broxbourne,2022,10.66,6.88,10.75,3.87,1.0750000000000002,16.555,False,False,OK
E12000006,East of England,E07000096,Dacorum,2022,11.7,6.88,10.75,3.87,1.0750000000000002,16.555,False,False,OK
E12000006,East of England,E07000098,Hertsmere,2022,16.58,6.88,10.75,3.87,1.0750000000000002,16.555,True,False,Statistical outlier
E12000006,East of England,E07000099,North Hertfordshire,2022,9.51,6.88,10.75,3.87,1.0750000000000002,16.555,False,False,OK
E12000006,East of England,E07000102,Three Rivers,2022,14.34,6.88,10.75,3.87,1.0750000000000002,16.555,False,False,OK
E12000006,East of England,E07000103,Watford,2022,11.98,6.88,10.75,3.87,1.0750000000000002,16.555,False,False,OK
E12000006,East of England,E07000143,Breckland,2022,8.83,6.88,10.75,3.87,1.0750000000000002,16.555,False,False,OK
E12000006,East of England,E07000144,Broadland,2022,9.39,6.88,10.75,3.87,1.0750000000000002,16.555,False,False,OK
E12000006,East of England,E07000145,Great Yarmouth,2022,7.03,6.88,10.75,3.87,1.0750000000000002,16.555,False,False,OK
E12000006,East of England,E07000146,King's Lynn and West Norfolk,2022,9.07,6.88,10.75,3.87,1.0750000000000002,16.555,False,False,OK
E12000006,East of England,E07000147,North Norfolk,2022,10.51,6.88,10.75,3.87,1.0750000000000002,16.555,False,False,OK
E12000006,East of England,E07000148,Norwich,2022,7.21,6.88,10.75,3.87,1.0750000000000002,16.555,False,False,OK
E12000006,East of England,E07000149,South Norfolk,2022,9.5,6.88,10.75,3.87,1.0750000000000002,16.555,False,False,OK
E12000006,East of England,E07000200,Babergh,2022,10.75,6.88,10.75,3.87,1.0750000000000002,16.555,False,False,OK
E12000006,East of England,E07000202,Ipswich,2022,7.96,6.88,10.75,3.87,1.0750000000000002,16.555,False,False,OK
E12000006,East of England,E07000203,Mid Suffolk,2022,9.64,6.88,10.75,3.87,1.0750000000000002,16.555,False,False,OK
E12000006,East of England,E07000240,St Albans,2022,13.31,6.88,10.75,3.87,1.0750000000000002,16.555,False,False,OK
E12000006,East of England,E07000241,Welwyn Hatfield,2022,11.58,6.88,10.75,3.87,1.0750000000000002,16.555,False,False,OK
E12000006,East of England,E07000242,East Hertfordshire,2022,9.88,6.88,10.75,3.87,1.0750000000000002,16.555,False,False,OK
E12000006,East of England,E07000243,Stevenage,2022,9.98,6.88,10.75,3.87,1.0750000000000002,16.555,False,False,OK
E12000006,East of England,E07000244,East Suffolk,2022,9.08,6.88,10.75,3.87,1.0750000000000002,16.555,False,False,OK
E12000006,East of England,E07000245,West Suffolk,2022,9.23,6.88,10.75,3.87,1.0750000000000002,16.555,False,False,OK
E12000007,London,E09000001,City of London,2022,16.07,6.88,10.75,3.87,1.0750000000000002,16.555,False,False,OK
E12000007,London,E09000002,Barking and Dagenham,2022,10.83,6.88,10.75,3.87,1.0750000000000002,16.555,False,False,OK
E12000007,London,E09000003,Barnet,2022,15.68,6.88,10.75,3.87,1.0750000000000002,16.555,False,False,OK
E12000007,London,E09000004,Bexley,2022,9.98,6.88,10.75,3.87,1.0750000000000002,16.555,False,False,OK
E12000007,London,E09000005,Brent,2022,14.67,6.88,10.75,3.87,1.0750000000000002,16.555,False,False,OK
E12000007,London,E09000006,Bromley,2022,11.47,6.88,10.75,3.87,1.0750000000000002,16.555,False,False,OK
E12000007,London,E09000007,Camden,2022,19.65,6.88,10.75,3.87,1.0750000000000002,16.555,True,False,Statistical outlier
E12000007,London,E09000008,Croydon,2022,10.83,6.88,10.75,3.87,1.0750000000000002,16.555,False,False,OK
E12000007,London,E09000009,Ealing,2022,14.55,6.88,10.75,3.87,1.0750000000000002,16.555,False,False,OK
E12000007,London,E09000010,Enfield,2022,12.46,6.88,10.75,3.87,1.0750000000000002,16.555,False,False,OK
E12000007,London,E09000011,Greenwich,2022,12.51,6.88,10.75,3.87,1.0750000000000002,16.555,False,False,OK
E12000007,London,E09000012,Hackney,2022,14.58,6.88,10.75,3.87,1.0750000000000002,16.555,False,False,OK
E12000007,London,E09000013,Hammersmith and Fulham,2022,18.39,6.88,10.75,3.87,1.0750000000000002,16.555,True,False,Statistical outlier
E12000007,London,E09000014,Haringey,2022,14.93,6.88,10.75,3.87,1.0750000000000002,16.555,False,False,OK
E12000007,London,E09000015,Harrow,2022,13.09,6.88,10.75,3.87,1.0750000000000002,16.555,False,False,OK
E12000007,London,E09000016,Havering,2022,11.88,6.88,10.75,3.87,1.0750000000000002,16.555,False,False,OK
E12000007,London,E09000017,Hillingdon,2022,11.48,6.88,10.75,3.87,1.0750000000000002,16.555,False,False,OK
E12000007,London,E09000018,Hounslow,2022,12.6,6.88,10.75,3.87,1.0750000000000002,16.555,False,False,OK
E12000007,London,E09000019,Islington,2022,15.62,6.88,10.75,3.87,1.0750000000000002,16.555,False,False,OK
E12000007,London,E09000020,Kensington and Chelsea,2022,34.77,6.88,10.75,3.87,1.0750000000000002,16.555,True,False,Statistical outlier
E12000007,London,E09000021,Kingston upon Thames,2022,12.19,6.88,10.75,3.87,1.0750000000000002,16.555,False,False,OK
E12000007,London,E09000022,Lambeth,2022,13.15,6.88,10.75,3.87,1.0750000000000002,16.555,False,False,OK
E12000007,London,E09000023,Lewisham,2022,12.4,6.88,10.75,3.87,1.0750000000000002,16.555,False,False,OK
E12000007,London,E09000024,Merton,2022,14.21,6.88,10.75,3.87,1.0750000000000002,16.555,False,False,OK
E12000007,London,E09000025,Newham,2022,12.5,6.88,10.75,3.87,1.0750000000000002,16.555,False,False,OK
E12000007,London,E09000026,Redbridge,2022,12.69,6.88,10.75,3.87,1.0750000000000002,16.555,False,False,OK
E12000007,London,E09000027,Richmond upon Thames,2022,16.6,6.88,10.75,3.87,1.0750000000000002,16.555,True,False,Statistical outlier
E12000007,London,E09000028,Southwark,2022,13.33,6.88,10.75,3.87,1.0750000000000002,16.555,False,False,OK
E12000007,London,E09000029,Sutton,2022,11.81,6.88,10.75,3.87,1.0750000000000002,16.555,False,False,OK
E12000007,London,E09000030,Tower Hamlets,2022,13.14,6.88,10.75,3.87,1.0750000000000002,16.555,False,False,OK
E12000007,London,E09000031,Waltham Forest,2022,12.44,6.88,10.75,3.87,1.0750000000000002,16.555,False,False,OK
E12000007,London,E09000032,Wandsworth,2022,14.61,6.88,10.75,3.87,1.0750000000000002,16.555,False,False,OK
E12000007,London,E09000033,Westminster,2022,24.37,6.88,10.75,3.87,1.0750000000000002,16.555,True,False,Statistical outlier
E12000008,South East,E06000035,Medway,2022,8.9,6.88,10.75,3.87,1.0750000000000002,16.555,False,False,OK
E12000008,South East,E06000036,Bracknell Forest,2022,10.53,6.88,10.75,3.87,1.0750000000000002,16.555,False,False,OK
E12000008,South East,E06000037,West Berkshire,2022,10.67,6.88,10.75,3.87,1.0750000000000002,16.555,False,False,OK
E12000008,South East,E06000038,Reading,2022,9.13,6.88,10.75,3.87,1.0750000000000002,16.555,False,False,OK
E12000008,South East,E06000039,Slough,2022,9.84,6.88,10.75,3.87,1.0750000000000002,16.555,False,False,OK
E12000008,South East,E06000040,Windsor and Maidenhead,2022,12.77,6.88,10.75,3.87,1.0750000000000002,16.555,False,False,OK
E12000008,South East,E06000041,Wokingham,2022,11.0,6.88,10.75,3.87,1.0750000000000002,16.555,False,False,OK
E12000008,South East,E06000042,Milton Keynes,2022,9.71,6.88,10.75,3.87,1.0750000000000002,16.555,False,False,OK
E12000008,South East,E06000043,Brighton and Hove,2022,12.05,6.88,10.75,3.87,1.0750000000000002,16.555,False,False,OK
E12000008,South East,E06000044,Portsmouth,2022,7.73,6.88,10.75,3.87,1.0750000000000002,16.555,False,False,OK
E12000008,South East,E06000045,Southampton,2022,7.46,6.88,10.75,3.87,1.0750000000000002,16.555,False,False,OK
E12000008,South East,E06000046,Isle of Wight,2022,8.82,6.88,10.75,3.87,1.0750000000000002,16.555,False,False,OK
E12000008,South East,E06000060,Buckinghamshire,2022,11.5,6.88,10.75,3.87,1.0750000000000002,16.555,False,False,OK
E12000008,South East,E07000061,Eastbourne,2022,8.99,6.88,10.75,3.87,1.0750000000000002,16.555,False,False,OK
E12000008,South East,E07000062,Hastings,2022,9.74,6.88,10.75,3.87,1.0750000000000002,16.555,False,False,OK
E12000008,South East,E07000063,Lewes,2022,11.39,6.88,10.75,3.87,1.0750000000000002,16.555,False,False,OK
E12000008,South East,E07000064,Rother,2022,11.6,6.88,10.75,3.87,1.0750000000000002,16.555,False,False,OK
E12000008,South East,E07000065,Wealden,2022,11.85,6.88,10.75,3.87,1.0750000000000002,16.555,False,False,OK
E12000008,South East,E07000084,Basingstoke and Deane,2022,8.94,6.88,10.75,3.87,1.0750000000000002,16.555,False,False,OK
E12000008,South East,E07000085,East Hampshire,2022,12.33,6.88,10.75,3.87,1.0750000000000002,16.555,False,False,OK
E12000008,South East,E07000086,Eastleigh,2022,9.79,6.88,10.75,3.87,1.0750000000000002,16.555,False,False,OK
E12000008,South East,E07000087,Fareham,2022,9.21,6.88,10.75,3.87,1.0750000000000002,16.555,False,False,OK
E12000008,South East,E07000088,Gosport,2022,7.4,6.88,10.75,3.87,1.0750000000000002,16.555,False,False,OK
E12000008,South East,E07000089,Hart,2022,10.71,6.88,10.75,3.87,1.0750000000000002,16.555,False,False,OK
E12000008,South East,E07000090,Havant,2022,10.76,6.88,10.75,3.87,1.0750000000000002,16.555,False,False,OK
E12000008,South East,E07000091,New Forest,2022,12.3,6.88,10.75,3.87,1.0750000000000002,16.555,False,False,OK
E12000008,South East,E07000092,Rushmoor,2022,9.44,6.88,10.75,3.87,1.0750000000000002,16.555,False,False,OK
E12000008,South East,E07000093,Test Valley,2022,9.56,6.88,10.75,3.87,1.0750000000000002,16.555,False,False,OK
E12000008,South East,E07000094,Winchester,2022,12.8,6.88,10.75,3.87,1.0750000000000002,16.555,False,False,OK
E12000008,South East,E07000105,Ashford,2022,10.48,6.88,10.75,3.87,1.0750000000000002,16.555,False,False,OK
E12000008,South East,E07000106,Canterbury,2022,10.0,6.88,10.75,3.87,1.0750000000000002,16.555,False,False,OK
E12000008,South East,E07000107,Dartford,2022,9.47,6.88,10.75,3.87,1.0750000000000002,16.555,False,False,OK
E12000008,South East,E07000108,Dover,2022,9.33,6.88,10.75,3.87,1.0750000000000002,16.555,False,False,OK
E12000008,South East,E07000109,Gravesham,2022,10.37,6.88,10.75,3.87,1.0750000000000002,16.555,False,False,OK
E12000008,South East,E07000110,Maidstone,2022,10.52,6.88,10.75,3.87,1.0750000000000002,16.555,False,False,OK
E12000008,South East,E07000111,Sevenoaks,2022,13.61,6.88,10.75,3.87,1.0750000000000002,16.555,False,False,OK
E12000008,South East,E07000112,Folkestone and Hythe,2022,9.33,6.88,10.75,3.87,1.0750000000000002,16.555,False,False,OK
E12000008,South East,E07000113,Swale,2022,8.87,6.88,10.75,3.87,1.0750000000000002,16.555,False,False,OK
E12000008,South East,E07000114,Thanet,2022,9.79,6.88,10.75,3.87,1.0750000000000002,16.555,False,False,OK
E12000008,South East,E07000115,Tonbridge and Malling,2022,10.62,6.88,10.75,3.87,1.0750000000000002,16.555,False,False,OK
E12000008,South East,E07000116,Tunbridge Wells,2022,13.14,6.88,10.75,3.87,1.0750000000000002,16.555,False,False,OK
E12000008,South East,E07000177,Cherwell,2022,9.99,6.88,10.75,3.87,1.0750000000000002,16.555,False,False,OK
E12000008,South East,E07000178,Oxford,2022,12.24,6.88,10.75,3.87,1.0750000000000002,16.555,False,False,OK
E12000008,South East,E07000179,South Oxfordshire,2022,11.26,6.88,10.75,3.87,1.0750000000000002,16.555,False,False,OK
E12000008,South East,E07000180,Vale of White Horse,2022,10.05,6.88,10.75,3.87,1.0750000000000002,16.555,False,False,OK
E12000008,South East,E07000181,West Oxfordshire,2022,10.95,6.88,10.75,3.87,1.0750000000000002,16.555,False,False,OK
E12000008,South East,E07000207,Elmbridge,2022,16.14,6.88,10.75,3.87,1.0750000000000002,16.555,False,False,OK
E12000008,South East,E07000208,Epsom and Ewell,2022,13.25,6.88,10.75,3.87,1.0750000000000002,16.555,False,False,OK
E12000008,South East,E07000209,Guildford,2022,11.74,6.88,10.75,3.87,1.0750000000000002,16.555,False,False,OK
E12000008,South East,E07000210,Mole Valley,2022,14.32,6.88,10.75,3.87,1.0750000000000002,16.555,False,False,OK
E12000008,South East,E07000211,Reigate and Banstead,2022,11.19,6.88,10.75,3.87,1.0750000000000002,16.555,False,False,OK
E12000008,South East,E07000212,Runnymede,2022,11.94,6.88,10.75,3.87,1.0750000000000002,16.555,False,False,OK
E12000008,South East,E07000213,Spelthorne,2022,11.49,6.88,10.75,3.87,1.0750000000000002,16.555,False,False,OK
E12000008,South East,E07000214,Surrey Heath,2022,10.55,6.88,10.75,3.87,1.0750000000000002,16.555,False,False,OK
E12000008,South East,E07000215,Tandridge,2022,12.66,6.88,10.75,3.87,1.0750000000000002,16.555,False,False,OK
E12000008,South East,E07000216,Waverley,2022,11.74,6.88,10.75,3.87,1.0750000000000002,16.555,False,False,OK
E12000008,South East,E07000217,Woking,2022,11.42,6.88,10.75,3.87,1.0750000000000002,16.555,False,False,OK
E12000008,South East,E07000223,Adur,2022,11.64,6.88,10.75,3.87,1.0750000000000002,16.555,False,False,OK
E12000008,South East,E07000224,Arun,2022,11.95,6.88,10.75,3.87,1.0750000000000002,16.555,False,False,OK
E12000008,South East,E07000225,Chichester,2022,12.31,6.88,10.75,3.87,1.0750000000000002,16.555,False,False,OK
E12000008,South East,E07000226,Crawley,2022,9.74,6.88,10.75,3.87,1.0750000000000002,16.555,False,False,OK
E12000008,South East,E07000227,Horsham,2022,11.98,6.88,10.75,3.87,1.0750000000000002,16.555,False,False,OK
E12000008,South East,E07000228,Mid Sussex,2022,12.07,6.88,10.75,3.87,1.0750000000000002,16.555,False,False,OK
E12000008,South East,E07000229,Worthing,2022,11.03,6.88,10.75,3.87,1.0750000000000002,16.555,False,False,OK
E12000009,South West,E06000022,Bath and North East Somerset,2022,10.32,6.88,10.75,3.87,1.0750000000000002,16.555,False,False,OK
E12000009,South West,E06000023,"Bristol, City of",2022,9.49,6.88,10.75,3.87,1.0750000000000002,16.555,False,False,OK
E12000009,South West,E06000024,North Somerset,2022,8.89,6.88,10.75,3.87,1.0750000000000002,16.555,False,False,OK
E12000009,South West,E06000025,South Gloucestershire,2022,9.88,6.88,10.75,3.87,1.0750000000000002,16.555,False,False,OK
E12000009,South West,E06000026,Plymouth,2022,7.61,6.88,10.75,3.87,1.0750000000000002,16.555,False,False,OK
E12000009,South West,E06000027,Torbay,2022,8.43,6.88,10.75,3.87,1.0750000000000002,16.555,False,False,OK
E12000009,South West,E06000030,Swindon,2022,7.74,6.88,10.75,3.87,1.0750000000000002,16.555,False,False,OK
E12000009,South West,E06000052,Cornwall,2022,9.76,6.88,10.75,3.87,1.0750000000000002,16.555,False,False,OK
E12000009,South West,E06000053,Isles of Scilly,2022,,6.88,10.75,3.87,1.0750000000000002,16.555,False,True,Missing ratio value
E12000009,South West,E06000054,Wiltshire,2022,9.49,6.88,10.75,3.87,1.0750000000000002,16.555,False,False,OK
E12000009,South West,E06000058,"Bournemouth, Christchurch and Poole",2022,10.27,6.88,10.75,3.87,1.0750000000000002,16.555,False,False,OK
E12000009,South West,E06000059,Dorset,2022,11.12,6.88,10.75,3.87,1.0750000000000002,16.555,False,False,OK
E12000009,South West,E06000066,Somerset,2022,9.08,6.88,10.75,3.87,1.0750000000000002,16.555,False,False,OK
E12000009,South West,E07000040,East Devon,2022,9.8,6.88,10.75,3.87,1.0750000000000002,16.555,False,False,OK
E12000009,South West,E07000041,Exeter,2022,9.45,6.88,10.75,3.87,1.0750000000000002,16.555,False,False,OK
E12000009,South West,E07000042,Mid Devon,2022,10.05,6.88,10.75,3.87,1.0750000000000002,16.555,False,False,OK
E12000009,South West,E07000043,North Devon,2022,10.39,6.88,10.75,3.87,1.0750000000000002,16.555,False,False,OK
E12000009,South West,E07000044,South Hams,2022,12.05,6.88,10.75,3.87,1.0750000000000002,16.555,False,False,OK
E12000009,South West,E07000045,Teignbridge,2022,10.81,6.88,10.75,3.87,1.0750000000000002,16.555,False,False,OK
E12000009,South West,E07000046,Torridge,2022,9.49,6.88,10.75,3.87,1.0750000000000002,16.555,False,False,OK
E12000009,South West,E07000047,West Devon,2022,10.66,6.88,10.75,3.87,1.0750000000000002,16.555,False,False,OK
E12000009,South West,E07000078,Cheltenham,2022,7.88,6.88,10.75,3.87,1.0750000000000002,16.555,False,False,OK
E12000009,South West,E07000079,Cotswold,2022,12.61,6.88,10.75,3.87,1.0750000000000002,16.555,False,False,OK
E12000009,South West,E07000080,Forest of Dean,2022,6.97,6.88,10.75,3.87,1.0750000000000002,16.555,False,False,OK
E12000009,South West,E07000081,Gloucester,2022,7.93,6.88,10.75,3.87,1.0750000000000002,16.555,False,False,OK
E12000009,South West,E07000082,Stroud,2022,9.47,6.88,10.75,3.87,1.0750000000000002,16.555,False,False,OK
E12000009,South West,E07000083,Tewkesbury,2022,9.67,6.88,10.75,3.87,1.0750000000000002,16.555,False,False,OK
W92000004,Wales,W06000001,Isle of Anglesey,2022,7.26,6.88,10.75,3.87,1.0750000000000002,16.555,False,False,OK
W92000004,Wales,W06000002,Gwynedd,2022,6.64,6.88,10.75,3.87,1.0750000000000002,16.555,False,False,OK
W92000004,Wales,W06000003,Conwy,2022,6.57,6.88,10.75,3.87,1.0750000000000002,16.555,False,False,OK
W92000004,Wales,W06000004,Denbighshire,2022,6.57,6.88,10.75,3.87,1.0750000000000002,16.555,False,False,OK
W92000004,Wales,W06000005,Flintshire,2022,6.18,6.88,10.75,3.87,1.0750000000000002,16.555,False,False,OK
W92000004,Wales,W06000006,Wrexham,2022,5.95,6.88,10.75,3.87,1.0750000000000002,16.555,False,False,OK
W92000004,Wales,W06000008,Ceredigion,2022,8.22,6.88,10.75,3.87,1.0750000000000002,16.555,False,False,OK
W92000004,Wales,W06000009,Pembrokeshire,2022,6.88,6.88,10.75,3.87,1.0750000000000002,16.555,False,False,OK
W92000004,Wales,W06000010,Carmarthenshire,2022,5.44,6.88,10.75,3.87,1.0750000000000002,16.555,False,False,OK
W92000004,Wales,W06000011,Swansea,2022,5.9,6.88,10.75,3.87,1.0750000000000002,16.555,False,False,OK
W92000004,Wales,W06000012,Neath Port Talbot,2022,4.54,6.88,10.75,3.87,1.0750000000000002,16.555,False,False,OK
W92000004,Wales,W06000013,Bridgend,2022,6.01,6.88,10.75,3.87,1.0750000000000002,16.555,False,False,OK
W92000004,Wales,W06000014,Vale of Glamorgan,2022,8.88,6.88,10.75,3.87,1.0750000000000002,16.555,False,False,OK
W92000004,Wales,W06000015,Cardiff,2022,7.99,6.88,10.75,3.87,1.0750000000000002,16.555,False,False,OK
W92000004,Wales,W06000016,Rhondda Cynon Taf,2022,4.68,6.88,10.75,3.87,1.0750000000000002,16.555,False,False,OK
W92000004,Wales,W06000018,Caerphilly,2022,5.8,6.88,10.75,3.87,1.0750000000000002,16.555,False,False,OK
W92000004,Wales,W06000019,Blaenau Gwent,2022,4.45,6.88,10.75,3.87,1.0750000000000002,16.555,False,False,OK
W92000004,Wales,W06000020,Torfaen,2022,5.88,6.88,10.75,3.87,1.0750000000000002,16.555,False,False,OK
W92000004,Wales,W06000021,Monmouthshire,2022,8.12,6.88,10.75,3.87,1.0750000000000002,16.555,False,False,OK
W92000004,Wales,W06000022,Newport,2022,6.57,6.88,10.75,3.87,1.0750000000000002,16.555,False,False,OK
W92000004,Wales,W06000023,Powys,2022,8.33,6.88,10.75,3.87,1.0750000000000002,16.555,False,False,OK
W92000004,Wales,W06000024,Merthyr Tydfil,2022,4.74,6.88,10.75,3.87,1.0750000000000002,16.555,False,False,OK
E12000001,North East,E06000001,Hartlepool,2023,4.8,6.720000000000001,10.4675,3.7474999999999987,1.0987500000000026,16.088749999999997,False,False,OK
E12000001,North East,E06000002,Middlesbrough,2023,5.16,6.720000000000001,10.4675,3.7474999999999987,1.0987500000000026,16.088749999999997,False,False,OK
E12000001,North East,E06000003,Redcar and Cleveland,2023,5.24,6.720000000000001,10.4675,3.7474999999999987,1.0987500000000026,16.088749999999997,False,False,OK
E12000001,North East,E06000004,Stockton-on-Tees,2023,5.35,6.720000000000001,10.4675,3.7474999999999987,1.0987500000000026,16.088749999999997,False,False,OK
E12000001,North East,E06000005,Darlington,2023,5.42,6.720000000000001,10.4675,3.7474999999999987,1.0987500000000026,16.088749999999997,False,False,OK
E12000001,North East,E06000047,County Durham,2023,4.18,6.720000000000001,10.4675,3.7474999999999987,1.0987500000000026,16.088749999999997,False,False,OK
E12000001,North East,E06000057,Northumberland,2023,5.99,6.720000000000001,10.4675,3.7474999999999987,1.0987500000000026,16.088749999999997,False,False,OK
E12000001,North East,E08000021,Newcastle upon Tyne,2023,6.28,6.720000000000001,10.4675,3.7474999999999987,1.0987500000000026,16.088749999999997,False,False,OK
E12000001,North East,E08000022,North Tyneside,2023,6.08,6.720000000000001,10.4675,3.7474999999999987,1.0987500000000026,16.088749999999997,False,False,OK
E12000001,North East,E08000023,South Tyneside,2023,5.16,6.720000000000001,10.4675,3.7474999999999987,1.0987500000000026,16.088749999999997,False,False,OK
E12000001,North East,E08000024,Sunderland,2023,5.07,6.720000000000001,10.4675,3.7474999999999987,1.0987500000000026,16.088749999999997,False,False,OK
E12000001,North East,E08000037,Gateshead,2023,4.91,6.720000000000001,10.4675,3.7474999999999987,1.0987500000000026,16.088749999999997,False,False,OK
E12000002,North West,E06000006,Halton,2023,5.17,6.720000000000001,10.4675,3.7474999999999987,1.0987500000000026,16.088749999999997,False,False,OK
E12000002,North West,E06000007,Warrington,2023,7.55,6.720000000000001,10.4675,3.7474999999999987,1.0987500000000026,16.088749999999997,False,False,OK
E12000002,North West,E06000008,Blackburn with Darwen,2023,5.21,6.720000000000001,10.4675,3.7474999999999987,1.0987500000000026,16.088749999999997,False,False,OK
E12000002,North West,E06000009,Blackpool,2023,4.96,6.720000000000001,10.4675,3.7474999999999987,1.0987500000000026,16.088749999999997,False,False,OK
E12000002,North West,E06000049,Cheshire East,2023,7.91,6.720000000000001,10.4675,3.7474999999999987,1.0987500000000026,16.088749999999997,False,False,OK
E12000002,North West,E06000050,Cheshire West and Chester,2023,7.21,6.720000000000001,10.4675,3.7474999999999987,1.0987500000000026,16.088749999999997,False,False,OK
E12000002,North West,E06000063,Cumberland,2023,4.55,6.720000000000001,10.4675,3.7474999999999987,1.0987500000000026,16.088749999999997,False,False,OK
E12000002,North West,E06000064,Westmorland and Furness,2023,7.25,6.720000000000001,10.4675,3.7474999999999987,1.0987500000000026,16.088749999999997,False,False,OK
E12000002,North West,E07000117,Burnley,2023,3.82,6.720000000000001,10.4675,3.7474999999999987,1.0987500000000026,16.088749999999997,False,False,OK
E12000002,North West,E07000118,Chorley,2023,6.29,6.720000000000001,10.4675,3.7474999999999987,1.0987500000000026,16.088749999999997,False,False,OK
E12000002,North West,E07000119,Fylde,2023,6.3,6.720000000000001,10.4675,3.7474999999999987,1.0987500000000026,16.088749999999997,False,False,OK
E12000002,North West,E07000120,Hyndburn,2023,4.26,6.720000000000001,10.4675,3.7474999999999987,1.0987500000000026,16.088749999999997,False,False,OK
E12000002,North West,E07000121,Lancaster,2023,6.21,6.720000000000001,10.4675,3.7474999999999987,1.0987500000000026,16.088749999999997,False,False,OK
E12000002,North West,E07000122,Pendle,2023,5.02,6.720000000000001,10.4675,3.7474999999999987,1.0987500000000026,16.088749999999997,False,False,OK
E12000002,North West,E07000123,Preston,2023,5.72,6.720000000000001,10.4675,3.7474999999999987,1.0987500000000026,16.088749999999997,False,False,OK
E12000002,North West,E07000124,Ribble Valley,2023,7.03,6.720000000000001,10.4675,3.7474999999999987,1.0987500000000026,16.088749999999997,False,False,OK
E12000002,North West,E07000125,Rossendale,2023,5.62,6.720000000000001,10.4675,3.7474999999999987,1.0987500000000026,16.088749999999997,False,False,OK
E12000002,North West,E07000126,South Ribble,2023,6.44,6.720000000000001,10.4675,3.7474999999999987,1.0987500000000026,16.088749999999997,False,False,OK
E12000002,North West,E07000127,West Lancashire,2023,6.63,6.720000000000001,10.4675,3.7474999999999987,1.0987500000000026,16.088749999999997,False,False,OK
E12000002,North West,E07000128,Wyre,2023,6.04,6.720000000000001,10.4675,3.7474999999999987,1.0987500000000026,16.088749999999997,False,False,OK
E12000002,North West,E08000001,Bolton,2023,5.75,6.720000000000001,10.4675,3.7474999999999987,1.0987500000000026,16.088749999999997,False,False,OK
E12000002,North West,E08000002,Bury,2023,6.91,6.720000000000001,10.4675,3.7474999999999987,1.0987500000000026,16.088749999999997,False,False,OK
E12000002,North West,E08000003,Manchester,2023,7.4,6.720000000000001,10.4675,3.7474999999999987,1.0987500000000026,16.088749999999997,False,False,OK
E12000002,North West,E08000004,Oldham,2023,6.25,6.720000000000001,10.4675,3.7474999999999987,1.0987500000000026,16.088749999999997,False,False,OK
E12000002,North West,E08000005,Rochdale,2023,5.93,6.720000000000001,10.4675,3.7474999999999987,1.0987500000000026,16.088749999999997,False,False,OK
E12000002,North West,E08000006,Salford,2023,6.94,6.720000000000001,10.4675,3.7474999999999987,1.0987500000000026,16.088749999999997,False,False,OK
E12000002,North West,E08000007,Stockport,2023,8.02,6.720000000000001,10.4675,3.7474999999999987,1.0987500000000026,16.088749999999997,False,False,OK
E12000002,North West,E08000008,Tameside,2023,6.43,6.720000000000001,10.4675,3.7474999999999987,1.0987500000000026,16.088749999999997,False,False,OK
E12000002,North West,E08000009,Trafford,2023,8.94,6.720000000000001,10.4675,3.7474999999999987,1.0987500000000026,16.088749999999997,False,False,OK
E12000002,North West,E08000010,Wigan,2023,5.78,6.720000000000001,10.4675,3.7474999999999987,1.0987500000000026,16.088749999999997,False,False,OK
E12000002,North West,E08000011,Knowsley,2023,6.0,6.720000000000001,10.4675,3.7474999999999987,1.0987500000000026,16.088749999999997,False,False,OK
E12000002,North West,E08000012,Liverpool,2023,4.89,6.720000000000001,10.4675,3.7474999999999987,1.0987500000000026,16.088749999999997,False,False,OK
E12000002,North West,E08000013,St. Helens,2023,5.52,6.720000000000001,10.4675,3.7474999999999987,1.0987500000000026,16.088749999999997,False,False,OK
E12000002,North West,E08000014,Sefton,2023,6.36,6.720000000000001,10.4675,3.7474999999999987,1.0987500000000026,16.088749999999997,False,False,OK
E12000002,North West,E08000015,Wirral,2023,5.9,6.720000000000001,10.4675,3.7474999999999987,1.0987500000000026,16.088749999999997,False,False,OK
E12000003,Yorkshire and The Humber,E06000010,"Kingston upon Hull, City of",2023,4.53,6.720000000000001,10.4675,3.7474999999999987,1.0987500000000026,16.088749999999997,False,False,OK
E12000003,Yorkshire and The Humber,E06000011,East Riding of Yorkshire,2023,6.88,6.720000000000001,10.4675,3.7474999999999987,1.0987500000000026,16.088749999999997,False,False,OK
E12000003,Yorkshire and The Humber,E06000012,North East Lincolnshire,2023,5.01,6.720000000000001,10.4675,3.7474999999999987,1.0987500000000026,16.088749999999997,False,False,OK
E12000003,Yorkshire and The Humber,E06000013,North Lincolnshire,2023,5.58,6.720000000000001,10.4675,3.7474999999999987,1.0987500000000026,16.088749999999997,False,False,OK
E12000003,Yorkshire and The Humber,E06000014,York,2023,9.29,6.720000000000001,10.4675,3.7474999999999987,1.0987500000000026,16.088749999999997,False,False,OK
E12000003,Yorkshire and The Humber,E06000065,North Yorkshire,2023,8.16,6.720000000000001,10.4675,3.7474999999999987,1.0987500000000026,16.088749999999997,False,False,OK
E12000003,Yorkshire and The Humber,E08000017,Doncaster,2023,5.21,6.720000000000001,10.4675,3.7474999999999987,1.0987500000000026,16.088749999999997,False,False,OK
E12000003,Yorkshire and The Humber,E08000018,Rotherham,2023,5.66,6.720000000000001,10.4675,3.7474999999999987,1.0987500000000026,16.088749999999997,False,False,OK
E12000003,Yorkshire and The Humber,E08000032,Bradford,2023,5.31,6.720000000000001,10.4675,3.7474999999999987,1.0987500000000026,16.088749999999997,False,False,OK
E12000003,Yorkshire and The Humber,E08000033,Calderdale,2023,5.54,6.720000000000001,10.4675,3.7474999999999987,1.0987500000000026,16.088749999999997,False,False,OK
E12000003,Yorkshire and The Humber,E08000034,Kirklees,2023,5.87,6.720000000000001,10.4675,3.7474999999999987,1.0987500000000026,16.088749999999997,False,False,OK
E12000003,Yorkshire and The Humber,E08000035,Leeds,2023,6.93,6.720000000000001,10.4675,3.7474999999999987,1.0987500000000026,16.088749999999997,False,False,OK
E12000003,Yorkshire and The Humber,E08000036,Wakefield,2023,6.46,6.720000000000001,10.4675,3.7474999999999987,1.0987500000000026,16.088749999999997,False,False,OK
E12000003,Yorkshire and The Humber,E08000038,Barnsley,2023,5.31,6.720000000000001,10.4675,3.7474999999999987,1.0987500000000026,16.088749999999997,False,False,OK
E12000003,Yorkshire and The Humber,E08000039,Sheffield,2023,6.28,6.720000000000001,10.4675,3.7474999999999987,1.0987500000000026,16.088749999999997,False,False,OK
E12000004,East Midlands,E06000015,Derby,2023,6.0,6.720000000000001,10.4675,3.7474999999999987,1.0987500000000026,16.088749999999997,False,False,OK
E12000004,East Midlands,E06000016,Leicester,2023,8.23,6.720000000000001,10.4675,3.7474999999999987,1.0987500000000026,16.088749999999997,False,False,OK
E12000004,East Midlands,E06000017,Rutland,2023,9.13,6.720000000000001,10.4675,3.7474999999999987,1.0987500000000026,16.088749999999997,False,False,OK
E12000004,East Midlands,E06000018,Nottingham,2023,6.67,6.720000000000001,10.4675,3.7474999999999987,1.0987500000000026,16.088749999999997,False,False,OK
E12000004,East Midlands,E06000061,North Northamptonshire,2023,8.28,6.720000000000001,10.4675,3.7474999999999987,1.0987500000000026,16.088749999999997,False,False,OK
E12000004,East Midlands,E06000062,West Northamptonshire,2023,8.67,6.720000000000001,10.4675,3.7474999999999987,1.0987500000000026,16.088749999999997,False,False,OK
E12000004,East Midlands,E07000032,Amber Valley,2023,7.2,6.720000000000001,10.4675,3.7474999999999987,1.0987500000000026,16.088749999999997,False,False,OK
E12000004,East Midlands,E07000033,Bolsover,2023,6.69,6.720000000000001,10.4675,3.7474999999999987,1.0987500000000026,16.088749999999997,False,False,OK
E12000004,East Midlands,E07000034,Chesterfield,2023,6.37,6.720000000000001,10.4675,3.7474999999999987,1.0987500000000026,16.088749999999997,False,False,OK
E12000004,East Midlands,E07000035,Derbyshire Dales,2023,8.97,6.720000000000001,10.4675,3.7474999999999987,1.0987500000000026,16.088749999999997,False,False,OK
E12000004,East Midlands,E07000036,Erewash,2023,6.17,6.720000000000001,10.4675,3.7474999999999987,1.0987500000000026,16.088749999999997,False,False,OK
E12000004,East Midlands,E07000037,High Peak,2023,7.53,6.720000000000001,10.4675,3.7474999999999987,1.0987500000000026,16.088749999999997,False,False,OK
E12000004,East Midlands,E07000038,North East Derbyshire,2023,7.37,6.720000000000001,10.4675,3.7474999999999987,1.0987500000000026,16.088749999999997,False,False,OK
E12000004,East Midlands,E07000039,South Derbyshire,2023,6.9,6.720000000000001,10.4675,3.7474999999999987,1.0987500000000026,16.088749999999997,False,False,OK
E12000004,East Midlands,E07000129,Blaby,2023,8.12,6.720000000000001,10.4675,3.7474999999999987,1.0987500000000026,16.088749999999997,False,False,OK
E12000004,East Midlands,E07000130,Charnwood,2023,7.72,6.720000000000001,10.4675,3.7474999999999987,1.0987500000000026,16.088749999999997,False,False,OK
E12000004,East Midlands,E07000131,Harborough,2023,9.8,6.720000000000001,10.4675,3.7474999999999987,1.0987500000000026,16.088749999999997,False,False,OK
E12000004,East Midlands,E07000132,Hinckley and Bosworth,2023,7.54,6.720000000000001,10.4675,3.7474999999999987,1.0987500000000026,16.088749999999997,False,False,OK
E12000004,East Midlands,E07000133,Melton,2023,8.92,6.720000000000001,10.4675,3.7474999999999987,1.0987500000000026,16.088749999999997,False,False,OK
E12000004,East Midlands,E07000134,North West Leicestershire,2023,7.83,6.720000000000001,10.4675,3.7474999999999987,1.0987500000000026,16.088749999999997,False,False,OK
E12000004,East Midlands,E07000135,Oadby and Wigston,2023,8.84,6.720000000000001,10.4675,3.7474999999999987,1.0987500000000026,16.088749999999997,False,False,OK
E12000004,East Midlands,E07000136,Boston,2023,6.54,6.720000000000001,10.4675,3.7474999999999987,1.0987500000000026,16.088749999999997,False,False,OK
E12000004,East Midlands,E07000137,East Lindsey,2023,7.23,6.720000000000001,10.4675,3.7474999999999987,1.0987500000000026,16.088749999999997,False,False,OK
E12000004,East Midlands,E07000138,Lincoln,2023,5.73,6.720000000000001,10.4675,3.7474999999999987,1.0987500000000026,16.088749999999997,False,False,OK
E12000004,East Midlands,E07000139,North Kesteven,2023,7.25,6.720000000000001,10.4675,3.7474999999999987,1.0987500000000026,16.088749999999997,False,False,OK
E12000004,East Midlands,E07000140,South Holland,2023,7.18,6.720000000000001,10.4675,3.7474999999999987,1.0987500000000026,16.088749999999997,False,False,OK
E12000004,East Midlands,E07000141,South Kesteven,2023,8.08,6.720000000000001,10.4675,3.7474999999999987,1.0987500000000026,16.088749999999997,False,False,OK
E12000004,East Midlands,E07000142,West Lindsey,2023,6.73,6.720000000000001,10.4675,3.7474999999999987,1.0987500000000026,16.088749999999997,False,False,OK
E12000004,East Midlands,E07000170,Ashfield,2023,6.31,6.720000000000001,10.4675,3.7474999999999987,1.0987500000000026,16.088749999999997,False,False,OK
E12000004,East Midlands,E07000171,Bassetlaw,2023,6.49,6.720000000000001,10.4675,3.7474999999999987,1.0987500000000026,16.088749999999997,False,False,OK
E12000004,East Midlands,E07000172,Broxtowe,2023,7.17,6.720000000000001,10.4675,3.7474999999999987,1.0987500000000026,16.088749999999997,False,False,OK
E12000004,East Midlands,E07000173,Gedling,2023,7.19,6.720000000000001,10.4675,3.7474999999999987,1.0987500000000026,16.088749999999997,False,False,OK
E12000004,East Midlands,E07000174,Mansfield,2023,6.33,6.720000000000001,10.4675,3.7474999999999987,1.0987500000000026,16.088749999999997,False,False,OK
E12000004,East Midlands,E07000175,Newark and Sherwood,2023,7.0,6.720000000000001,10.4675,3.7474999999999987,1.0987500000000026,16.088749999999997,False,False,OK
E12000004,East Midlands,E07000176,Rushcliffe,2023,8.6,6.720000000000001,10.4675,3.7474999999999987,1.0987500000000026,16.088749999999997,False,False,OK
E12000005,West Midlands,E06000019,"Herefordshire, County of",2023,9.37,6.720000000000001,10.4675,3.7474999999999987,1.0987500000000026,16.088749999999997,False,False,OK
E12000005,West Midlands,E06000020,Telford and Wrekin,2023,6.94,6.720000000000001,10.4675,3.7474999999999987,1.0987500000000026,16.088749999999997,False,False,OK
E12000005,West Midlands,E06000021,Stoke-on-Trent,2023,4.72,6.720000000000001,10.4675,3.7474999999999987,1.0987500000000026,16.088749999999997,False,False,OK
E12000005,West Midlands,E06000051,Shropshire,2023,7.87,6.720000000000001,10.4675,3.7474999999999987,1.0987500000000026,16.088749999999997,False,False,OK
E12000005,West Midlands,E07000192,Cannock Chase,2023,7.52,6.720000000000001,10.4675,3.7474999999999987,1.0987500000000026,16.088749999999997,False,False,OK
E12000005,West Midlands,E07000193,East Staffordshire,2023,7.22,6.720000000000001,10.4675,3.7474999999999987,1.0987500000000026,16.088749999999997,False,False,OK
E12000005,West Midlands,E07000194,Lichfield,2023,7.65,6.720000000000001,10.4675,3.7474999999999987,1.0987500000000026,16.088749999999997,False,False,OK
E12000005,West Midlands,E07000195,Newcastle-under-Lyme,2023,5.59,6.720000000000001,10.4675,3.7474999999999987,1.0987500000000026,16.088749999999997,False,False,OK
E12000005,West Midlands,E07000196,South Staffordshire,2023,7.47,6.720000000000001,10.4675,3.7474999999999987,1.0987500000000026,16.088749999999997,False,False,OK
E12000005,West Midlands,E07000197,Stafford,2023,6.69,6.720000000000001,10.4675,3.7474999999999987,1.0987500000000026,16.088749999999997,False,False,OK
E12000005,West Midlands,E07000198,Staffordshire Moorlands,2023,5.81,6.720000000000001,10.4675,3.7474999999999987,1.0987500000000026,16.088749999999997,False,False,OK
E12000005,West Midlands,E07000199,Tamworth,2023,7.1,6.720000000000001,10.4675,3.7474999999999987,1.0987500000000026,16.088749999999997,False,False,OK
E12000005,West Midlands,E07000218,North Warwickshire,2023,6.77,6.720000000000001,10.4675,3.7474999999999987,1.0987500000000026,16.088749999999997,False,False,OK
E12000005,West Midlands,E07000219,Nuneaton and Bedworth,2023,7.84,6.720000000000001,10.4675,3.7474999999999987,1.0987500000000026,16.088749999999997,False,False,OK
E12000005,West Midlands,E07000220,Rugby,2023,7.94,6.720000000000001,10.4675,3.7474999999999987,1.0987500000000026,16.088749999999997,False,False,OK
E12000005,West Midlands,E07000221,Stratford-on-Avon,2023,10.2,6.720000000000001,10.4675,3.7474999999999987,1.0987500000000026,16.088749999999997,False,False,OK
E12000005,West Midlands,E07000222,Warwick,2023,8.73,6.720000000000001,10.4675,3.7474999999999987,1.0987500000000026,16.088749999999997,False,False,OK
E12000005,West Midlands,E07000234,Bromsgrove,2023,8.91,6.720000000000001,10.4675,3.7474999999999987,1.0987500000000026,16.088749999999997,False,False,OK
E12000005,West Midlands,E07000235,Malvern Hills,2023,8.87,6.720000000000001,10.4675,3.7474999999999987,1.0987500000000026,16.088749999999997,False,False,OK
E12000005,West Midlands,E07000236,Redditch,2023,8.0,6.720000000000001,10.4675,3.7474999999999987,1.0987500000000026,16.088749999999997,False,False,OK
E12000005,West Midlands,E07000237,Worcester,2023,6.93,6.720000000000001,10.4675,3.7474999999999987,1.0987500000000026,16.088749999999997,False,False,OK
E12000005,West Midlands,E07000238,Wychavon,2023,9.7,6.720000000000001,10.4675,3.7474999999999987,1.0987500000000026,16.088749999999997,False,False,OK
E12000005,West Midlands,E07000239,Wyre Forest,2023,8.04,6.720000000000001,10.4675,3.7474999999999987,1.0987500000000026,16.088749999999997,False,False,OK
E12000005,West Midlands,E08000025,Birmingham,2023,7.1,6.720000000000001,10.4675,3.7474999999999987,1.0987500000000026,16.088749999999997,False,False,OK
E12000005,West Midlands,E08000026,Coventry,2023,6.36,6.720000000000001,10.4675,3.7474999999999987,1.0987500000000026,16.088749999999997,False,False,OK
E12000005,West Midlands,E08000027,Dudley,2023,6.96,6.720000000000001,10.4675,3.7474999999999987,1.0987500000000026,16.088749999999997,False,False,OK
E12000005,West Midlands,E08000028,Sandwell,2023,6.89,6.720000000000001,10.4675,3.7474999999999987,1.0987500000000026,16.088749999999997,False,False,OK
E12000005,West Midlands,E08000029,Solihull,2023,8.48,6.720000000000001,10.4675,3.7474999999999987,1.0987500000000026,16.088749999999997,False,False,OK
E12000005,West Midlands,E08000030,Walsall,2023,6.82,6.720000000000001,10.4675,3.7474999999999987,1.0987500000000026,16.088749999999997,False,False,OK
E12000005,West Midlands,E08000031,Wolverhampton,2023,6.53,6.720000000000001,10.4675,3.7474999999999987,1.0987500000000026,16.088749999999997,False,False,OK
E12000006,East of England,E06000031,Peterborough,2023,7.4,6.720000000000001,10.4675,3.7474999999999987,1.0987500000000026,16.088749999999997,False,False,OK
E12000006,East of England,E06000032,Luton,2023,9.41,6.720000000000001,10.4675,3.7474999999999987,1.0987500000000026,16.088749999999997,False,False,OK
E12000006,East of England,E06000033,Southend-on-Sea,2023,8.37,6.720000000000001,10.4675,3.7474999999999987,1.0987500000000026,16.088749999999997,False,False,OK
E12000006,East of England,E06000034,Thurrock,2023,9.2,6.720000000000001,10.4675,3.7474999999999987,1.0987500000000026,16.088749999999997,False,False,OK
E12000006,East of England,E06000055,Bedford,2023,9.74,6.720000000000001,10.4675,3.7474999999999987,1.0987500000000026,16.088749999999997,False,False,OK
E12000006,East of England,E06000056,Central Bedfordshire,2023,9.08,6.720000000000001,10.4675,3.7474999999999987,1.0987500000000026,16.088749999999997,False,False,OK
E12000006,East of England,E07000008,Cambridge,2023,11.71,6.720000000000001,10.4675,3.7474999999999987,1.0987500000000026,16.088749999999997,False,False,OK
E12000006,East of England,E07000009,East Cambridgeshire,2023,9.66,6.720000000000001,10.4675,3.7474999999999987,1.0987500000000026,16.088749999999997,False,False,OK
E12000006,East of England,E07000010,Fenland,2023,6.94,6.720000000000001,10.4675,3.7474999999999987,1.0987500000000026,16.088749999999997,False,False,OK
E12000006,East of England,E07000011,Huntingdonshire,2023,9.32,6.720000000000001,10.4675,3.7474999999999987,1.0987500000000026,16.088749999999997,False,False,OK
E12000006,East of England,E07000012,South Cambridgeshire,2023,10.26,6.720000000000001,10.4675,3.7474999999999987,1.0987500000000026,16.088749999999997,False,False,OK
E12000006,East of England,E07000066,Basildon,2023,9.71,6.720000000000001,10.4675,3.7474999999999987,1.0987500000000026,16.088749999999997,False,False,OK
E12000006,East of England,E07000067,Braintree,2023,9.52,6.720000000000001,10.4675,3.7474999999999987,1.0987500000000026,16.088749999999997,False,False,OK
E12000006,East of England,E07000068,Brentwood,2023,9.41,6.720000000000001,10.4675,3.7474999999999987,1.0987500000000026,16.088749999999997,False,False,OK
E12000006,East of England,E07000069,Castle Point,2023,10.75,6.720000000000001,10.4675,3.7474999999999987,1.0987500000000026,16.088749999999997,False,False,OK
E12000006,East of England,E07000070,Chelmsford,2023,10.8,6.720000000000001,10.4675,3.7474999999999987,1.0987500000000026,16.088749999999997,False,False,OK
E12000006,East of England,E07000071,Colchester,2023,9.1,6.720000000000001,10.4675,3.7474999999999987,1.0987500000000026,16.088749999999997,False,False,OK
E12000006,East of England,E07000072,Epping Forest,2023,11.29,6.720000000000001,10.4675,3.7474999999999987,1.0987500000000026,16.088749999999997,False,False,OK
E12000006,East of England,E07000073,Harlow,2023,10.12,6.720000000000001,10.4675,3.7474999999999987,1.0987500000000026,16.088749999999997,False,False,OK
E12000006,East of England,E07000074,Maldon,2023,11.48,6.720000000000001,10.4675,3.7474999999999987,1.0987500000000026,16.088749999999997,False,False,OK
E12000006,East of England,E07000075,Rochford,2023,9.3,6.720000000000001,10.4675,3.7474999999999987,1.0987500000000026,16.088749999999997,False,False,OK
E12000006,East of England,E07000076,Tendring,2023,8.84,6.720000000000001,10.4675,3.7474999999999987,1.0987500000000026,16.088749999999997,False,False,OK
E12000006,East of England,E07000077,Uttlesford,2023,11.29,6.720000000000001,10.4675,3.7474999999999987,1.0987500000000026,16.088749999999997,False,False,OK
E12000006,East of England,E07000095,Broxbourne,2023,11.38,6.720000000000001,10.4675,3.7474999999999987,1.0987500000000026,16.088749999999997,False,False,OK
E12000006,East of England,E07000096,Dacorum,2023,11.14,6.720000000000001,10.4675,3.7474999999999987,1.0987500000000026,16.088749999999997,False,False,OK
E12000006,East of England,E07000098,Hertsmere,2023,14.73,6.720000000000001,10.4675,3.7474999999999987,1.0987500000000026,16.088749999999997,False,False,OK
E12000006,East of England,E07000099,North Hertfordshire,2023,9.34,6.720000000000001,10.4675,3.7474999999999987,1.0987500000000026,16.088749999999997,False,False,OK
E12000006,East of England,E07000102,Three Rivers,2023,13.19,6.720000000000001,10.4675,3.7474999999999987,1.0987500000000026,16.088749999999997,False,False,OK
E12000006,East of England,E07000103,Watford,2023,10.07,6.720000000000001,10.4675,3.7474999999999987,1.0987500000000026,16.088749999999997,False,False,OK
E12000006,East of England,E07000143,Breckland,2023,8.77,6.720000000000001,10.4675,3.7474999999999987,1.0987500000000026,16.088749999999997,False,False,OK
E12000006,East of England,E07000144,Broadland,2023,9.28,6.720000000000001,10.4675,3.7474999999999987,1.0987500000000026,16.088749999999997,False,False,OK
E12000006,East of England,E07000145,Great Yarmouth,2023,7.19,6.720000000000001,10.4675,3.7474999999999987,1.0987500000000026,16.088749999999997,False,False,OK
E12000006,East of England,E07000146,King's Lynn and West Norfolk,2023,8.46,6.720000000000001,10.4675,3.7474999999999987,1.0987500000000026,16.088749999999997,False,False,OK
E12000006,East of England,E07000147,North Norfolk,2023,10.71,6.720000000000001,10.4675,3.7474999999999987,1.0987500000000026,16.088749999999997,False,False,OK
E12000006,East of England,E07000148,Norwich,2023,7.04,6.720000000000001,10.4675,3.7474999999999987,1.0987500000000026,16.088749999999997,False,False,OK
E12000006,East of England,E07000149,South Norfolk,2023,9.01,6.720000000000001,10.4675,3.7474999999999987,1.0987500000000026,16.088749999999997,False,False,OK
E12000006,East of England,E07000200,Babergh,2023,11.1,6.720000000000001,10.4675,3.7474999999999987,1.0987500000000026,16.088749999999997,False,False,OK
E12000006,East of England,E07000202,Ipswich,2023,7.38,6.720000000000001,10.4675,3.7474999999999987,1.0987500000000026,16.088749999999997,False,False,OK
E12000006,East of England,E07000203,Mid Suffolk,2023,9.52,6.720000000000001,10.4675,3.7474999999999987,1.0987500000000026,16.088749999999997,False,False,OK
E12000006,East of England,E07000240,St Albans,2023,13.52,6.720000000000001,10.4675,3.7474999999999987,1.0987500000000026,16.088749999999997,False,False,OK
E12000006,East of England,E07000241,Welwyn Hatfield,2023,10.98,6.720000000000001,10.4675,3.7474999999999987,1.0987500000000026,16.088749999999997,False,False,OK
E12000006,East of England,E07000242,East Hertfordshire,2023,9.95,6.720000000000001,10.4675,3.7474999999999987,1.0987500000000026,16.088749999999997,False,False,OK
E12000006,East of England,E07000243,Stevenage,2023,9.95,6.720000000000001,10.4675,3.7474999999999987,1.0987500000000026,16.088749999999997,False,False,OK
E12000006,East of England,E07000244,East Suffolk,2023,8.66,6.720000000000001,10.4675,3.7474999999999987,1.0987500000000026,16.088749999999997,False,False,OK
E12000006,East of England,E07000245,West Suffolk,2023,8.64,6.720000000000001,10.4675,3.7474999999999987,1.0987500000000026,16.088749999999997,False,False,OK
E12000007,London,E09000001,City of London,2023,,6.720000000000001,10.4675,3.7474999999999987,1.0987500000000026,16.088749999999997,False,True,Missing ratio value
E12000007,London,E09000002,Barking and Dagenham,2023,10.83,6.720000000000001,10.4675,3.7474999999999987,1.0987500000000026,16.088749999999997,False,False,OK
E12000007,London,E09000003,Barnet,2023,13.39,6.720000000000001,10.4675,3.7474999999999987,1.0987500000000026,16.088749999999997,False,False,OK
E12000007,London,E09000004,Bexley,2023,9.74,6.720000000000001,10.4675,3.7474999999999987,1.0987500000000026,16.088749999999997,False,False,OK
E12000007,London,E09000005,Brent,2023,14.56,6.720000000000001,10.4675,3.7474999999999987,1.0987500000000026,16.088749999999997,False,False,OK
E12000007,London,E09000006,Bromley,2023,10.82,6.720000000000001,10.4675,3.7474999999999987,1.0987500000000026,16.088749999999997,False,False,OK
E12000007,London,E09000007,Camden,2023,17.99,6.720000000000001,10.4675,3.7474999999999987,1.0987500000000026,16.088749999999997,True,False,Statistical outlier
E12000007,London,E09000008,Croydon,2023,10.19,6.720000000000001,10.4675,3.7474999999999987,1.0987500000000026,16.088749999999997,False,False,OK
E12000007,London,E09000009,Ealing,2023,13.49,6.720000000000001,10.4675,3.7474999999999987,1.0987500000000026,16.088749999999997,False,False,OK
E12000007,London,E09000010,Enfield,2023,11.8,6.720000000000001,10.4675,3.7474999999999987,1.0987500000000026,16.088749999999997,False,False,OK
E12000007,London,E09000011,Greenwich,2023,11.62,6.720000000000001,10.4675,3.7474999999999987,1.0987500000000026,16.088749999999997,False,False,OK
E12000007,London,E09000012,Hackney,2023,14.04,6.720000000000001,10.4675,3.7474999999999987,1.0987500000000026,16.088749999999997,False,False,OK
E12000007,London,E09000013,Hammersmith and Fulham,2023,17.82,6.720000000000001,10.4675,3.7474999999999987,1.0987500000000026,16.088749999999997,True,False,Statistical outlier
E12000007,London,E09000014,Haringey,2023,13.88,6.720000000000001,10.4675,3.7474999999999987,1.0987500000000026,16.088749999999997,False,False,OK
E12000007,London,E09000015,Harrow,2023,12.9,6.720000000000001,10.4675,3.7474999999999987,1.0987500000000026,16.088749999999997,False,False,OK
E12000007,London,E09000016,Havering,2023,10.59,6.720000000000001,10.4675,3.7474999999999987,1.0987500000000026,16.088749999999997,False,False,OK
E12000007,London,E09000017,Hillingdon,2023,11.36,6.720000000000001,10.4675,3.7474999999999987,1.0987500000000026,16.088749999999997,False,False,OK
E12000007,London,E09000018,Hounslow,2023,12.36,6.720000000000001,10.4675,3.7474999999999987,1.0987500000000026,16.088749999999997,False,False,OK
E12000007,London,E09000019,Islington,2023,14.99,6.720000000000001,10.4675,3.7474999999999987,1.0987500000000026,16.088749999999997,False,False,OK
E12000007,London,E09000020,Kensington and Chelsea,2023,24.94,6.720000000000001,10.4675,3.7474999999999987,1.0987500000000026,16.088749999999997,True,False,Statistical outlier
E12000007,London,E09000021,Kingston upon Thames,2023,12.09,6.720000000000001,10.4675,3.7474999999999987,1.0987500000000026,16.088749999999997,False,False,OK
E12000007,London,E09000022,Lambeth,2023,12.67,6.720000000000001,10.4675,3.7474999999999987,1.0987500000000026,16.088749999999997,False,False,OK
E12000007,London,E09000023,Lewisham,2023,11.35,6.720000000000001,10.4675,3.7474999999999987,1.0987500000000026,16.088749999999997,False,False,OK
E12000007,London,E09000024,Merton,2023,13.47,6.720000000000001,10.4675,3.7474999999999987,1.0987500000000026,16.088749999999997,False,False,OK
E12000007,London,E09000025,Newham,2023,11.5,6.720000000000001,10.4675,3.7474999999999987,1.0987500000000026,16.088749999999997,False,False,OK
E12000007,London,E09000026,Redbridge,2023,12.24,6.720000000000001,10.4675,3.7474999999999987,1.0987500000000026,16.088749999999997,False,False,OK
E12000007,London,E09000027,Richmond upon Thames,2023,15.17,6.720000000000001,10.4675,3.7474999999999987,1.0987500000000026,16.088749999999997,False,False,OK
E12000007,London,E09000028,Southwark,2023,12.45,6.720000000000001,10.4675,3.7474999999999987,1.0987500000000026,16.088749999999997,False,False,OK
E12000007,London,E09000029,Sutton,2023,10.91,6.720000000000001,10.4675,3.7474999999999987,1.0987500000000026,16.088749999999997,False,False,OK
E12000007,London,E09000030,Tower Hamlets,2023,11.22,6.720000000000001,10.4675,3.7474999999999987,1.0987500000000026,16.088749999999997,False,False,OK
E12000007,London,E09000031,Waltham Forest,2023,13.21,6.720000000000001,10.4675,3.7474999999999987,1.0987500000000026,16.088749999999997,False,False,OK
E12000007,London,E09000032,Wandsworth,2023,13.47,6.720000000000001,10.4675,3.7474999999999987,1.0987500000000026,16.088749999999997,False,False,OK
E12000007,London,E09000033,Westminster,2023,21.1,6.720000000000001,10.4675,3.7474999999999987,1.0987500000000026,16.088749999999997,True,False,Statistical outlier
E12000008,South East,E06000035,Medway,2023,8.6,6.720000000000001,10.4675,3.7474999999999987,1.0987500000000026,16.088749999999997,False,False,OK
E12000008,South East,E06000036,Bracknell Forest,2023,10.44,6.720000000000001,10.4675,3.7474999999999987,1.0987500000000026,16.088749999999997,False,False,OK
E12000008,South East,E06000037,West Berkshire,2023,10.17,6.720000000000001,10.4675,3.7474999999999987,1.0987500000000026,16.088749999999997,False,False,OK
E12000008,South East,E06000038,Reading,2023,9.58,6.720000000000001,10.4675,3.7474999999999987,1.0987500000000026,16.088749999999997,False,False,OK
E12000008,South East,E06000039,Slough,2023,10.55,6.720000000000001,10.4675,3.7474999999999987,1.0987500000000026,16.088749999999997,False,False,OK
E12000008,South East,E06000040,Windsor and Maidenhead,2023,12.23,6.720000000000001,10.4675,3.7474999999999987,1.0987500000000026,16.088749999999997,False,False,OK
E12000008,South East,E06000041,Wokingham,2023,10.69,6.720000000000001,10.4675,3.7474999999999987,1.0987500000000026,16.088749999999997,False,False,OK
E12000008,South East,E06000042,Milton Keynes,2023,9.89,6.720000000000001,10.4675,3.7474999999999987,1.0987500000000026,16.088749999999997,False,False,OK
E12000008,South East,E06000043,Brighton and Hove,2023,12.1,6.720000000000001,10.4675,3.7474999999999987,1.0987500000000026,16.088749999999997,False,False,OK
E12000008,South East,E06000044,Portsmouth,2023,7.94,6.720000000000001,10.4675,3.7474999999999987,1.0987500000000026,16.088749999999997,False,False,OK
E12000008,South East,E06000045,Southampton,2023,7.54,6.720000000000001,10.4675,3.7474999999999987,1.0987500000000026,16.088749999999997,False,False,OK
E12000008,South East,E06000046,Isle of Wight,2023,9.04,6.720000000000001,10.4675,3.7474999999999987,1.0987500000000026,16.088749999999997,False,False,OK
E12000008,South East,E06000060,Buckinghamshire,2023,11.39,6.720000000000001,10.4675,3.7474999999999987,1.0987500000000026,16.088749999999997,False,False,OK
E12000008,South East,E07000061,Eastbourne,2023,7.92,6.720000000000001,10.4675,3.7474999999999987,1.0987500000000026,16.088749999999997,False,False,OK
E12000008,South East,E07000062,Hastings,2023,9.08,6.720000000000001,10.4675,3.7474999999999987,1.0987500000000026,16.088749999999997,False,False,OK
E12000008,South East,E07000063,Lewes,2023,11.85,6.720000000000001,10.4675,3.7474999999999987,1.0987500000000026,16.088749999999997,False,False,OK
E12000008,South East,E07000064,Rother,2023,11.36,6.720000000000001,10.4675,3.7474999999999987,1.0987500000000026,16.088749999999997,False,False,OK
E12000008,South East,E07000065,Wealden,2023,11.07,6.720000000000001,10.4675,3.7474999999999987,1.0987500000000026,16.088749999999997,False,False,OK
E12000008,South East,E07000084,Basingstoke and Deane,2023,9.03,6.720000000000001,10.4675,3.7474999999999987,1.0987500000000026,16.088749999999997,False,False,OK
E12000008,South East,E07000085,East Hampshire,2023,11.43,6.720000000000001,10.4675,3.7474999999999987,1.0987500000000026,16.088749999999997,False,False,OK
E12000008,South East,E07000086,Eastleigh,2023,9.21,6.720000000000001,10.4675,3.7474999999999987,1.0987500000000026,16.088749999999997,False,False,OK
E12000008,South East,E07000087,Fareham,2023,8.78,6.720000000000001,10.4675,3.7474999999999987,1.0987500000000026,16.088749999999997,False,False,OK
E12000008,South East,E07000088,Gosport,2023,7.87,6.720000000000001,10.4675,3.7474999999999987,1.0987500000000026,16.088749999999997,False,False,OK
E12000008,South East,E07000089,Hart,2023,10.43,6.720000000000001,10.4675,3.7474999999999987,1.0987500000000026,16.088749999999997,False,False,OK
E12000008,South East,E07000090,Havant,2023,10.12,6.720000000000001,10.4675,3.7474999999999987,1.0987500000000026,16.088749999999997,False,False,OK
E12000008,South East,E07000091,New Forest,2023,10.6,6.720000000000001,10.4675,3.7474999999999987,1.0987500000000026,16.088749999999997,False,False,OK
E12000008,South East,E07000092,Rushmoor,2023,9.97,6.720000000000001,10.4675,3.7474999999999987,1.0987500000000026,16.088749999999997,False,False,OK
E12000008,South East,E07000093,Test Valley,2023,9.67,6.720000000000001,10.4675,3.7474999999999987,1.0987500000000026,16.088749999999997,False,False,OK
E12000008,South East,E07000094,Winchester,2023,11.32,6.720000000000001,10.4675,3.7474999999999987,1.0987500000000026,16.088749999999997,False,False,OK
E12000008,South East,E07000105,Ashford,2023,10.95,6.720000000000001,10.4675,3.7474999999999987,1.0987500000000026,16.088749999999997,False,False,OK
E12000008,South East,E07000106,Canterbury,2023,10.34,6.720000000000001,10.4675,3.7474999999999987,1.0987500000000026,16.088749999999997,False,False,OK
E12000008,South East,E07000107,Dartford,2023,9.42,6.720000000000001,10.4675,3.7474999999999987,1.0987500000000026,16.088749999999997,False,False,OK
E12000008,South East,E07000108,Dover,2023,9.2,6.720000000000001,10.4675,3.7474999999999987,1.0987500000000026,16.088749999999997,False,False,OK
E12000008,South East,E07000109,Gravesham,2023,8.9,6.720000000000001,10.4675,3.7474999999999987,1.0987500000000026,16.088749999999997,False,False,OK
E12000008,South East,E07000110,Maidstone,2023,10.66,6.720000000000001,10.4675,3.7474999999999987,1.0987500000000026,16.088749999999997,False,False,OK
E12000008,South East,E07000111,Sevenoaks,2023,11.39,6.720000000000001,10.4675,3.7474999999999987,1.0987500000000026,16.088749999999997,False,False,OK
E12000008,South East,E07000112,Folkestone and Hythe,2023,9.15,6.720000000000001,10.4675,3.7474999999999987,1.0987500000000026,16.088749999999997,False,False,OK
E12000008,South East,E07000113,Swale,2023,8.23,6.720000000000001,10.4675,3.7474999999999987,1.0987500000000026,16.088749999999997,False,False,OK
E12000008,South East,E07000114,Thanet,2023,9.43,6.720000000000001,10.4675,3.7474999999999987,1.0987500000000026,16.088749999999997,False,False,OK
E12000008,South East,E07000115,Tonbridge and Malling,2023,10.26,6.720000000000001,10.4675,3.7474999999999987,1.0987500000000026,16.088749999999997,False,False,OK
E12000008,South East,E07000116,Tunbridge Wells,2023,12.36,6.720000000000001,10.4675,3.7474999999999987,1.0987500000000026,16.088749999999997,False,False,OK
E12000008,South East,E07000177,Cherwell,2023,9.89,6.720000000000001,10.4675,3.7474999999999987,1.0987500000000026,16.088749999999997,False,False,OK
E12000008,South East,E07000178,Oxford,2023,12.17,6.720000000000001,10.4675,3.7474999999999987,1.0987500000000026,16.088749999999997,False,False,OK
E12000008,South East,E07000179,South Oxfordshire,2023,10.64,6.720000000000001,10.4675,3.7474999999999987,1.0987500000000026,16.088749999999997,False,False,OK
E12000008,South East,E07000180,Vale of White Horse,2023,10.33,6.720000000000001,10.4675,3.7474999999999987,1.0987500000000026,16.088749999999997,False,False,OK
E12000008,South East,E07000181,West Oxfordshire,2023,10.93,6.720000000000001,10.4675,3.7474999999999987,1.0987500000000026,16.088749999999997,False,False,OK
E12000008,South East,E07000207,Elmbridge,2023,13.61,6.720000000000001,10.4675,3.7474999999999987,1.0987500000000026,16.088749999999997,False,False,OK
E12000008,South East,E07000208,Epsom and Ewell,2023,12.09,6.720000000000001,10.4675,3.7474999999999987,1.0987500000000026,16.088749999999997,False,False,OK
E12000008,South East,E07000209,Guildford,2023,12.63,6.720000000000001,10.4675,3.7474999999999987,1.0987500000000026,16.088749999999997,False,False,OK
E12000008,South East,E07000210,Mole Valley,2023,14.34,6.720000000000001,10.4675,3.7474999999999987,1.0987500000000026,16.088749999999997,False,False,OK
E12000008,South East,E07000211,Reigate and Banstead,2023,11.03,6.720000000000001,10.4675,3.7474999999999987,1.0987500000000026,16.088749999999997,False,False,OK
E12000008,South East,E07000212,Runnymede,2023,10.17,6.720000000000001,10.4675,3.7474999999999987,1.0987500000000026,16.088749999999997,False,False,OK
E12000008,South East,E07000213,Spelthorne,2023,10.91,6.720000000000001,10.4675,3.7474999999999987,1.0987500000000026,16.088749999999997,False,False,OK
E12000008,South East,E07000214,Surrey Heath,2023,10.42,6.720000000000001,10.4675,3.7474999999999987,1.0987500000000026,16.088749999999997,False,False,OK
E12000008,South East,E07000215,Tandridge,2023,12.0,6.720000000000001,10.4675,3.7474999999999987,1.0987500000000026,16.088749999999997,False,False,OK
E12000008,South East,E07000216,Waverley,2023,12.34,6.720000000000001,10.4675,3.7474999999999987,1.0987500000000026,16.088749999999997,False,False,OK
E12000008,South East,E07000217,Woking,2023,10.96,6.720000000000001,10.4675,3.7474999999999987,1.0987500000000026,16.088749999999997,False,False,OK
E12000008,South East,E07000223,Adur,2023,11.62,6.720000000000001,10.4675,3.7474999999999987,1.0987500000000026,16.088749999999997,False,False,OK
E12000008,South East,E07000224,Arun,2023,12.45,6.720000000000001,10.4675,3.7474999999999987,1.0987500000000026,16.088749999999997,False,False,OK
E12000008,South East,E07000225,Chichester,2023,12.25,6.720000000000001,10.4675,3.7474999999999987,1.0987500000000026,16.088749999999997,False,False,OK
E12000008,South East,E07000226,Crawley,2023,9.95,6.720000000000001,10.4675,3.7474999999999987,1.0987500000000026,16.088749999999997,False,False,OK
E12000008,South East,E07000227,Horsham,2023,11.99,6.720000000000001,10.4675,3.7474999999999987,1.0987500000000026,16.088749999999997,False,False,OK
E12000008,South East,E07000228,Mid Sussex,2023,11.11,6.720000000000001,10.4675,3.7474999999999987,1.0987500000000026,16.088749999999997,False,False,OK
E12000008,South East,E07000229,Worthing,2023,10.38,6.720000000000001,10.4675,3.7474999999999987,1.0987500000000026,16.088749999999997,False,False,OK
E12000009,South West,E06000022,Bath and North East Somerset,2023,10.21,6.720000000000001,10.4675,3.7474999999999987,1.0987500000000026,16.088749999999997,False,False,OK
E12000009,South West,E06000023,"Bristol, City of",2023,9.48,6.720000000000001,10.4675,3.7474999999999987,1.0987500000000026,16.088749999999997,False,False,OK
E12000009,South West,E06000024,North Somerset,2023,8.91,6.720000000000001,10.4675,3.7474999999999987,1.0987500000000026,16.088749999999997,False,False,OK
E12000009,South West,E06000025,South Gloucestershire,2023,9.29,6.720000000000001,10.4675,3.7474999999999987,1.0987500000000026,16.088749999999997,False,False,OK
E12000009,South West,E06000026,Plymouth,2023,6.69,6.720000000000001,10.4675,3.7474999999999987,1.0987500000000026,16.088749999999997,False,False,OK
E12000009,South West,E06000027,Torbay,2023,8.68,6.720000000000001,10.4675,3.7474999999999987,1.0987500000000026,16.088749999999997,False,False,OK
E12000009,South West,E06000030,Swindon,2023,7.73,6.720000000000001,10.4675,3.7474999999999987,1.0987500000000026,16.088749999999997,False,False,OK
E12000009,South West,E06000052,Cornwall,2023,9.17,6.720000000000001,10.4675,3.7474999999999987,1.0987500000000026,16.088749999999997,False,False,OK
E12000009,South West,E06000053,Isles of Scilly,2023,,6.720000000000001,10.4675,3.7474999999999987,1.0987500000000026,16.088749999999997,False,True,Missing ratio value
E12000009,South West,E06000054,Wiltshire,2023,9.22,6.720000000000001,10.4675,3.7474999999999987,1.0987500000000026,16.088749999999997,False,False,OK
E12000009,South West,E06000058,"Bournemouth, Christchurch and Poole",2023,10.1,6.720000000000001,10.4675,3.7474999999999987,1.0987500000000026,16.088749999999997,False,False,OK
E12000009,South West,E06000059,Dorset,2023,10.35,6.720000000000001,10.4675,3.7474999999999987,1.0987500000000026,16.088749999999997,False,False,OK
E12000009,South West,E06000066,Somerset,2023,8.78,6.720000000000001,10.4675,3.7474999999999987,1.0987500000000026,16.088749999999997,False,False,OK
E12000009,South West,E07000040,East Devon,2023,9.95,6.720000000000001,10.4675,3.7474999999999987,1.0987500000000026,16.088749999999997,False,False,OK
E12000009,South West,E07000041,Exeter,2023,10.0,6.720000000000001,10.4675,3.7474999999999987,1.0987500000000026,16.088749999999997,False,False,OK
E12000009,South West,E07000042,Mid Devon,2023,9.16,6.720000000000001,10.4675,3.7474999999999987,1.0987500000000026,16.088749999999997,False,False,OK
E12000009,South West,E07000043,North Devon,2023,10.06,6.720000000000001,10.4675,3.7474999999999987,1.0987500000000026,16.088749999999997,False,False,OK
E12000009,South West,E07000044,South Hams,2023,11.38,6.720000000000001,10.4675,3.7474999999999987,1.0987500000000026,16.088749999999997,False,False,OK
E12000009,South West,E07000045,Teignbridge,2023,10.61,6.720000000000001,10.4675,3.7474999999999987,1.0987500000000026,16.088749999999997,False,False,OK
E12000009,South West,E07000046,Torridge,2023,10.13,6.720000000000001,10.4675,3.7474999999999987,1.0987500000000026,16.088749999999997,False,False,OK
E12000009,South West,E07000047,West Devon,2023,10.01,6.720000000000001,10.4675,3.7474999999999987,1.0987500000000026,16.088749999999997,False,False,OK
E12000009,South West,E07000078,Cheltenham,2023,8.88,6.720000000000001,10.4675,3.7474999999999987,1.0987500000000026,16.088749999999997,False,False,OK
E12000009,South West,E07000079,Cotswold,2023,12.59,6.720000000000001,10.4675,3.7474999999999987,1.0987500000000026,16.088749999999997,False,False,OK
E12000009,South West,E07000080,Forest of Dean,2023,7.68,6.720000000000001,10.4675,3.7474999999999987,1.0987500000000026,16.088749999999997,False,False,OK
E12000009,South West,E07000081,Gloucester,2023,8.01,6.720000000000001,10.4675,3.7474999999999987,1.0987500000000026,16.088749999999997,False,False,OK
E12000009,South West,E07000082,Stroud,2023,9.78,6.720000000000001,10.4675,3.7474999999999987,1.0987500000000026,16.088749999999997,False,False,OK
E12000009,South West,E07000083,Tewkesbury,2023,9.42,6.720000000000001,10.4675,3.7474999999999987,1.0987500000000026,16.088749999999997,False,False,OK
W92000004,Wales,W06000001,Isle of Anglesey,2023,6.79,6.720000000000001,10.4675,3.7474999999999987,1.0987500000000026,16.088749999999997,False,False,OK
W92000004,Wales,W06000002,Gwynedd,2023,6.0,6.720000000000001,10.4675,3.7474999999999987,1.0987500000000026,16.088749999999997,False,False,OK
W92000004,Wales,W06000003,Conwy,2023,6.41,6.720000000000001,10.4675,3.7474999999999987,1.0987500000000026,16.088749999999997,False,False,OK
W92000004,Wales,W06000004,Denbighshire,2023,6.41,6.720000000000001,10.4675,3.7474999999999987,1.0987500000000026,16.088749999999997,False,False,OK
W92000004,Wales,W06000005,Flintshire,2023,5.79,6.720000000000001,10.4675,3.7474999999999987,1.0987500000000026,16.088749999999997,False,False,OK
W92000004,Wales,W06000006,Wrexham,2023,5.78,6.720000000000001,10.4675,3.7474999999999987,1.0987500000000026,16.088749999999997,False,False,OK
W92000004,Wales,W06000008,Ceredigion,2023,7.28,6.720000000000001,10.4675,3.7474999999999987,1.0987500000000026,16.088749999999997,False,False,OK
W92000004,Wales,W06000009,Pembrokeshire,2023,7.02,6.720000000000001,10.4675,3.7474999999999987,1.0987500000000026,16.088749999999997,False,False,OK
W92000004,Wales,W06000010,Carmarthenshire,2023,5.43,6.720000000000001,10.4675,3.7474999999999987,1.0987500000000026,16.088749999999997,False,False,OK
W92000004,Wales,W06000011,Swansea,2023,5.62,6.720000000000001,10.4675,3.7474999999999987,1.0987500000000026,16.088749999999997,False,False,OK
W92000004,Wales,W06000012,Neath Port Talbot,2023,4.51,6.720000000000001,10.4675,3.7474999999999987,1.0987500000000026,16.088749999999997,False,False,OK
W92000004,Wales,W06000013,Bridgend,2023,6.16,6.720000000000001,10.4675,3.7474999999999987,1.0987500000000026,16.088749999999997,False,False,OK
W92000004,Wales,W06000014,Vale of Glamorgan,2023,8.02,6.720000000000001,10.4675,3.7474999999999987,1.0987500000000026,16.088749999999997,False,False,OK
W92000004,Wales,W06000015,Cardiff,2023,7.4,6.720000000000001,10.4675,3.7474999999999987,1.0987500000000026,16.088749999999997,False,False,OK
W92000004,Wales,W06000016,Rhondda Cynon Taf,2023,4.57,6.720000000000001,10.4675,3.7474999999999987,1.0987500000000026,16.088749999999997,False,False,OK
W92000004,Wales,W06000018,Caerphilly,2023,5.38,6.720000000000001,10.4675,3.7474999999999987,1.0987500000000026,16.088749999999997,False,False,OK
W92000004,Wales,W06000019,Blaenau Gwent,2023,4.28,6.720000000000001,10.4675,3.7474999999999987,1.0987500000000026,16.088749999999997,False,False,OK
W92000004,Wales,W06000020,Torfaen,2023,6.0,6.720000000000001,10.4675,3.7474999999999987,1.0987500000000026,16.088749999999997,False,False,OK
W92000004,Wales,W06000021,Monmouthshire,2023,9.05,6.720000000000001,10.4675,3.7474999999999987,1.0987500000000026,16.088749999999997,False,False,OK
W92000004,Wales,W06000022,Newport,2023,6.91,6.720000000000001,10.4675,3.7474999999999987,1.0987500000000026,16.088749999999997,False,False,OK
W92000004,Wales,W06000023,Powys,2023,7.1,6.720000000000001,10.4675,3.7474999999999987,1.0987500000000026,16.088749999999997,False,False,OK
W92000004,Wales,W06000024,Merthyr Tydfil,2023,4.59,6.720000000000001,10.4675,3.7474999999999987,1.0987500000000026,16.088749999999997,False,False,OK
E12000001,North East,E06000001,Hartlepool,2024,4.78,6.29,9.71,3.420000000000001,1.1599999999999993,14.840000000000002,False,False,OK
E12000001,North East,E06000002,Middlesbrough,2024,4.73,6.29,9.71,3.420000000000001,1.1599999999999993,14.840000000000002,False,False,OK
E12000001,North East,E06000003,Redcar and Cleveland,2024,5.39,6.29,9.71,3.420000000000001,1.1599999999999993,14.840000000000002,False,False,OK
E12000001,North East,E06000004,Stockton-on-Tees,2024,5.1,6.29,9.71,3.420000000000001,1.1599999999999993,14.840000000000002,False,False,OK
E12000001,North East,E06000005,Darlington,2024,4.94,6.29,9.71,3.420000000000001,1.1599999999999993,14.840000000000002,False,False,OK
E12000001,North East,E06000047,County Durham,2024,4.23,6.29,9.71,3.420000000000001,1.1599999999999993,14.840000000000002,False,False,OK
E12000001,North East,E06000057,Northumberland,2024,5.83,6.29,9.71,3.420000000000001,1.1599999999999993,14.840000000000002,False,False,OK
E12000001,North East,E08000021,Newcastle upon Tyne,2024,5.6,6.29,9.71,3.420000000000001,1.1599999999999993,14.840000000000002,False,False,OK
E12000001,North East,E08000022,North Tyneside,2024,5.24,6.29,9.71,3.420000000000001,1.1599999999999993,14.840000000000002,False,False,OK
E12000001,North East,E08000023,South Tyneside,2024,4.78,6.29,9.71,3.420000000000001,1.1599999999999993,14.840000000000002,False,False,OK
E12000001,North East,E08000024,Sunderland,2024,4.59,6.29,9.71,3.420000000000001,1.1599999999999993,14.840000000000002,False,False,OK
E12000001,North East,E08000037,Gateshead,2024,4.9,6.29,9.71,3.420000000000001,1.1599999999999993,14.840000000000002,False,False,OK
E12000002,North West,E06000006,Halton,2024,5.06,6.29,9.71,3.420000000000001,1.1599999999999993,14.840000000000002,False,False,OK
E12000002,North West,E06000007,Warrington,2024,6.71,6.29,9.71,3.420000000000001,1.1599999999999993,14.840000000000002,False,False,OK
E12000002,North West,E06000008,Blackburn with Darwen,2024,5.47,6.29,9.71,3.420000000000001,1.1599999999999993,14.840000000000002,False,False,OK
E12000002,North West,E06000009,Blackpool,2024,4.26,6.29,9.71,3.420000000000001,1.1599999999999993,14.840000000000002,False,False,OK
E12000002,North West,E06000049,Cheshire East,2024,7.71,6.29,9.71,3.420000000000001,1.1599999999999993,14.840000000000002,False,False,OK
E12000002,North West,E06000050,Cheshire West and Chester,2024,6.48,6.29,9.71,3.420000000000001,1.1599999999999993,14.840000000000002,False,False,OK
E12000002,North West,E06000063,Cumberland,2024,4.49,6.29,9.71,3.420000000000001,1.1599999999999993,14.840000000000002,False,False,OK
E12000002,North West,E06000064,Westmorland and Furness,2024,5.9,6.29,9.71,3.420000000000001,1.1599999999999993,14.840000000000002,False,False,OK
E12000002,North West,E07000117,Burnley,2024,3.93,6.29,9.71,3.420000000000001,1.1599999999999993,14.840000000000002,False,False,OK
E12000002,North West,E07000118,Chorley,2024,5.59,6.29,9.71,3.420000000000001,1.1599999999999993,14.840000000000002,False,False,OK
E12000002,North West,E07000119,Fylde,2024,6.29,6.29,9.71,3.420000000000001,1.1599999999999993,14.840000000000002,False,False,OK
E12000002,North West,E07000120,Hyndburn,2024,4.23,6.29,9.71,3.420000000000001,1.1599999999999993,14.840000000000002,False,False,OK
E12000002,North West,E07000121,Lancaster,2024,5.93,6.29,9.71,3.420000000000001,1.1599999999999993,14.840000000000002,False,False,OK
E12000002,North West,E07000122,Pendle,2024,4.79,6.29,9.71,3.420000000000001,1.1599999999999993,14.840000000000002,False,False,OK
E12000002,North West,E07000123,Preston,2024,5.52,6.29,9.71,3.420000000000001,1.1599999999999993,14.840000000000002,False,False,OK
E12000002,North West,E07000124,Ribble Valley,2024,6.66,6.29,9.71,3.420000000000001,1.1599999999999993,14.840000000000002,False,False,OK
E12000002,North West,E07000125,Rossendale,2024,5.54,6.29,9.71,3.420000000000001,1.1599999999999993,14.840000000000002,False,False,OK
E12000002,North West,E07000126,South Ribble,2024,5.41,6.29,9.71,3.420000000000001,1.1599999999999993,14.840000000000002,False,False,OK
E12000002,North West,E07000127,West Lancashire,2024,6.51,6.29,9.71,3.420000000000001,1.1599999999999993,14.840000000000002,False,False,OK
E12000002,North West,E07000128,Wyre,2024,5.36,6.29,9.71,3.420000000000001,1.1599999999999993,14.840000000000002,False,False,OK
E12000002,North West,E08000001,Bolton,2024,5.82,6.29,9.71,3.420000000000001,1.1599999999999993,14.840000000000002,False,False,OK
E12000002,North West,E08000002,Bury,2024,6.71,6.29,9.71,3.420000000000001,1.1599999999999993,14.840000000000002,False,False,OK
E12000002,North West,E08000003,Manchester,2024,7.88,6.29,9.71,3.420000000000001,1.1599999999999993,14.840000000000002,False,False,OK
E12000002,North West,E08000004,Oldham,2024,5.89,6.29,9.71,3.420000000000001,1.1599999999999993,14.840000000000002,False,False,OK
E12000002,North West,E08000005,Rochdale,2024,5.74,6.29,9.71,3.420000000000001,1.1599999999999993,14.840000000000002,False,False,OK
E12000002,North West,E08000006,Salford,2024,6.54,6.29,9.71,3.420000000000001,1.1599999999999993,14.840000000000002,False,False,OK
E12000002,North West,E08000007,Stockport,2024,7.73,6.29,9.71,3.420000000000001,1.1599999999999993,14.840000000000002,False,False,OK
E12000002,North West,E08000008,Tameside,2024,6.24,6.29,9.71,3.420000000000001,1.1599999999999993,14.840000000000002,False,False,OK
E12000002,North West,E08000009,Trafford,2024,8.64,6.29,9.71,3.420000000000001,1.1599999999999993,14.840000000000002,False,False,OK
E12000002,North West,E08000010,Wigan,2024,5.37,6.29,9.71,3.420000000000001,1.1599999999999993,14.840000000000002,False,False,OK
E12000002,North West,E08000011,Knowsley,2024,5.54,6.29,9.71,3.420000000000001,1.1599999999999993,14.840000000000002,False,False,OK
E12000002,North West,E08000012,Liverpool,2024,4.61,6.29,9.71,3.420000000000001,1.1599999999999993,14.840000000000002,False,False,OK
E12000002,North West,E08000013,St. Helens,2024,5.22,6.29,9.71,3.420000000000001,1.1599999999999993,14.840000000000002,False,False,OK
E12000002,North West,E08000014,Sefton,2024,5.84,6.29,9.71,3.420000000000001,1.1599999999999993,14.840000000000002,False,False,OK
E12000002,North West,E08000015,Wirral,2024,5.78,6.29,9.71,3.420000000000001,1.1599999999999993,14.840000000000002,False,False,OK
E12000003,Yorkshire and The Humber,E06000010,"Kingston upon Hull, City of",2024,4.39,6.29,9.71,3.420000000000001,1.1599999999999993,14.840000000000002,False,False,OK
E12000003,Yorkshire and The Humber,E06000011,East Riding of Yorkshire,2024,6.14,6.29,9.71,3.420000000000001,1.1599999999999993,14.840000000000002,False,False,OK
E12000003,Yorkshire and The Humber,E06000012,North East Lincolnshire,2024,4.64,6.29,9.71,3.420000000000001,1.1599999999999993,14.840000000000002,False,False,OK
E12000003,Yorkshire and The Humber,E06000013,North Lincolnshire,2024,4.91,6.29,9.71,3.420000000000001,1.1599999999999993,14.840000000000002,False,False,OK
E12000003,Yorkshire and The Humber,E06000014,York,2024,8.53,6.29,9.71,3.420000000000001,1.1599999999999993,14.840000000000002,False,False,OK
E12000003,Yorkshire and The Humber,E06000065,North Yorkshire,2024,7.47,6.29,9.71,3.420000000000001,1.1599999999999993,14.840000000000002,False,False,OK
E12000003,Yorkshire and The Humber,E08000017,Doncaster,2024,4.86,6.29,9.71,3.420000000000001,1.1599999999999993,14.840000000000002,False,False,OK
E12000003,Yorkshire and The Humber,E08000018,Rotherham,2024,5.47,6.29,9.71,3.420000000000001,1.1599999999999993,14.840000000000002,False,False,OK
E12000003,Yorkshire and The Humber,E08000032,Bradford,2024,5.29,6.29,9.71,3.420000000000001,1.1599999999999993,14.840000000000002,False,False,OK
E12000003,Yorkshire and The Humber,E08000033,Calderdale,2024,4.77,6.29,9.71,3.420000000000001,1.1599999999999993,14.840000000000002,False,False,OK
E12000003,Yorkshire and The Humber,E08000034,Kirklees,2024,5.82,6.29,9.71,3.420000000000001,1.1599999999999993,14.840000000000002,False,False,OK
E12000003,Yorkshire and The Humber,E08000035,Leeds,2024,6.58,6.29,9.71,3.420000000000001,1.1599999999999993,14.840000000000002,False,False,OK
E12000003,Yorkshire and The Humber,E08000036,Wakefield,2024,5.96,6.29,9.71,3.420000000000001,1.1599999999999993,14.840000000000002,False,False,OK
E12000003,Yorkshire and The Humber,E08000038,Barnsley,2024,4.9,6.29,9.71,3.420000000000001,1.1599999999999993,14.840000000000002,False,False,OK
E12000003,Yorkshire and The Humber,E08000039,Sheffield,2024,5.73,6.29,9.71,3.420000000000001,1.1599999999999993,14.840000000000002,False,False,OK
E12000004,East Midlands,E06000015,Derby,2024,6.0,6.29,9.71,3.420000000000001,1.1599999999999993,14.840000000000002,False,False,OK
E12000004,East Midlands,E06000016,Leicester,2024,7.95,6.29,9.71,3.420000000000001,1.1599999999999993,14.840000000000002,False,False,OK
E12000004,East Midlands,E06000017,Rutland,2024,8.86,6.29,9.71,3.420000000000001,1.1599999999999993,14.840000000000002,False,False,OK
E12000004,East Midlands,E06000018,Nottingham,2024,6.34,6.29,9.71,3.420000000000001,1.1599999999999993,14.840000000000002,False,False,OK
E12000004,East Midlands,E06000061,North Northamptonshire,2024,7.14,6.29,9.71,3.420000000000001,1.1599999999999993,14.840000000000002,False,False,OK
E12000004,East Midlands,E06000062,West Northamptonshire,2024,7.94,6.29,9.71,3.420000000000001,1.1599999999999993,14.840000000000002,False,False,OK
E12000004,East Midlands,E07000032,Amber Valley,2024,6.57,6.29,9.71,3.420000000000001,1.1599999999999993,14.840000000000002,False,False,OK
E12000004,East Midlands,E07000033,Bolsover,2024,5.65,6.29,9.71,3.420000000000001,1.1599999999999993,14.840000000000002,False,False,OK
E12000004,East Midlands,E07000034,Chesterfield,2024,5.81,6.29,9.71,3.420000000000001,1.1599999999999993,14.840000000000002,False,False,OK
E12000004,East Midlands,E07000035,Derbyshire Dales,2024,8.05,6.29,9.71,3.420000000000001,1.1599999999999993,14.840000000000002,False,False,OK
E12000004,East Midlands,E07000036,Erewash,2024,5.91,6.29,9.71,3.420000000000001,1.1599999999999993,14.840000000000002,False,False,OK
E12000004,East Midlands,E07000037,High Peak,2024,7.6,6.29,9.71,3.420000000000001,1.1599999999999993,14.840000000000002,False,False,OK
E12000004,East Midlands,E07000038,North East Derbyshire,2024,6.89,6.29,9.71,3.420000000000001,1.1599999999999993,14.840000000000002,False,False,OK
E12000004,East Midlands,E07000039,South Derbyshire,2024,6.75,6.29,9.71,3.420000000000001,1.1599999999999993,14.840000000000002,False,False,OK
E12000004,East Midlands,E07000129,Blaby,2024,7.6,6.29,9.71,3.420000000000001,1.1599999999999993,14.840000000000002,False,False,OK
E12000004,East Midlands,E07000130,Charnwood,2024,7.1,6.29,9.71,3.420000000000001,1.1599999999999993,14.840000000000002,False,False,OK
E12000004,East Midlands,E07000131,Harborough,2024,8.52,6.29,9.71,3.420000000000001,1.1599999999999993,14.840000000000002,False,False,OK
E12000004,East Midlands,E07000132,Hinckley and Bosworth,2024,7.86,6.29,9.71,3.420000000000001,1.1599999999999993,14.840000000000002,False,False,OK
E12000004,East Midlands,E07000133,Melton,2024,8.92,6.29,9.71,3.420000000000001,1.1599999999999993,14.840000000000002,False,False,OK
E12000004,East Midlands,E07000134,North West Leicestershire,2024,7.05,6.29,9.71,3.420000000000001,1.1599999999999993,14.840000000000002,False,False,OK
E12000004,East Midlands,E07000135,Oadby and Wigston,2024,8.32,6.29,9.71,3.420000000000001,1.1599999999999993,14.840000000000002,False,False,OK
E12000004,East Midlands,E07000136,Boston,2024,6.8,6.29,9.71,3.420000000000001,1.1599999999999993,14.840000000000002,False,False,OK
E12000004,East Midlands,E07000137,East Lindsey,2024,6.93,6.29,9.71,3.420000000000001,1.1599999999999993,14.840000000000002,False,False,OK
E12000004,East Midlands,E07000138,Lincoln,2024,5.39,6.29,9.71,3.420000000000001,1.1599999999999993,14.840000000000002,False,False,OK
E12000004,East Midlands,E07000139,North Kesteven,2024,6.26,6.29,9.71,3.420000000000001,1.1599999999999993,14.840000000000002,False,False,OK
E12000004,East Midlands,E07000140,South Holland,2024,7.12,6.29,9.71,3.420000000000001,1.1599999999999993,14.840000000000002,False,False,OK
E12000004,East Midlands,E07000141,South Kesteven,2024,7.37,6.29,9.71,3.420000000000001,1.1599999999999993,14.840000000000002,False,False,OK
E12000004,East Midlands,E07000142,West Lindsey,2024,6.45,6.29,9.71,3.420000000000001,1.1599999999999993,14.840000000000002,False,False,OK
E12000004,East Midlands,E07000170,Ashfield,2024,6.09,6.29,9.71,3.420000000000001,1.1599999999999993,14.840000000000002,False,False,OK
E12000004,East Midlands,E07000171,Bassetlaw,2024,6.08,6.29,9.71,3.420000000000001,1.1599999999999993,14.840000000000002,False,False,OK
E12000004,East Midlands,E07000172,Broxtowe,2024,6.46,6.29,9.71,3.420000000000001,1.1599999999999993,14.840000000000002,False,False,OK
E12000004,East Midlands,E07000173,Gedling,2024,7.18,6.29,9.71,3.420000000000001,1.1599999999999993,14.840000000000002,False,False,OK
E12000004,East Midlands,E07000174,Mansfield,2024,5.61,6.29,9.71,3.420000000000001,1.1599999999999993,14.840000000000002,False,False,OK
E12000004,East Midlands,E07000175,Newark and Sherwood,2024,6.5,6.29,9.71,3.420000000000001,1.1599999999999993,14.840000000000002,False,False,OK
E12000004,East Midlands,E07000176,Rushcliffe,2024,8.7,6.29,9.71,3.420000000000001,1.1599999999999993,14.840000000000002,False,False,OK
E12000005,West Midlands,E06000019,"Herefordshire, County of",2024,8.72,6.29,9.71,3.420000000000001,1.1599999999999993,14.840000000000002,False,False,OK
E12000005,West Midlands,E06000020,Telford and Wrekin,2024,6.7,6.29,9.71,3.420000000000001,1.1599999999999993,14.840000000000002,False,False,OK
E12000005,West Midlands,E06000021,Stoke-on-Trent,2024,4.9,6.29,9.71,3.420000000000001,1.1599999999999993,14.840000000000002,False,False,OK
E12000005,West Midlands,E06000051,Shropshire,2024,7.4,6.29,9.71,3.420000000000001,1.1599999999999993,14.840000000000002,False,False,OK
E12000005,West Midlands,E07000192,Cannock Chase,2024,6.85,6.29,9.71,3.420000000000001,1.1599999999999993,14.840000000000002,False,False,OK
E12000005,West Midlands,E07000193,East Staffordshire,2024,6.4,6.29,9.71,3.420000000000001,1.1599999999999993,14.840000000000002,False,False,OK
E12000005,West Midlands,E07000194,Lichfield,2024,7.84,6.29,9.71,3.420000000000001,1.1599999999999993,14.840000000000002,False,False,OK
E12000005,West Midlands,E07000195,Newcastle-under-Lyme,2024,5.23,6.29,9.71,3.420000000000001,1.1599999999999993,14.840000000000002,False,False,OK
E12000005,West Midlands,E07000196,South Staffordshire,2024,7.27,6.29,9.71,3.420000000000001,1.1599999999999993,14.840000000000002,False,False,OK
E12000005,West Midlands,E07000197,Stafford,2024,6.01,6.29,9.71,3.420000000000001,1.1599999999999993,14.840000000000002,False,False,OK
E12000005,West Midlands,E07000198,Staffordshire Moorlands,2024,6.04,6.29,9.71,3.420000000000001,1.1599999999999993,14.840000000000002,False,False,OK
E12000005,West Midlands,E07000199,Tamworth,2024,6.66,6.29,9.71,3.420000000000001,1.1599999999999993,14.840000000000002,False,False,OK
E12000005,West Midlands,E07000218,North Warwickshire,2024,6.65,6.29,9.71,3.420000000000001,1.1599999999999993,14.840000000000002,False,False,OK
E12000005,West Midlands,E07000219,Nuneaton and Bedworth,2024,6.78,6.29,9.71,3.420000000000001,1.1599999999999993,14.840000000000002,False,False,OK
E12000005,West Midlands,E07000220,Rugby,2024,7.39,6.29,9.71,3.420000000000001,1.1599999999999993,14.840000000000002,False,False,OK
E12000005,West Midlands,E07000221,Stratford-on-Avon,2024,9.31,6.29,9.71,3.420000000000001,1.1599999999999993,14.840000000000002,False,False,OK
E12000005,West Midlands,E07000222,Warwick,2024,8.5,6.29,9.71,3.420000000000001,1.1599999999999993,14.840000000000002,False,False,OK
E12000005,West Midlands,E07000234,Bromsgrove,2024,8.57,6.29,9.71,3.420000000000001,1.1599999999999993,14.840000000000002,False,False,OK
E12000005,West Midlands,E07000235,Malvern Hills,2024,8.18,6.29,9.71,3.420000000000001,1.1599999999999993,14.840000000000002,False,False,OK
E12000005,West Midlands,E07000236,Redditch,2024,7.49,6.29,9.71,3.420000000000001,1.1599999999999993,14.840000000000002,False,False,OK
E12000005,West Midlands,E07000237,Worcester,2024,7.14,6.29,9.71,3.420000000000001,1.1599999999999993,14.840000000000002,False,False,OK
E12000005,West Midlands,E07000238,Wychavon,2024,9.65,6.29,9.71,3.420000000000001,1.1599999999999993,14.840000000000002,False,False,OK
E12000005,West Midlands,E07000239,Wyre Forest,2024,7.2,6.29,9.71,3.420000000000001,1.1599999999999993,14.840000000000002,False,False,OK
E12000005,West Midlands,E08000025,Birmingham,2024,6.77,6.29,9.71,3.420000000000001,1.1599999999999993,14.840000000000002,False,False,OK
E12000005,West Midlands,E08000026,Coventry,2024,6.28,6.29,9.71,3.420000000000001,1.1599999999999993,14.840000000000002,False,False,OK
E12000005,West Midlands,E08000027,Dudley,2024,6.47,6.29,9.71,3.420000000000001,1.1599999999999993,14.840000000000002,False,False,OK
E12000005,West Midlands,E08000028,Sandwell,2024,6.42,6.29,9.71,3.420000000000001,1.1599999999999993,14.840000000000002,False,False,OK
E12000005,West Midlands,E08000029,Solihull,2024,7.76,6.29,9.71,3.420000000000001,1.1599999999999993,14.840000000000002,False,False,OK
E12000005,West Midlands,E08000030,Walsall,2024,6.52,6.29,9.71,3.420000000000001,1.1599999999999993,14.840000000000002,False,False,OK
E12000005,West Midlands,E08000031,Wolverhampton,2024,6.29,6.29,9.71,3.420000000000001,1.1599999999999993,14.840000000000002,False,False,OK
E12000006,East of England,E06000031,Peterborough,2024,6.91,6.29,9.71,3.420000000000001,1.1599999999999993,14.840000000000002,False,False,OK
E12000006,East of England,E06000032,Luton,2024,9.05,6.29,9.71,3.420000000000001,1.1599999999999993,14.840000000000002,False,False,OK
E12000006,East of England,E06000033,Southend-on-Sea,2024,7.72,6.29,9.71,3.420000000000001,1.1599999999999993,14.840000000000002,False,False,OK
E12000006,East of England,E06000034,Thurrock,2024,8.72,6.29,9.71,3.420000000000001,1.1599999999999993,14.840000000000002,False,False,OK
E12000006,East of England,E06000055,Bedford,2024,8.48,6.29,9.71,3.420000000000001,1.1599999999999993,14.840000000000002,False,False,OK
E12000006,East of England,E06000056,Central Bedfordshire,2024,8.6,6.29,9.71,3.420000000000001,1.1599999999999993,14.840000000000002,False,False,OK
E12000006,East of England,E07000008,Cambridge,2024,10.98,6.29,9.71,3.420000000000001,1.1599999999999993,14.840000000000002,False,False,OK
E12000006,East of England,E07000009,East Cambridgeshire,2024,9.5,6.29,9.71,3.420000000000001,1.1599999999999993,14.840000000000002,False,False,OK
E12000006,East of England,E07000010,Fenland,2024,6.71,6.29,9.71,3.420000000000001,1.1599999999999993,14.840000000000002,False,False,OK
E12000006,East of England,E07000011,Huntingdonshire,2024,8.63,6.29,9.71,3.420000000000001,1.1599999999999993,14.840000000000002,False,False,OK
E12000006,East of England,E07000012,South Cambridgeshire,2024,10.0,6.29,9.71,3.420000000000001,1.1599999999999993,14.840000000000002,False,False,OK
E12000006,East of England,E07000066,Basildon,2024,8.47,6.29,9.71,3.420000000000001,1.1599999999999993,14.840000000000002,False,False,OK
E12000006,East of England,E07000067,Braintree,2024,8.56,6.29,9.71,3.420000000000001,1.1599999999999993,14.840000000000002,False,False,OK
E12000006,East of England,E07000068,Brentwood,2024,9.79,6.29,9.71,3.420000000000001,1.1599999999999993,14.840000000000002,False,False,OK
E12000006,East of England,E07000069,Castle Point,2024,8.84,6.29,9.71,3.420000000000001,1.1599999999999993,14.840000000000002,False,False,OK
E12000006,East of England,E07000070,Chelmsford,2024,9.8,6.29,9.71,3.420000000000001,1.1599999999999993,14.840000000000002,False,False,OK
E12000006,East of England,E07000071,Colchester,2024,8.36,6.29,9.71,3.420000000000001,1.1599999999999993,14.840000000000002,False,False,OK
E12000006,East of England,E07000072,Epping Forest,2024,10.6,6.29,9.71,3.420000000000001,1.1599999999999993,14.840000000000002,False,False,OK
E12000006,East of England,E07000073,Harlow,2024,9.1,6.29,9.71,3.420000000000001,1.1599999999999993,14.840000000000002,False,False,OK
E12000006,East of England,E07000074,Maldon,2024,10.22,6.29,9.71,3.420000000000001,1.1599999999999993,14.840000000000002,False,False,OK
E12000006,East of England,E07000075,Rochford,2024,8.85,6.29,9.71,3.420000000000001,1.1599999999999993,14.840000000000002,False,False,OK
E12000006,East of England,E07000076,Tendring,2024,7.65,6.29,9.71,3.420000000000001,1.1599999999999993,14.840000000000002,False,False,OK
E12000006,East of England,E07000077,Uttlesford,2024,9.8,6.29,9.71,3.420000000000001,1.1599999999999993,14.840000000000002,False,False,OK
E12000006,East of England,E07000095,Broxbourne,2024,10.23,6.29,9.71,3.420000000000001,1.1599999999999993,14.840000000000002,False,False,OK
E12000006,East of England,E07000096,Dacorum,2024,10.94,6.29,9.71,3.420000000000001,1.1599999999999993,14.840000000000002,False,False,OK
E12000006,East of England,E07000098,Hertsmere,2024,12.4,6.29,9.71,3.420000000000001,1.1599999999999993,14.840000000000002,False,False,OK
E12000006,East of England,E07000099,North Hertfordshire,2024,9.14,6.29,9.71,3.420000000000001,1.1599999999999993,14.840000000000002,False,False,OK
E12000006,East of England,E07000102,Three Rivers,2024,11.55,6.29,9.71,3.420000000000001,1.1599999999999993,14.840000000000002,False,False,OK
E12000006,East of England,E07000103,Watford,2024,9.58,6.29,9.71,3.420000000000001,1.1599999999999993,14.840000000000002,False,False,OK
E12000006,East of England,E07000143,Breckland,2024,8.31,6.29,9.71,3.420000000000001,1.1599999999999993,14.840000000000002,False,False,OK
E12000006,East of England,E07000144,Broadland,2024,7.95,6.29,9.71,3.420000000000001,1.1599999999999993,14.840000000000002,False,False,OK
E12000006,East of England,E07000145,Great Yarmouth,2024,6.66,6.29,9.71,3.420000000000001,1.1599999999999993,14.840000000000002,False,False,OK
E12000006,East of England,E07000146,King's Lynn and West Norfolk,2024,7.49,6.29,9.71,3.420000000000001,1.1599999999999993,14.840000000000002,False,False,OK
E12000006,East of England,E07000147,North Norfolk,2024,10.0,6.29,9.71,3.420000000000001,1.1599999999999993,14.840000000000002,False,False,OK
E12000006,East of England,E07000148,Norwich,2024,6.72,6.29,9.71,3.420000000000001,1.1599999999999993,14.840000000000002,False,False,OK
E12000006,East of England,E07000149,South Norfolk,2024,8.08,6.29,9.71,3.420000000000001,1.1599999999999993,14.840000000000002,False,False,OK
E12000006,East of England,E07000200,Babergh,2024,8.97,6.29,9.71,3.420000000000001,1.1599999999999993,14.840000000000002,False,False,OK
E12000006,East of England,E07000202,Ipswich,2024,6.85,6.29,9.71,3.420000000000001,1.1599999999999993,14.840000000000002,False,False,OK
E12000006,East of England,E07000203,Mid Suffolk,2024,8.21,6.29,9.71,3.420000000000001,1.1599999999999993,14.840000000000002,False,False,OK
E12000006,East of England,E07000240,St Albans,2024,11.46,6.29,9.71,3.420000000000001,1.1599999999999993,14.840000000000002,False,False,OK
E12000006,East of England,E07000241,Welwyn Hatfield,2024,10.23,6.29,9.71,3.420000000000001,1.1599999999999993,14.840000000000002,False,False,OK
E12000006,East of England,E07000242,East Hertfordshire,2024,9.3,6.29,9.71,3.420000000000001,1.1599999999999993,14.840000000000002,False,False,OK
E12000006,East of England,E07000243,Stevenage,2024,8.95,6.29,9.71,3.420000000000001,1.1599999999999993,14.840000000000002,False,False,OK
E12000006,East of England,E07000244,East Suffolk,2024,8.31,6.29,9.71,3.420000000000001,1.1599999999999993,14.840000000000002,False,False,OK
E12000006,East of England,E07000245,West Suffolk,2024,8.12,6.29,9.71,3.420000000000001,1.1599999999999993,14.840000000000002,False,False,OK
E12000007,London,E09000001,City of London,2024,,6.29,9.71,3.420000000000001,1.1599999999999993,14.840000000000002,False,True,Missing ratio value
E12000007,London,E09000002,Barking and Dagenham,2024,9.42,6.29,9.71,3.420000000000001,1.1599999999999993,14.840000000000002,False,False,OK
E12000007,London,E09000003,Barnet,2024,12.99,6.29,9.71,3.420000000000001,1.1599999999999993,14.840000000000002,False,False,OK
E12000007,London,E09000004,Bexley,2024,9.43,6.29,9.71,3.420000000000001,1.1599999999999993,14.840000000000002,False,False,OK
E12000007,London,E09000005,Brent,2024,14.31,6.29,9.71,3.420000000000001,1.1599999999999993,14.840000000000002,False,False,OK
E12000007,London,E09000006,Bromley,2024,10.53,6.29,9.71,3.420000000000001,1.1599999999999993,14.840000000000002,False,False,OK
E12000007,London,E09000007,Camden,2024,17.6,6.29,9.71,3.420000000000001,1.1599999999999993,14.840000000000002,True,False,Statistical outlier
E12000007,London,E09000008,Croydon,2024,9.46,6.29,9.71,3.420000000000001,1.1599999999999993,14.840000000000002,False,False,OK
E12000007,London,E09000009,Ealing,2024,12.42,6.29,9.71,3.420000000000001,1.1599999999999993,14.840000000000002,False,False,OK
E12000007,London,E09000010,Enfield,2024,10.71,6.29,9.71,3.420000000000001,1.1599999999999993,14.840000000000002,False,False,OK
E12000007,London,E09000011,Greenwich,2024,10.24,6.29,9.71,3.420000000000001,1.1599999999999993,14.840000000000002,False,False,OK
E12000007,London,E09000012,Hackney,2024,12.91,6.29,9.71,3.420000000000001,1.1599999999999993,14.840000000000002,False,False,OK
E12000007,London,E09000013,Hammersmith and Fulham,2024,16.52,6.29,9.71,3.420000000000001,1.1599999999999993,14.840000000000002,True,False,Statistical outlier
E12000007,London,E09000014,Haringey,2024,12.62,6.29,9.71,3.420000000000001,1.1599999999999993,14.840000000000002,False,False,OK
E12000007,London,E09000015,Harrow,2024,12.43,6.29,9.71,3.420000000000001,1.1599999999999993,14.840000000000002,False,False,OK
E12000007,London,E09000016,Havering,2024,9.71,6.29,9.71,3.420000000000001,1.1599999999999993,14.840000000000002,False,False,OK
E12000007,London,E09000017,Hillingdon,2024,11.5,6.29,9.71,3.420000000000001,1.1599999999999993,14.840000000000002,False,False,OK
E12000007,London,E09000018,Hounslow,2024,12.15,6.29,9.71,3.420000000000001,1.1599999999999993,14.840000000000002,False,False,OK
E12000007,London,E09000019,Islington,2024,14.46,6.29,9.71,3.420000000000001,1.1599999999999993,14.840000000000002,False,False,OK
E12000007,London,E09000020,Kensington and Chelsea,2024,23.82,6.29,9.71,3.420000000000001,1.1599999999999993,14.840000000000002,True,False,Statistical outlier
E12000007,London,E09000021,Kingston upon Thames,2024,12.23,6.29,9.71,3.420000000000001,1.1599999999999993,14.840000000000002,False,False,OK
E12000007,London,E09000022,Lambeth,2024,11.01,6.29,9.71,3.420000000000001,1.1599999999999993,14.840000000000002,False,False,OK
E12000007,London,E09000023,Lewisham,2024,10.15,6.29,9.71,3.420000000000001,1.1599999999999993,14.840000000000002,False,False,OK
E12000007,London,E09000024,Merton,2024,11.68,6.29,9.71,3.420000000000001,1.1599999999999993,14.840000000000002,False,False,OK
E12000007,London,E09000025,Newham,2024,11.52,6.29,9.71,3.420000000000001,1.1599999999999993,14.840000000000002,False,False,OK
E12000007,London,E09000026,Redbridge,2024,11.45,6.29,9.71,3.420000000000001,1.1599999999999993,14.840000000000002,False,False,OK
E12000007,London,E09000027,Richmond upon Thames,2024,12.77,6.29,9.71,3.420000000000001,1.1599999999999993,14.840000000000002,False,False,OK
E12000007,London,E09000028,Southwark,2024,12.81,6.29,9.71,3.420000000000001,1.1599999999999993,14.840000000000002,False,False,OK
E12000007,London,E09000029,Sutton,2024,10.42,6.29,9.71,3.420000000000001,1.1599999999999993,14.840000000000002,False,False,OK
E12000007,London,E09000030,Tower Hamlets,2024,10.74,6.29,9.71,3.420000000000001,1.1599999999999993,14.840000000000002,False,False,OK
E12000007,London,E09000031,Waltham Forest,2024,11.36,6.29,9.71,3.420000000000001,1.1599999999999993,14.840000000000002,False,False,OK
E12000007,London,E09000032,Wandsworth,2024,13.1,6.29,9.71,3.420000000000001,1.1599999999999993,14.840000000000002,False,False,OK
E12000007,London,E09000033,Westminster,2024,19.25,6.29,9.71,3.420000000000001,1.1599999999999993,14.840000000000002,True,False,Statistical outlier
E12000008,South East,E06000035,Medway,2024,7.96,6.29,9.71,3.420000000000001,1.1599999999999993,14.840000000000002,False,False,OK
E12000008,South East,E06000036,Bracknell Forest,2024,9.55,6.29,9.71,3.420000000000001,1.1599999999999993,14.840000000000002,False,False,OK
E12000008,South East,E06000037,West Berkshire,2024,8.96,6.29,9.71,3.420000000000001,1.1599999999999993,14.840000000000002,False,False,OK
E12000008,South East,E06000038,Reading,2024,8.45,6.29,9.71,3.420000000000001,1.1599999999999993,14.840000000000002,False,False,OK
E12000008,South East,E06000039,Slough,2024,9.95,6.29,9.71,3.420000000000001,1.1599999999999993,14.840000000000002,False,False,OK
E12000008,South East,E06000040,Windsor and Maidenhead,2024,11.18,6.29,9.71,3.420000000000001,1.1599999999999993,14.840000000000002,False,False,OK
E12000008,South East,E06000041,Wokingham,2024,10.57,6.29,9.71,3.420000000000001,1.1599999999999993,14.840000000000002,False,False,OK
E12000008,South East,E06000042,Milton Keynes,2024,8.78,6.29,9.71,3.420000000000001,1.1599999999999993,14.840000000000002,False,False,OK
E12000008,South East,E06000043,Brighton and Hove,2024,10.68,6.29,9.71,3.420000000000001,1.1599999999999993,14.840000000000002,False,False,OK
E12000008,South East,E06000044,Portsmouth,2024,7.26,6.29,9.71,3.420000000000001,1.1599999999999993,14.840000000000002,False,False,OK
E12000008,South East,E06000045,Southampton,2024,7.23,6.29,9.71,3.420000000000001,1.1599999999999993,14.840000000000002,False,False,OK
E12000008,South East,E06000046,Isle of Wight,2024,7.52,6.29,9.71,3.420000000000001,1.1599999999999993,14.840000000000002,False,False,OK
E12000008,South East,E06000060,Buckinghamshire,2024,10.39,6.29,9.71,3.420000000000001,1.1599999999999993,14.840000000000002,False,False,OK
E12000008,South East,E07000061,Eastbourne,2024,7.81,6.29,9.71,3.420000000000001,1.1599999999999993,14.840000000000002,False,False,OK
E12000008,South East,E07000062,Hastings,2024,8.42,6.29,9.71,3.420000000000001,1.1599999999999993,14.840000000000002,False,False,OK
E12000008,South East,E07000063,Lewes,2024,10.94,6.29,9.71,3.420000000000001,1.1599999999999993,14.840000000000002,False,False,OK
E12000008,South East,E07000064,Rother,2024,10.33,6.29,9.71,3.420000000000001,1.1599999999999993,14.840000000000002,False,False,OK
E12000008,South East,E07000065,Wealden,2024,10.51,6.29,9.71,3.420000000000001,1.1599999999999993,14.840000000000002,False,False,OK
E12000008,South East,E07000084,Basingstoke and Deane,2024,8.55,6.29,9.71,3.420000000000001,1.1599999999999993,14.840000000000002,False,False,OK
E12000008,South East,E07000085,East Hampshire,2024,10.0,6.29,9.71,3.420000000000001,1.1599999999999993,14.840000000000002,False,False,OK
E12000008,South East,E07000086,Eastleigh,2024,8.51,6.29,9.71,3.420000000000001,1.1599999999999993,14.840000000000002,False,False,OK
E12000008,South East,E07000087,Fareham,2024,8.16,6.29,9.71,3.420000000000001,1.1599999999999993,14.840000000000002,False,False,OK
E12000008,South East,E07000088,Gosport,2024,6.95,6.29,9.71,3.420000000000001,1.1599999999999993,14.840000000000002,False,False,OK
E12000008,South East,E07000089,Hart,2024,9.58,6.29,9.71,3.420000000000001,1.1599999999999993,14.840000000000002,False,False,OK
E12000008,South East,E07000090,Havant,2024,8.65,6.29,9.71,3.420000000000001,1.1599999999999993,14.840000000000002,False,False,OK
E12000008,South East,E07000091,New Forest,2024,10.58,6.29,9.71,3.420000000000001,1.1599999999999993,14.840000000000002,False,False,OK
E12000008,South East,E07000092,Rushmoor,2024,8.95,6.29,9.71,3.420000000000001,1.1599999999999993,14.840000000000002,False,False,OK
E12000008,South East,E07000093,Test Valley,2024,9.03,6.29,9.71,3.420000000000001,1.1599999999999993,14.840000000000002,False,False,OK
E12000008,South East,E07000094,Winchester,2024,10.29,6.29,9.71,3.420000000000001,1.1599999999999993,14.840000000000002,False,False,OK
E12000008,South East,E07000105,Ashford,2024,9.72,6.29,9.71,3.420000000000001,1.1599999999999993,14.840000000000002,False,False,OK
E12000008,South East,E07000106,Canterbury,2024,9.59,6.29,9.71,3.420000000000001,1.1599999999999993,14.840000000000002,False,False,OK
E12000008,South East,E07000107,Dartford,2024,8.24,6.29,9.71,3.420000000000001,1.1599999999999993,14.840000000000002,False,False,OK
E12000008,South East,E07000108,Dover,2024,7.49,6.29,9.71,3.420000000000001,1.1599999999999993,14.840000000000002,False,False,OK
E12000008,South East,E07000109,Gravesham,2024,9.21,6.29,9.71,3.420000000000001,1.1599999999999993,14.840000000000002,False,False,OK
E12000008,South East,E07000110,Maidstone,2024,9.74,6.29,9.71,3.420000000000001,1.1599999999999993,14.840000000000002,False,False,OK
E12000008,South East,E07000111,Sevenoaks,2024,10.41,6.29,9.71,3.420000000000001,1.1599999999999993,14.840000000000002,False,False,OK
E12000008,South East,E07000112,Folkestone and Hythe,2024,8.52,6.29,9.71,3.420000000000001,1.1599999999999993,14.840000000000002,False,False,OK
E12000008,South East,E07000113,Swale,2024,8.02,6.29,9.71,3.420000000000001,1.1599999999999993,14.840000000000002,False,False,OK
E12000008,South East,E07000114,Thanet,2024,7.91,6.29,9.71,3.420000000000001,1.1599999999999993,14.840000000000002,False,False,OK
E12000008,South East,E07000115,Tonbridge and Malling,2024,10.36,6.29,9.71,3.420000000000001,1.1599999999999993,14.840000000000002,False,False,OK
E12000008,South East,E07000116,Tunbridge Wells,2024,9.71,6.29,9.71,3.420000000000001,1.1599999999999993,14.840000000000002,False,False,OK
E12000008,South East,E07000177,Cherwell,2024,8.38,6.29,9.71,3.420000000000001,1.1599999999999993,14.840000000000002,False,False,OK
E12000008,South East,E07000178,Oxford,2024,11.39,6.29,9.71,3.420000000000001,1.1599999999999993,14.840000000000002,False,False,OK
E12000008,South East,E07000179,South Oxfordshire,2024,10.2,6.29,9.71,3.420000000000001,1.1599999999999993,14.840000000000002,False,False,OK
E12000008,South East,E07000180,Vale of White Horse,2024,9.31,6.29,9.71,3.420000000000001,1.1599999999999993,14.840000000000002,False,False,OK
E12000008,South East,E07000181,West Oxfordshire,2024,8.56,6.29,9.71,3.420000000000001,1.1599999999999993,14.840000000000002,False,False,OK
E12000008,South East,E07000207,Elmbridge,2024,12.94,6.29,9.71,3.420000000000001,1.1599999999999993,14.840000000000002,False,False,OK
E12000008,South East,E07000208,Epsom and Ewell,2024,12.2,6.29,9.71,3.420000000000001,1.1599999999999993,14.840000000000002,False,False,OK
E12000008,South East,E07000209,Guildford,2024,11.13,6.29,9.71,3.420000000000001,1.1599999999999993,14.840000000000002,False,False,OK
E12000008,South East,E07000210,Mole Valley,2024,11.96,6.29,9.71,3.420000000000001,1.1599999999999993,14.840000000000002,False,False,OK
E12000008,South East,E07000211,Reigate and Banstead,2024,10.73,6.29,9.71,3.420000000000001,1.1599999999999993,14.840000000000002,False,False,OK
E12000008,South East,E07000212,Runnymede,2024,9.9,6.29,9.71,3.420000000000001,1.1599999999999993,14.840000000000002,False,False,OK
E12000008,South East,E07000213,Spelthorne,2024,11.12,6.29,9.71,3.420000000000001,1.1599999999999993,14.840000000000002,False,False,OK
E12000008,South East,E07000214,Surrey Heath,2024,9.78,6.29,9.71,3.420000000000001,1.1599999999999993,14.840000000000002,False,False,OK
E12000008,South East,E07000215,Tandridge,2024,12.04,6.29,9.71,3.420000000000001,1.1599999999999993,14.840000000000002,False,False,OK
E12000008,South East,E07000216,Waverley,2024,10.9,6.29,9.71,3.420000000000001,1.1599999999999993,14.840000000000002,False,False,OK
E12000008,South East,E07000217,Woking,2024,9.78,6.29,9.71,3.420000000000001,1.1599999999999993,14.840000000000002,False,False,OK
E12000008,South East,E07000223,Adur,2024,10.09,6.29,9.71,3.420000000000001,1.1599999999999993,14.840000000000002,False,False,OK
E12000008,South East,E07000224,Arun,2024,9.35,6.29,9.71,3.420000000000001,1.1599999999999993,14.840000000000002,False,False,OK
E12000008,South East,E07000225,Chichester,2024,11.67,6.29,9.71,3.420000000000001,1.1599999999999993,14.840000000000002,False,False,OK
E12000008,South East,E07000226,Crawley,2024,8.76,6.29,9.71,3.420000000000001,1.1599999999999993,14.840000000000002,False,False,OK
E12000008,South East,E07000227,Horsham,2024,10.36,6.29,9.71,3.420000000000001,1.1599999999999993,14.840000000000002,False,False,OK
E12000008,South East,E07000228,Mid Sussex,2024,10.88,6.29,9.71,3.420000000000001,1.1599999999999993,14.840000000000002,False,False,OK
E12000008,South East,E07000229,Worthing,2024,9.49,6.29,9.71,3.420000000000001,1.1599999999999993,14.840000000000002,False,False,OK
E12000009,South West,E06000022,Bath and North East Somerset,2024,9.92,6.29,9.71,3.420000000000001,1.1599999999999993,14.840000000000002,False,False,OK
E12000009,South West,E06000023,"Bristol, City of",2024,8.6,6.29,9.71,3.420000000000001,1.1599999999999993,14.840000000000002,False,False,OK
E12000009,South West,E06000024,North Somerset,2024,8.29,6.29,9.71,3.420000000000001,1.1599999999999993,14.840000000000002,False,False,OK
E12000009,South West,E06000025,South Gloucestershire,2024,8.66,6.29,9.71,3.420000000000001,1.1599999999999993,14.840000000000002,False,False,OK
E12000009,South West,E06000026,Plymouth,2024,6.39,6.29,9.71,3.420000000000001,1.1599999999999993,14.840000000000002,False,False,OK
E12000009,South West,E06000027,Torbay,2024,8.22,6.29,9.71,3.420000000000001,1.1599999999999993,14.840000000000002,False,False,OK
E12000009,South West,E06000030,Swindon,2024,7.24,6.29,9.71,3.420000000000001,1.1599999999999993,14.840000000000002,False,False,OK
E12000009,South West,E06000052,Cornwall,2024,8.43,6.29,9.71,3.420000000000001,1.1599999999999993,14.840000000000002,False,False,OK
E12000009,South West,E06000053,Isles of Scilly,2024,,6.29,9.71,3.420000000000001,1.1599999999999993,14.840000000000002,False,True,Missing ratio value
E12000009,South West,E06000054,Wiltshire,2024,8.65,6.29,9.71,3.420000000000001,1.1599999999999993,14.840000000000002,False,False,OK
E12000009,South West,E06000058,"Bournemouth, Christchurch and Poole",2024,9.34,6.29,9.71,3.420000000000001,1.1599999999999993,14.840000000000002,False,False,OK
E12000009,South West,E06000059,Dorset,2024,9.91,6.29,9.71,3.420000000000001,1.1599999999999993,14.840000000000002,False,False,OK
E12000009,South West,E06000066,Somerset,2024,7.88,6.29,9.71,3.420000000000001,1.1599999999999993,14.840000000000002,False,False,OK
E12000009,South West,E07000040,East Devon,2024,8.63,6.29,9.71,3.420000000000001,1.1599999999999993,14.840000000000002,False,False,OK
E12000009,South West,E07000041,Exeter,2024,8.46,6.29,9.71,3.420000000000001,1.1599999999999993,14.840000000000002,False,False,OK
E12000009,South West,E07000042,Mid Devon,2024,8.07,6.29,9.71,3.420000000000001,1.1599999999999993,14.840000000000002,False,False,OK
E12000009,South West,E07000043,North Devon,2024,9.2,6.29,9.71,3.420000000000001,1.1599999999999993,14.840000000000002,False,False,OK
E12000009,South West,E07000044,South Hams,2024,10.27,6.29,9.71,3.420000000000001,1.1599999999999993,14.840000000000002,False,False,OK
E12000009,South West,E07000045,Teignbridge,2024,9.23,6.29,9.71,3.420000000000001,1.1599999999999993,14.840000000000002,False,False,OK
E12000009,South West,E07000046,Torridge,2024,8.74,6.29,9.71,3.420000000000001,1.1599999999999993,14.840000000000002,False,False,OK
E12000009,South West,E07000047,West Devon,2024,8.76,6.29,9.71,3.420000000000001,1.1599999999999993,14.840000000000002,False,False,OK
E12000009,South West,E07000078,Cheltenham,2024,8.12,6.29,9.71,3.420000000000001,1.1599999999999993,14.840000000000002,False,False,OK
E12000009,South West,E07000079,Cotswold,2024,10.94,6.29,9.71,3.420000000000001,1.1599999999999993,14.840000000000002,False,False,OK
E12000009,South West,E07000080,Forest of Dean,2024,7.47,6.29,9.71,3.420000000000001,1.1599999999999993,14.840000000000002,False,False,OK
E12000009,South West,E07000081,Gloucester,2024,7.26,6.29,9.71,3.420000000000001,1.1599999999999993,14.840000000000002,False,False,OK
E12000009,South West,E07000082,Stroud,2024,9.45,6.29,9.71,3.420000000000001,1.1599999999999993,14.840000000000002,False,False,OK
E12000009,South West,E07000083,Tewkesbury,2024,8.82,6.29,9.71,3.420000000000001,1.1599999999999993,14.840000000000002,False,False,OK
W92000004,Wales,W06000001,Isle of Anglesey,2024,6.0,6.29,9.71,3.420000000000001,1.1599999999999993,14.840000000000002,False,False,OK
W92000004,Wales,W06000002,Gwynedd,2024,6.24,6.29,9.71,3.420000000000001,1.1599999999999993,14.840000000000002,False,False,OK
W92000004,Wales,W06000003,Conwy,2024,6.04,6.29,9.71,3.420000000000001,1.1599999999999993,14.840000000000002,False,False,OK
W92000004,Wales,W06000004,Denbighshire,2024,6.12,6.29,9.71,3.420000000000001,1.1599999999999993,14.840000000000002,False,False,OK
W92000004,Wales,W06000005,Flintshire,2024,5.55,6.29,9.71,3.420000000000001,1.1599999999999993,14.840000000000002,False,False,OK
W92000004,Wales,W06000006,Wrexham,2024,5.66,6.29,9.71,3.420000000000001,1.1599999999999993,14.840000000000002,False,False,OK
W92000004,Wales,W06000008,Ceredigion,2024,6.77,6.29,9.71,3.420000000000001,1.1599999999999993,14.840000000000002,False,False,OK
W92000004,Wales,W06000009,Pembrokeshire,2024,6.75,6.29,9.71,3.420000000000001,1.1599999999999993,14.840000000000002,False,False,OK
W92000004,Wales,W06000010,Carmarthenshire,2024,5.09,6.29,9.71,3.420000000000001,1.1599999999999993,14.840000000000002,False,False,OK
W92000004,Wales,W06000011,Swansea,2024,5.62,6.29,9.71,3.420000000000001,1.1599999999999993,14.840000000000002,False,False,OK
W92000004,Wales,W06000012,Neath Port Talbot,2024,4.38,6.29,9.71,3.420000000000001,1.1599999999999993,14.840000000000002,False,False,OK
W92000004,Wales,W06000013,Bridgend,2024,5.99,6.29,9.71,3.420000000000001,1.1599999999999993,14.840000000000002,False,False,OK
W92000004,Wales,W06000014,Vale of Glamorgan,2024,7.25,6.29,9.71,3.420000000000001,1.1599999999999993,14.840000000000002,False,False,OK
W92000004,Wales,W06000015,Cardiff,2024,7.16,6.29,9.71,3.420000000000001,1.1599999999999993,14.840000000000002,False,False,OK
W92000004,Wales,W06000016,Rhondda Cynon Taf,2024,4.52,6.29,9.71,3.420000000000001,1.1599999999999993,14.840000000000002,False,False,OK
W92000004,Wales,W06000018,Caerphilly,2024,5.64,6.29,9.71,3.420000000000001,1.1599999999999993,14.840000000000002,False,False,OK
W92000004,Wales,W06000019,Blaenau Gwent,2024,3.7,6.29,9.71,3.420000000000001,1.1599999999999993,14.840000000000002,False,False,OK
W92000004,Wales,W06000020,Torfaen,2024,5.7,6.29,9.71,3.420000000000001,1.1599999999999993,14.840000000000002,False,False,OK
W92000004,Wales,W06000021,Monmouthshire,2024,8.44,6.29,9.71,3.420000000000001,1.1599999999999993,14.840000000000002,False,False,OK
W92000004,Wales,W06000022,Newport,2024,6.27,6.29,9.71,3.420000000000001,1.1599999999999993,14.840000000000002,False,False,OK
W92000004,Wales,W06000023,Powys,2024,6.84,6.29,9.71,3.420000000000001,1.1599999999999993,14.840000000000002,False,False,OK
W92000004,Wales,W06000024,Merthyr Tydfil,2024,4.41,6.29,9.71,3.420000000000001,1.1599999999999993,14.840000000000002,False,False,OK
E12000001,North East,E06000001,Hartlepool,2025,4.86,6.22,9.29,3.0699999999999994,1.615000000000001,13.894999999999998,False,False,OK
E12000001,North East,E06000002,Middlesbrough,2025,4.36,6.22,9.29,3.0699999999999994,1.615000000000001,13.894999999999998,False,False,OK
E12000001,North East,E06000003,Redcar and Cleveland,2025,4.7,6.22,9.29,3.0699999999999994,1.615000000000001,13.894999999999998,False,False,OK
E12000001,North East,E06000004,Stockton-on-Tees,2025,4.66,6.22,9.29,3.0699999999999994,1.615000000000001,13.894999999999998,False,False,OK
E12000001,North East,E06000005,Darlington,2025,4.92,6.22,9.29,3.0699999999999994,1.615000000000001,13.894999999999998,False,False,OK
E12000001,North East,E06000047,County Durham,2025,4.28,6.22,9.29,3.0699999999999994,1.615000000000001,13.894999999999998,False,False,OK
E12000001,North East,E06000057,Northumberland,2025,5.37,6.22,9.29,3.0699999999999994,1.615000000000001,13.894999999999998,False,False,OK
E12000001,North East,E08000021,Newcastle upon Tyne,2025,5.89,6.22,9.29,3.0699999999999994,1.615000000000001,13.894999999999998,False,False,OK
E12000001,North East,E08000022,North Tyneside,2025,5.67,6.22,9.29,3.0699999999999994,1.615000000000001,13.894999999999998,False,False,OK
E12000001,North East,E08000023,South Tyneside,2025,4.89,6.22,9.29,3.0699999999999994,1.615000000000001,13.894999999999998,False,False,OK
E12000001,North East,E08000024,Sunderland,2025,4.64,6.22,9.29,3.0699999999999994,1.615000000000001,13.894999999999998,False,False,OK
E12000001,North East,E08000037,Gateshead,2025,4.8,6.22,9.29,3.0699999999999994,1.615000000000001,13.894999999999998,False,False,OK
E12000002,North West,E06000006,Halton,2025,5.56,6.22,9.29,3.0699999999999994,1.615000000000001,13.894999999999998,False,False,OK
E12000002,North West,E06000007,Warrington,2025,6.32,6.22,9.29,3.0699999999999994,1.615000000000001,13.894999999999998,False,False,OK
E12000002,North West,E06000008,Blackburn with Darwen,2025,5.14,6.22,9.29,3.0699999999999994,1.615000000000001,13.894999999999998,False,False,OK
E12000002,North West,E06000009,Blackpool,2025,4.27,6.22,9.29,3.0699999999999994,1.615000000000001,13.894999999999998,False,False,OK
E12000002,North West,E06000049,Cheshire East,2025,7.32,6.22,9.29,3.0699999999999994,1.615000000000001,13.894999999999998,False,False,OK
E12000002,North West,E06000050,Cheshire West and Chester,2025,6.21,6.22,9.29,3.0699999999999994,1.615000000000001,13.894999999999998,False,False,OK
E12000002,North West,E06000063,Cumberland,2025,4.18,6.22,9.29,3.0699999999999994,1.615000000000001,13.894999999999998,False,False,OK
E12000002,North West,E06000064,Westmorland and Furness,2025,5.73,6.22,9.29,3.0699999999999994,1.615000000000001,13.894999999999998,False,False,OK
E12000002,North West,E07000117,Burnley,2025,3.91,6.22,9.29,3.0699999999999994,1.615000000000001,13.894999999999998,False,False,OK
E12000002,North West,E07000118,Chorley,2025,5.59,6.22,9.29,3.0699999999999994,1.615000000000001,13.894999999999998,False,False,OK
E12000002,North West,E07000119,Fylde,2025,5.46,6.22,9.29,3.0699999999999994,1.615000000000001,13.894999999999998,False,False,OK
E12000002,North West,E07000120,Hyndburn,2025,3.86,6.22,9.29,3.0699999999999994,1.615000000000001,13.894999999999998,False,False,OK
E12000002,North West,E07000121,Lancaster,2025,5.73,6.22,9.29,3.0699999999999994,1.615000000000001,13.894999999999998,False,False,OK
E12000002,North West,E07000122,Pendle,2025,4.62,6.22,9.29,3.0699999999999994,1.615000000000001,13.894999999999998,False,False,OK
E12000002,North West,E07000123,Preston,2025,5.16,6.22,9.29,3.0699999999999994,1.615000000000001,13.894999999999998,False,False,OK
E12000002,North West,E07000124,Ribble Valley,2025,6.73,6.22,9.29,3.0699999999999994,1.615000000000001,13.894999999999998,False,False,OK
E12000002,North West,E07000125,Rossendale,2025,5.24,6.22,9.29,3.0699999999999994,1.615000000000001,13.894999999999998,False,False,OK
E12000002,North West,E07000126,South Ribble,2025,5.75,6.22,9.29,3.0699999999999994,1.615000000000001,13.894999999999998,False,False,OK
E12000002,North West,E07000127,West Lancashire,2025,6.34,6.22,9.29,3.0699999999999994,1.615000000000001,13.894999999999998,False,False,OK
E12000002,North West,E07000128,Wyre,2025,5.13,6.22,9.29,3.0699999999999994,1.615000000000001,13.894999999999998,False,False,OK
E12000002,North West,E08000001,Bolton,2025,6.0,6.22,9.29,3.0699999999999994,1.615000000000001,13.894999999999998,False,False,OK
E12000002,North West,E08000002,Bury,2025,6.91,6.22,9.29,3.0699999999999994,1.615000000000001,13.894999999999998,False,False,OK
E12000002,North West,E08000003,Manchester,2025,6.82,6.22,9.29,3.0699999999999994,1.615000000000001,13.894999999999998,False,False,OK
E12000002,North West,E08000004,Oldham,2025,6.11,6.22,9.29,3.0699999999999994,1.615000000000001,13.894999999999998,False,False,OK
E12000002,North West,E08000005,Rochdale,2025,5.91,6.22,9.29,3.0699999999999994,1.615000000000001,13.894999999999998,False,False,OK
E12000002,North West,E08000006,Salford,2025,6.58,6.22,9.29,3.0699999999999994,1.615000000000001,13.894999999999998,False,False,OK
E12000002,North West,E08000007,Stockport,2025,7.76,6.22,9.29,3.0699999999999994,1.615000000000001,13.894999999999998,False,False,OK
E12000002,North West,E08000008,Tameside,2025,6.22,6.22,9.29,3.0699999999999994,1.615000000000001,13.894999999999998,False,False,OK
E12000002,North West,E08000009,Trafford,2025,8.67,6.22,9.29,3.0699999999999994,1.615000000000001,13.894999999999998,False,False,OK
E12000002,North West,E08000010,Wigan,2025,5.28,6.22,9.29,3.0699999999999994,1.615000000000001,13.894999999999998,False,False,OK
E12000002,North West,E08000011,Knowsley,2025,5.19,6.22,9.29,3.0699999999999994,1.615000000000001,13.894999999999998,False,False,OK
E12000002,North West,E08000012,Liverpool,2025,4.85,6.22,9.29,3.0699999999999994,1.615000000000001,13.894999999999998,False,False,OK
E12000002,North West,E08000013,St. Helens,2025,5.09,6.22,9.29,3.0699999999999994,1.615000000000001,13.894999999999998,False,False,OK
E12000002,North West,E08000014,Sefton,2025,6.23,6.22,9.29,3.0699999999999994,1.615000000000001,13.894999999999998,False,False,OK
E12000002,North West,E08000015,Wirral,2025,5.72,6.22,9.29,3.0699999999999994,1.615000000000001,13.894999999999998,False,False,OK
E12000003,Yorkshire and The Humber,E06000010,"Kingston upon Hull, City of",2025,4.46,6.22,9.29,3.0699999999999994,1.615000000000001,13.894999999999998,False,False,OK
E12000003,Yorkshire and The Humber,E06000011,East Riding of Yorkshire,2025,5.98,6.22,9.29,3.0699999999999994,1.615000000000001,13.894999999999998,False,False,OK
E12000003,Yorkshire and The Humber,E06000012,North East Lincolnshire,2025,4.71,6.22,9.29,3.0699999999999994,1.615000000000001,13.894999999999998,False,False,OK
E12000003,Yorkshire and The Humber,E06000013,North Lincolnshire,2025,5.12,6.22,9.29,3.0699999999999994,1.615000000000001,13.894999999999998,False,False,OK
E12000003,Yorkshire and The Humber,E06000014,York,2025,7.53,6.22,9.29,3.0699999999999994,1.615000000000001,13.894999999999998,False,False,OK
E12000003,Yorkshire and The Humber,E06000065,North Yorkshire,2025,7.44,6.22,9.29,3.0699999999999994,1.615000000000001,13.894999999999998,False,False,OK
E12000003,Yorkshire and The Humber,E08000017,Doncaster,2025,5.0,6.22,9.29,3.0699999999999994,1.615000000000001,13.894999999999998,False,False,OK
E12000003,Yorkshire and The Humber,E08000018,Rotherham,2025,5.53,6.22,9.29,3.0699999999999994,1.615000000000001,13.894999999999998,False,False,OK
E12000003,Yorkshire and The Humber,E08000032,Bradford,2025,5.43,6.22,9.29,3.0699999999999994,1.615000000000001,13.894999999999998,False,False,OK
E12000003,Yorkshire and The Humber,E08000033,Calderdale,2025,5.28,6.22,9.29,3.0699999999999994,1.615000000000001,13.894999999999998,False,False,OK
E12000003,Yorkshire and The Humber,E08000034,Kirklees,2025,5.85,6.22,9.29,3.0699999999999994,1.615000000000001,13.894999999999998,False,False,OK
E12000003,Yorkshire and The Humber,E08000035,Leeds,2025,6.67,6.22,9.29,3.0699999999999994,1.615000000000001,13.894999999999998,False,False,OK
E12000003,Yorkshire and The Humber,E08000036,Wakefield,2025,5.81,6.22,9.29,3.0699999999999994,1.615000000000001,13.894999999999998,False,False,OK
E12000003,Yorkshire and The Humber,E08000038,Barnsley,2025,4.91,6.22,9.29,3.0699999999999994,1.615000000000001,13.894999999999998,False,False,OK
E12000003,Yorkshire and The Humber,E08000039,Sheffield,2025,5.75,6.22,9.29,3.0699999999999994,1.615000000000001,13.894999999999998,False,False,OK
E12000004,East Midlands,E06000015,Derby,2025,6.04,6.22,9.29,3.0699999999999994,1.615000000000001,13.894999999999998,False,False,OK
E12000004,East Midlands,E06000016,Leicester,2025,7.59,6.22,9.29,3.0699999999999994,1.615000000000001,13.894999999999998,False,False,OK
E12000004,East Midlands,E06000017,Rutland,2025,7.94,6.22,9.29,3.0699999999999994,1.615000000000001,13.894999999999998,False,False,OK
E12000004,East Midlands,E06000018,Nottingham,2025,6.49,6.22,9.29,3.0699999999999994,1.615000000000001,13.894999999999998,False,False,OK
E12000004,East Midlands,E06000061,North Northamptonshire,2025,6.85,6.22,9.29,3.0699999999999994,1.615000000000001,13.894999999999998,False,False,OK
E12000004,East Midlands,E06000062,West Northamptonshire,2025,7.89,6.22,9.29,3.0699999999999994,1.615000000000001,13.894999999999998,False,False,OK
E12000004,East Midlands,E07000032,Amber Valley,2025,6.22,6.22,9.29,3.0699999999999994,1.615000000000001,13.894999999999998,False,False,OK
E12000004,East Midlands,E07000033,Bolsover,2025,5.47,6.22,9.29,3.0699999999999994,1.615000000000001,13.894999999999998,False,False,OK
E12000004,East Midlands,E07000034,Chesterfield,2025,5.43,6.22,9.29,3.0699999999999994,1.615000000000001,13.894999999999998,False,False,OK
E12000004,East Midlands,E07000035,Derbyshire Dales,2025,7.31,6.22,9.29,3.0699999999999994,1.615000000000001,13.894999999999998,False,False,OK
E12000004,East Midlands,E07000036,Erewash,2025,5.92,6.22,9.29,3.0699999999999994,1.615000000000001,13.894999999999998,False,False,OK
E12000004,East Midlands,E07000037,High Peak,2025,6.99,6.22,9.29,3.0699999999999994,1.615000000000001,13.894999999999998,False,False,OK
E12000004,East Midlands,E07000038,North East Derbyshire,2025,6.64,6.22,9.29,3.0699999999999994,1.615000000000001,13.894999999999998,False,False,OK
E12000004,East Midlands,E07000039,South Derbyshire,2025,6.17,6.22,9.29,3.0699999999999994,1.615000000000001,13.894999999999998,False,False,OK
E12000004,East Midlands,E07000129,Blaby,2025,7.31,6.22,9.29,3.0699999999999994,1.615000000000001,13.894999999999998,False,False,OK
E12000004,East Midlands,E07000130,Charnwood,2025,7.22,6.22,9.29,3.0699999999999994,1.615000000000001,13.894999999999998,False,False,OK
E12000004,East Midlands,E07000131,Harborough,2025,7.83,6.22,9.29,3.0699999999999994,1.615000000000001,13.894999999999998,False,False,OK
E12000004,East Midlands,E07000132,Hinckley and Bosworth,2025,7.29,6.22,9.29,3.0699999999999994,1.615000000000001,13.894999999999998,False,False,OK
E12000004,East Midlands,E07000133,Melton,2025,7.96,6.22,9.29,3.0699999999999994,1.615000000000001,13.894999999999998,False,False,OK
E12000004,East Midlands,E07000134,North West Leicestershire,2025,6.96,6.22,9.29,3.0699999999999994,1.615000000000001,13.894999999999998,False,False,OK
E12000004,East Midlands,E07000135,Oadby and Wigston,2025,6.83,6.22,9.29,3.0699999999999994,1.615000000000001,13.894999999999998,False,False,OK
E12000004,East Midlands,E07000136,Boston,2025,6.88,6.22,9.29,3.0699999999999994,1.615000000000001,13.894999999999998,False,False,OK
E12000004,East Midlands,E07000137,East Lindsey,2025,6.98,6.22,9.29,3.0699999999999994,1.615000000000001,13.894999999999998,False,False,OK
E12000004,East Midlands,E07000138,Lincoln,2025,5.36,6.22,9.29,3.0699999999999994,1.615000000000001,13.894999999999998,False,False,OK
E12000004,East Midlands,E07000139,North Kesteven,2025,6.49,6.22,9.29,3.0699999999999994,1.615000000000001,13.894999999999998,False,False,OK
E12000004,East Midlands,E07000140,South Holland,2025,7.27,6.22,9.29,3.0699999999999994,1.615000000000001,13.894999999999998,False,False,OK
E12000004,East Midlands,E07000141,South Kesteven,2025,7.59,6.22,9.29,3.0699999999999994,1.615000000000001,13.894999999999998,False,False,OK
E12000004,East Midlands,E07000142,West Lindsey,2025,5.98,6.22,9.29,3.0699999999999994,1.615000000000001,13.894999999999998,False,False,OK
E12000004,East Midlands,E07000170,Ashfield,2025,6.04,6.22,9.29,3.0699999999999994,1.615000000000001,13.894999999999998,False,False,OK
E12000004,East Midlands,E07000171,Bassetlaw,2025,5.76,6.22,9.29,3.0699999999999994,1.615000000000001,13.894999999999998,False,False,OK
E12000004,East Midlands,E07000172,Broxtowe,2025,6.57,6.22,9.29,3.0699999999999994,1.615000000000001,13.894999999999998,False,False,OK
E12000004,East Midlands,E07000173,Gedling,2025,6.63,6.22,9.29,3.0699999999999994,1.615000000000001,13.894999999999998,False,False,OK
E12000004,East Midlands,E07000174,Mansfield,2025,5.78,6.22,9.29,3.0699999999999994,1.615000000000001,13.894999999999998,False,False,OK
E12000004,East Midlands,E07000175,Newark and Sherwood,2025,6.4,6.22,9.29,3.0699999999999994,1.615000000000001,13.894999999999998,False,False,OK
E12000004,East Midlands,E07000176,Rushcliffe,2025,7.51,6.22,9.29,3.0699999999999994,1.615000000000001,13.894999999999998,False,False,OK
E12000005,West Midlands,E06000019,"Herefordshire, County of",2025,8.49,6.22,9.29,3.0699999999999994,1.615000000000001,13.894999999999998,False,False,OK
E12000005,West Midlands,E06000020,Telford and Wrekin,2025,6.38,6.22,9.29,3.0699999999999994,1.615000000000001,13.894999999999998,False,False,OK
E12000005,West Midlands,E06000021,Stoke-on-Trent,2025,4.73,6.22,9.29,3.0699999999999994,1.615000000000001,13.894999999999998,False,False,OK
E12000005,West Midlands,E06000051,Shropshire,2025,7.43,6.22,9.29,3.0699999999999994,1.615000000000001,13.894999999999998,False,False,OK
E12000005,West Midlands,E07000192,Cannock Chase,2025,6.29,6.22,9.29,3.0699999999999994,1.615000000000001,13.894999999999998,False,False,OK
E12000005,West Midlands,E07000193,East Staffordshire,2025,6.38,6.22,9.29,3.0699999999999994,1.615000000000001,13.894999999999998,False,False,OK
E12000005,West Midlands,E07000194,Lichfield,2025,7.65,6.22,9.29,3.0699999999999994,1.615000000000001,13.894999999999998,False,False,OK
E12000005,West Midlands,E07000195,Newcastle-under-Lyme,2025,5.46,6.22,9.29,3.0699999999999994,1.615000000000001,13.894999999999998,False,False,OK
E12000005,West Midlands,E07000196,South Staffordshire,2025,7.48,6.22,9.29,3.0699999999999994,1.615000000000001,13.894999999999998,False,False,OK
E12000005,West Midlands,E07000197,Stafford,2025,6.54,6.22,9.29,3.0699999999999994,1.615000000000001,13.894999999999998,False,False,OK
E12000005,West Midlands,E07000198,Staffordshire Moorlands,2025,5.89,6.22,9.29,3.0699999999999994,1.615000000000001,13.894999999999998,False,False,OK
E12000005,West Midlands,E07000199,Tamworth,2025,6.23,6.22,9.29,3.0699999999999994,1.615000000000001,13.894999999999998,False,False,OK
E12000005,West Midlands,E07000218,North Warwickshire,2025,6.57,6.22,9.29,3.0699999999999994,1.615000000000001,13.894999999999998,False,False,OK
E12000005,West Midlands,E07000219,Nuneaton and Bedworth,2025,6.92,6.22,9.29,3.0699999999999994,1.615000000000001,13.894999999999998,False,False,OK
E12000005,West Midlands,E07000220,Rugby,2025,6.25,6.22,9.29,3.0699999999999994,1.615000000000001,13.894999999999998,False,False,OK
E12000005,West Midlands,E07000221,Stratford-on-Avon,2025,8.96,6.22,9.29,3.0699999999999994,1.615000000000001,13.894999999999998,False,False,OK
E12000005,West Midlands,E07000222,Warwick,2025,7.55,6.22,9.29,3.0699999999999994,1.615000000000001,13.894999999999998,False,False,OK
E12000005,West Midlands,E07000234,Bromsgrove,2025,7.95,6.22,9.29,3.0699999999999994,1.615000000000001,13.894999999999998,False,False,OK
E12000005,West Midlands,E07000235,Malvern Hills,2025,9.17,6.22,9.29,3.0699999999999994,1.615000000000001,13.894999999999998,False,False,OK
E12000005,West Midlands,E07000236,Redditch,2025,7.23,6.22,9.29,3.0699999999999994,1.615000000000001,13.894999999999998,False,False,OK
E12000005,West Midlands,E07000237,Worcester,2025,6.69,6.22,9.29,3.0699999999999994,1.615000000000001,13.894999999999998,False,False,OK
E12000005,West Midlands,E07000238,Wychavon,2025,9.04,6.22,9.29,3.0699999999999994,1.615000000000001,13.894999999999998,False,False,OK
E12000005,West Midlands,E07000239,Wyre Forest,2025,7.5,6.22,9.29,3.0699999999999994,1.615000000000001,13.894999999999998,False,False,OK
E12000005,West Midlands,E08000025,Birmingham,2025,6.53,6.22,9.29,3.0699999999999994,1.615000000000001,13.894999999999998,False,False,OK
E12000005,West Midlands,E08000026,Coventry,2025,6.04,6.22,9.29,3.0699999999999994,1.615000000000001,13.894999999999998,False,False,OK
E12000005,West Midlands,E08000027,Dudley,2025,6.76,6.22,9.29,3.0699999999999994,1.615000000000001,13.894999999999998,False,False,OK
E12000005,West Midlands,E08000028,Sandwell,2025,6.57,6.22,9.29,3.0699999999999994,1.615000000000001,13.894999999999998,False,False,OK
E12000005,West Midlands,E08000029,Solihull,2025,7.04,6.22,9.29,3.0699999999999994,1.615000000000001,13.894999999999998,False,False,OK
E12000005,West Midlands,E08000030,Walsall,2025,6.55,6.22,9.29,3.0699999999999994,1.615000000000001,13.894999999999998,False,False,OK
E12000005,West Midlands,E08000031,Wolverhampton,2025,6.14,6.22,9.29,3.0699999999999994,1.615000000000001,13.894999999999998,False,False,OK
E12000006,East of England,E06000031,Peterborough,2025,6.88,6.22,9.29,3.0699999999999994,1.615000000000001,13.894999999999998,False,False,OK
E12000006,East of England,E06000032,Luton,2025,9.07,6.22,9.29,3.0699999999999994,1.615000000000001,13.894999999999998,False,False,OK
E12000006,East of England,E06000033,Southend-on-Sea,2025,8.18,6.22,9.29,3.0699999999999994,1.615000000000001,13.894999999999998,False,False,OK
E12000006,East of England,E06000034,Thurrock,2025,8.45,6.22,9.29,3.0699999999999994,1.615000000000001,13.894999999999998,False,False,OK
E12000006,East of England,E06000055,Bedford,2025,8.37,6.22,9.29,3.0699999999999994,1.615000000000001,13.894999999999998,False,False,OK
E12000006,East of England,E06000056,Central Bedfordshire,2025,8.36,6.22,9.29,3.0699999999999994,1.615000000000001,13.894999999999998,False,False,OK
E12000006,East of England,E07000008,Cambridge,2025,11.32,6.22,9.29,3.0699999999999994,1.615000000000001,13.894999999999998,False,False,OK
E12000006,East of England,E07000009,East Cambridgeshire,2025,8.2,6.22,9.29,3.0699999999999994,1.615000000000001,13.894999999999998,False,False,OK
E12000006,East of England,E07000010,Fenland,2025,6.8,6.22,9.29,3.0699999999999994,1.615000000000001,13.894999999999998,False,False,OK
E12000006,East of England,E07000011,Huntingdonshire,2025,8.45,6.22,9.29,3.0699999999999994,1.615000000000001,13.894999999999998,False,False,OK
E12000006,East of England,E07000012,South Cambridgeshire,2025,8.75,6.22,9.29,3.0699999999999994,1.615000000000001,13.894999999999998,False,False,OK
E12000006,East of England,E07000066,Basildon,2025,9.12,6.22,9.29,3.0699999999999994,1.615000000000001,13.894999999999998,False,False,OK
E12000006,East of England,E07000067,Braintree,2025,8.69,6.22,9.29,3.0699999999999994,1.615000000000001,13.894999999999998,False,False,OK
E12000006,East of England,E07000068,Brentwood,2025,10.53,6.22,9.29,3.0699999999999994,1.615000000000001,13.894999999999998,False,False,OK
E12000006,East of England,E07000069,Castle Point,2025,8.62,6.22,9.29,3.0699999999999994,1.615000000000001,13.894999999999998,False,False,OK
E12000006,East of England,E07000070,Chelmsford,2025,8.88,6.22,9.29,3.0699999999999994,1.615000000000001,13.894999999999998,False,False,OK
E12000006,East of England,E07000071,Colchester,2025,8.31,6.22,9.29,3.0699999999999994,1.615000000000001,13.894999999999998,False,False,OK
E12000006,East of England,E07000072,Epping Forest,2025,11.29,6.22,9.29,3.0699999999999994,1.615000000000001,13.894999999999998,False,False,OK
E12000006,East of England,E07000073,Harlow,2025,8.73,6.22,9.29,3.0699999999999994,1.615000000000001,13.894999999999998,False,False,OK
E12000006,East of England,E07000074,Maldon,2025,8.87,6.22,9.29,3.0699999999999994,1.615000000000001,13.894999999999998,False,False,OK
E12000006,East of England,E07000075,Rochford,2025,9.05,6.22,9.29,3.0699999999999994,1.615000000000001,13.894999999999998,False,False,OK
E12000006,East of England,E07000076,Tendring,2025,7.26,6.22,9.29,3.0699999999999994,1.615000000000001,13.894999999999998,False,False,OK
E12000006,East of England,E07000077,Uttlesford,2025,9.22,6.22,9.29,3.0699999999999994,1.615000000000001,13.894999999999998,False,False,OK
E12000006,East of England,E07000095,Broxbourne,2025,9.28,6.22,9.29,3.0699999999999994,1.615000000000001,13.894999999999998,False,False,OK
E12000006,East of England,E07000096,Dacorum,2025,10.12,6.22,9.29,3.0699999999999994,1.615000000000001,13.894999999999998,False,False,OK
E12000006,East of England,E07000098,Hertsmere,2025,12.27,6.22,9.29,3.0699999999999994,1.615000000000001,13.894999999999998,False,False,OK
E12000006,East of England,E07000099,North Hertfordshire,2025,8.63,6.22,9.29,3.0699999999999994,1.615000000000001,13.894999999999998,False,False,OK
E12000006,East of England,E07000102,Three Rivers,2025,12.39,6.22,9.29,3.0699999999999994,1.615000000000001,13.894999999999998,False,False,OK
E12000006,East of England,E07000103,Watford,2025,9.83,6.22,9.29,3.0699999999999994,1.615000000000001,13.894999999999998,False,False,OK
E12000006,East of England,E07000143,Breckland,2025,7.7,6.22,9.29,3.0699999999999994,1.615000000000001,13.894999999999998,False,False,OK
E12000006,East of England,E07000144,Broadland,2025,8.04,6.22,9.29,3.0699999999999994,1.615000000000001,13.894999999999998,False,False,OK
E12000006,East of England,E07000145,Great Yarmouth,2025,6.32,6.22,9.29,3.0699999999999994,1.615000000000001,13.894999999999998,False,False,OK
E12000006,East of England,E07000146,King's Lynn and West Norfolk,2025,7.33,6.22,9.29,3.0699999999999994,1.615000000000001,13.894999999999998,False,False,OK
E12000006,East of England,E07000147,North Norfolk,2025,8.73,6.22,9.29,3.0699999999999994,1.615000000000001,13.894999999999998,False,False,OK
E12000006,East of England,E07000148,Norwich,2025,6.66,6.22,9.29,3.0699999999999994,1.615000000000001,13.894999999999998,False,False,OK
E12000006,East of England,E07000149,South Norfolk,2025,7.66,6.22,9.29,3.0699999999999994,1.615000000000001,13.894999999999998,False,False,OK
E12000006,East of England,E07000200,Babergh,2025,9.67,6.22,9.29,3.0699999999999994,1.615000000000001,13.894999999999998,False,False,OK
E12000006,East of England,E07000202,Ipswich,2025,6.55,6.22,9.29,3.0699999999999994,1.615000000000001,13.894999999999998,False,False,OK
E12000006,East of England,E07000203,Mid Suffolk,2025,7.62,6.22,9.29,3.0699999999999994,1.615000000000001,13.894999999999998,False,False,OK
E12000006,East of England,E07000240,St Albans,2025,10.98,6.22,9.29,3.0699999999999994,1.615000000000001,13.894999999999998,False,False,OK
E12000006,East of England,E07000241,Welwyn Hatfield,2025,9.75,6.22,9.29,3.0699999999999994,1.615000000000001,13.894999999999998,False,False,OK
E12000006,East of England,E07000242,East Hertfordshire,2025,8.62,6.22,9.29,3.0699999999999994,1.615000000000001,13.894999999999998,False,False,OK
E12000006,East of England,E07000243,Stevenage,2025,8.06,6.22,9.29,3.0699999999999994,1.615000000000001,13.894999999999998,False,False,OK
E12000006,East of England,E07000244,East Suffolk,2025,7.88,6.22,9.29,3.0699999999999994,1.615000000000001,13.894999999999998,False,False,OK
E12000006,East of England,E07000245,West Suffolk,2025,7.24,6.22,9.29,3.0699999999999994,1.615000000000001,13.894999999999998,False,False,OK
E12000007,London,E09000001,City of London,2025,,6.22,9.29,3.0699999999999994,1.615000000000001,13.894999999999998,False,True,Missing ratio value
E12000007,London,E09000002,Barking and Dagenham,2025,9.77,6.22,9.29,3.0699999999999994,1.615000000000001,13.894999999999998,False,False,OK
E12000007,London,E09000003,Barnet,2025,12.07,6.22,9.29,3.0699999999999994,1.615000000000001,13.894999999999998,False,False,OK
E12000007,London,E09000004,Bexley,2025,9.78,6.22,9.29,3.0699999999999994,1.615000000000001,13.894999999999998,False,False,OK
E12000007,London,E09000005,Brent,2025,13.89,6.22,9.29,3.0699999999999994,1.615000000000001,13.894999999999998,False,False,OK
E12000007,London,E09000006,Bromley,2025,10.25,6.22,9.29,3.0699999999999994,1.615000000000001,13.894999999999998,False,False,OK
E12000007,London,E09000007,Camden,2025,14.49,6.22,9.29,3.0699999999999994,1.615000000000001,13.894999999999998,True,False,Statistical outlier
E12000007,London,E09000008,Croydon,2025,9.59,6.22,9.29,3.0699999999999994,1.615000000000001,13.894999999999998,False,False,OK
E12000007,London,E09000009,Ealing,2025,13.21,6.22,9.29,3.0699999999999994,1.615000000000001,13.894999999999998,False,False,OK
E12000007,London,E09000010,Enfield,2025,10.85,6.22,9.29,3.0699999999999994,1.615000000000001,13.894999999999998,False,False,OK
E12000007,London,E09000011,Greenwich,2025,10.12,6.22,9.29,3.0699999999999994,1.615000000000001,13.894999999999998,False,False,OK
E12000007,London,E09000012,Hackney,2025,11.72,6.22,9.29,3.0699999999999994,1.615000000000001,13.894999999999998,False,False,OK
E12000007,London,E09000013,Hammersmith and Fulham,2025,14.83,6.22,9.29,3.0699999999999994,1.615000000000001,13.894999999999998,True,False,Statistical outlier
E12000007,London,E09000014,Haringey,2025,13.02,6.22,9.29,3.0699999999999994,1.615000000000001,13.894999999999998,False,False,OK
E12000007,London,E09000015,Harrow,2025,12.16,6.22,9.29,3.0699999999999994,1.615000000000001,13.894999999999998,False,False,OK
E12000007,London,E09000016,Havering,2025,9.77,6.22,9.29,3.0699999999999994,1.615000000000001,13.894999999999998,False,False,OK
E12000007,London,E09000017,Hillingdon,2025,12.07,6.22,9.29,3.0699999999999994,1.615000000000001,13.894999999999998,False,False,OK
E12000007,London,E09000018,Hounslow,2025,11.87,6.22,9.29,3.0699999999999994,1.615000000000001,13.894999999999998,False,False,OK
E12000007,London,E09000019,Islington,2025,12.33,6.22,9.29,3.0699999999999994,1.615000000000001,13.894999999999998,False,False,OK
E12000007,London,E09000020,Kensington and Chelsea,2025,21.87,6.22,9.29,3.0699999999999994,1.615000000000001,13.894999999999998,True,False,Statistical outlier
E12000007,London,E09000021,Kingston upon Thames,2025,11.49,6.22,9.29,3.0699999999999994,1.615000000000001,13.894999999999998,False,False,OK
E12000007,London,E09000022,Lambeth,2025,10.97,6.22,9.29,3.0699999999999994,1.615000000000001,13.894999999999998,False,False,OK
E12000007,London,E09000023,Lewisham,2025,10.44,6.22,9.29,3.0699999999999994,1.615000000000001,13.894999999999998,False,False,OK
E12000007,London,E09000024,Merton,2025,10.72,6.22,9.29,3.0699999999999994,1.615000000000001,13.894999999999998,False,False,OK
E12000007,London,E09000025,Newham,2025,10.56,6.22,9.29,3.0699999999999994,1.615000000000001,13.894999999999998,False,False,OK
E12000007,London,E09000026,Redbridge,2025,11.19,6.22,9.29,3.0699999999999994,1.615000000000001,13.894999999999998,False,False,OK
E12000007,London,E09000027,Richmond upon Thames,2025,12.58,6.22,9.29,3.0699999999999994,1.615000000000001,13.894999999999998,False,False,OK
E12000007,London,E09000028,Southwark,2025,11.09,6.22,9.29,3.0699999999999994,1.615000000000001,13.894999999999998,False,False,OK
E12000007,London,E09000029,Sutton,2025,10.25,6.22,9.29,3.0699999999999994,1.615000000000001,13.894999999999998,False,False,OK
E12000007,London,E09000030,Tower Hamlets,2025,9.62,6.22,9.29,3.0699999999999994,1.615000000000001,13.894999999999998,False,False,OK
E12000007,London,E09000031,Waltham Forest,2025,11.86,6.22,9.29,3.0699999999999994,1.615000000000001,13.894999999999998,False,False,OK
E12000007,London,E09000032,Wandsworth,2025,11.59,6.22,9.29,3.0699999999999994,1.615000000000001,13.894999999999998,False,False,OK
E12000007,London,E09000033,Westminster,2025,16.44,6.22,9.29,3.0699999999999994,1.615000000000001,13.894999999999998,True,False,Statistical outlier
E12000008,South East,E06000035,Medway,2025,7.82,6.22,9.29,3.0699999999999994,1.615000000000001,13.894999999999998,False,False,OK
E12000008,South East,E06000036,Bracknell Forest,2025,9.49,6.22,9.29,3.0699999999999994,1.615000000000001,13.894999999999998,False,False,OK
E12000008,South East,E06000037,West Berkshire,2025,9.02,6.22,9.29,3.0699999999999994,1.615000000000001,13.894999999999998,False,False,OK
E12000008,South East,E06000038,Reading,2025,8.6,6.22,9.29,3.0699999999999994,1.615000000000001,13.894999999999998,False,False,OK
E12000008,South East,E06000039,Slough,2025,10.13,6.22,9.29,3.0699999999999994,1.615000000000001,13.894999999999998,False,False,OK
E12000008,South East,E06000040,Windsor and Maidenhead,2025,11.61,6.22,9.29,3.0699999999999994,1.615000000000001,13.894999999999998,False,False,OK
E12000008,South East,E06000041,Wokingham,2025,9.38,6.22,9.29,3.0699999999999994,1.615000000000001,13.894999999999998,False,False,OK
E12000008,South East,E06000042,Milton Keynes,2025,8.46,6.22,9.29,3.0699999999999994,1.615000000000001,13.894999999999998,False,False,OK
E12000008,South East,E06000043,Brighton and Hove,2025,10.55,6.22,9.29,3.0699999999999994,1.615000000000001,13.894999999999998,False,False,OK
E12000008,South East,E06000044,Portsmouth,2025,7.22,6.22,9.29,3.0699999999999994,1.615000000000001,13.894999999999998,False,False,OK
E12000008,South East,E06000045,Southampton,2025,7.0,6.22,9.29,3.0699999999999994,1.615000000000001,13.894999999999998,False,False,OK
E12000008,South East,E06000046,Isle of Wight,2025,8.5,6.22,9.29,3.0699999999999994,1.615000000000001,13.894999999999998,False,False,OK
E12000008,South East,E06000060,Buckinghamshire,2025,10.51,6.22,9.29,3.0699999999999994,1.615000000000001,13.894999999999998,False,False,OK
E12000008,South East,E07000061,Eastbourne,2025,7.39,6.22,9.29,3.0699999999999994,1.615000000000001,13.894999999999998,False,False,OK
E12000008,South East,E07000062,Hastings,2025,8.06,6.22,9.29,3.0699999999999994,1.615000000000001,13.894999999999998,False,False,OK
E12000008,South East,E07000063,Lewes,2025,9.42,6.22,9.29,3.0699999999999994,1.615000000000001,13.894999999999998,False,False,OK
E12000008,South East,E07000064,Rother,2025,9.95,6.22,9.29,3.0699999999999994,1.615000000000001,13.894999999999998,False,False,OK
E12000008,South East,E07000065,Wealden,2025,8.72,6.22,9.29,3.0699999999999994,1.615000000000001,13.894999999999998,False,False,OK
E12000008,South East,E07000084,Basingstoke and Deane,2025,8.12,6.22,9.29,3.0699999999999994,1.615000000000001,13.894999999999998,False,False,OK
E12000008,South East,E07000085,East Hampshire,2025,8.86,6.22,9.29,3.0699999999999994,1.615000000000001,13.894999999999998,False,False,OK
E12000008,South East,E07000086,Eastleigh,2025,8.13,6.22,9.29,3.0699999999999994,1.615000000000001,13.894999999999998,False,False,OK
E12000008,South East,E07000087,Fareham,2025,7.89,6.22,9.29,3.0699999999999994,1.615000000000001,13.894999999999998,False,False,OK
E12000008,South East,E07000088,Gosport,2025,6.82,6.22,9.29,3.0699999999999994,1.615000000000001,13.894999999999998,False,False,OK
E12000008,South East,E07000089,Hart,2025,10.0,6.22,9.29,3.0699999999999994,1.615000000000001,13.894999999999998,False,False,OK
E12000008,South East,E07000090,Havant,2025,8.67,6.22,9.29,3.0699999999999994,1.615000000000001,13.894999999999998,False,False,OK
E12000008,South East,E07000091,New Forest,2025,9.85,6.22,9.29,3.0699999999999994,1.615000000000001,13.894999999999998,False,False,OK
E12000008,South East,E07000092,Rushmoor,2025,9.5,6.22,9.29,3.0699999999999994,1.615000000000001,13.894999999999998,False,False,OK
E12000008,South East,E07000093,Test Valley,2025,9.0,6.22,9.29,3.0699999999999994,1.615000000000001,13.894999999999998,False,False,OK
E12000008,South East,E07000094,Winchester,2025,10.05,6.22,9.29,3.0699999999999994,1.615000000000001,13.894999999999998,False,False,OK
E12000008,South East,E07000105,Ashford,2025,9.21,6.22,9.29,3.0699999999999994,1.615000000000001,13.894999999999998,False,False,OK
E12000008,South East,E07000106,Canterbury,2025,9.16,6.22,9.29,3.0699999999999994,1.615000000000001,13.894999999999998,False,False,OK
E12000008,South East,E07000107,Dartford,2025,8.51,6.22,9.29,3.0699999999999994,1.615000000000001,13.894999999999998,False,False,OK
E12000008,South East,E07000108,Dover,2025,7.35,6.22,9.29,3.0699999999999994,1.615000000000001,13.894999999999998,False,False,OK
E12000008,South East,E07000109,Gravesham,2025,8.53,6.22,9.29,3.0699999999999994,1.615000000000001,13.894999999999998,False,False,OK
E12000008,South East,E07000110,Maidstone,2025,9.56,6.22,9.29,3.0699999999999994,1.615000000000001,13.894999999999998,False,False,OK
E12000008,South East,E07000111,Sevenoaks,2025,10.77,6.22,9.29,3.0699999999999994,1.615000000000001,13.894999999999998,False,False,OK
E12000008,South East,E07000112,Folkestone and Hythe,2025,8.11,6.22,9.29,3.0699999999999994,1.615000000000001,13.894999999999998,False,False,OK
E12000008,South East,E07000113,Swale,2025,7.94,6.22,9.29,3.0699999999999994,1.615000000000001,13.894999999999998,False,False,OK
E12000008,South East,E07000114,Thanet,2025,8.13,6.22,9.29,3.0699999999999994,1.615000000000001,13.894999999999998,False,False,OK
E12000008,South East,E07000115,Tonbridge and Malling,2025,9.78,6.22,9.29,3.0699999999999994,1.615000000000001,13.894999999999998,False,False,OK
E12000008,South East,E07000116,Tunbridge Wells,2025,8.98,6.22,9.29,3.0699999999999994,1.615000000000001,13.894999999999998,False,False,OK
E12000008,South East,E07000177,Cherwell,2025,8.54,6.22,9.29,3.0699999999999994,1.615000000000001,13.894999999999998,False,False,OK
E12000008,South East,E07000178,Oxford,2025,10.4,6.22,9.29,3.0699999999999994,1.615000000000001,13.894999999999998,False,False,OK
E12000008,South East,E07000179,South Oxfordshire,2025,9.27,6.22,9.29,3.0699999999999994,1.615000000000001,13.894999999999998,False,False,OK
E12000008,South East,E07000180,Vale of White Horse,2025,9.05,6.22,9.29,3.0699999999999994,1.615000000000001,13.894999999999998,False,False,OK
E12000008,South East,E07000181,West Oxfordshire,2025,8.99,6.22,9.29,3.0699999999999994,1.615000000000001,13.894999999999998,False,False,OK
E12000008,South East,E07000207,Elmbridge,2025,12.52,6.22,9.29,3.0699999999999994,1.615000000000001,13.894999999999998,False,False,OK
E12000008,South East,E07000208,Epsom and Ewell,2025,10.67,6.22,9.29,3.0699999999999994,1.615000000000001,13.894999999999998,False,False,OK
E12000008,South East,E07000209,Guildford,2025,10.58,6.22,9.29,3.0699999999999994,1.615000000000001,13.894999999999998,False,False,OK
E12000008,South East,E07000210,Mole Valley,2025,13.51,6.22,9.29,3.0699999999999994,1.615000000000001,13.894999999999998,False,False,OK
E12000008,South East,E07000211,Reigate and Banstead,2025,11.05,6.22,9.29,3.0699999999999994,1.615000000000001,13.894999999999998,False,False,OK
E12000008,South East,E07000212,Runnymede,2025,9.69,6.22,9.29,3.0699999999999994,1.615000000000001,13.894999999999998,False,False,OK
E12000008,South East,E07000213,Spelthorne,2025,10.49,6.22,9.29,3.0699999999999994,1.615000000000001,13.894999999999998,False,False,OK
E12000008,South East,E07000214,Surrey Heath,2025,10.77,6.22,9.29,3.0699999999999994,1.615000000000001,13.894999999999998,False,False,OK
E12000008,South East,E07000215,Tandridge,2025,12.32,6.22,9.29,3.0699999999999994,1.615000000000001,13.894999999999998,False,False,OK
E12000008,South East,E07000216,Waverley,2025,11.01,6.22,9.29,3.0699999999999994,1.615000000000001,13.894999999999998,False,False,OK
E12000008,South East,E07000217,Woking,2025,9.95,6.22,9.29,3.0699999999999994,1.615000000000001,13.894999999999998,False,False,OK
E12000008,South East,E07000223,Adur,2025,9.61,6.22,9.29,3.0699999999999994,1.615000000000001,13.894999999999998,False,False,OK
E12000008,South East,E07000224,Arun,2025,10.13,6.22,9.29,3.0699999999999994,1.615000000000001,13.894999999999998,False,False,OK
E12000008,South East,E07000225,Chichester,2025,11.77,6.22,9.29,3.0699999999999994,1.615000000000001,13.894999999999998,False,False,OK
E12000008,South East,E07000226,Crawley,2025,9.05,6.22,9.29,3.0699999999999994,1.615000000000001,13.894999999999998,False,False,OK
E12000008,South East,E07000227,Horsham,2025,10.05,6.22,9.29,3.0699999999999994,1.615000000000001,13.894999999999998,False,False,OK
E12000008,South East,E07000228,Mid Sussex,2025,9.92,6.22,9.29,3.0699999999999994,1.615000000000001,13.894999999999998,False,False,OK
E12000008,South East,E07000229,Worthing,2025,9.57,6.22,9.29,3.0699999999999994,1.615000000000001,13.894999999999998,False,False,OK
E12000009,South West,E06000022,Bath and North East Somerset,2025,9.77,6.22,9.29,3.0699999999999994,1.615000000000001,13.894999999999998,False,False,OK
E12000009,South West,E06000023,"Bristol, City of",2025,8.88,6.22,9.29,3.0699999999999994,1.615000000000001,13.894999999999998,False,False,OK
E12000009,South West,E06000024,North Somerset,2025,7.88,6.22,9.29,3.0699999999999994,1.615000000000001,13.894999999999998,False,False,OK
E12000009,South West,E06000025,South Gloucestershire,2025,8.35,6.22,9.29,3.0699999999999994,1.615000000000001,13.894999999999998,False,False,OK
E12000009,South West,E06000026,Plymouth,2025,6.39,6.22,9.29,3.0699999999999994,1.615000000000001,13.894999999999998,False,False,OK
E12000009,South West,E06000027,Torbay,2025,7.46,6.22,9.29,3.0699999999999994,1.615000000000001,13.894999999999998,False,False,OK
E12000009,South West,E06000030,Swindon,2025,7.2,6.22,9.29,3.0699999999999994,1.615000000000001,13.894999999999998,False,False,OK
E12000009,South West,E06000052,Cornwall,2025,8.29,6.22,9.29,3.0699999999999994,1.615000000000001,13.894999999999998,False,False,OK
E12000009,South West,E06000053,Isles of Scilly,2025,,6.22,9.29,3.0699999999999994,1.615000000000001,13.894999999999998,False,True,Missing ratio value
E12000009,South West,E06000054,Wiltshire,2025,8.46,6.22,9.29,3.0699999999999994,1.615000000000001,13.894999999999998,False,False,OK
E12000009,South West,E06000058,"Bournemouth, Christchurch and Poole",2025,9.07,6.22,9.29,3.0699999999999994,1.615000000000001,13.894999999999998,False,False,OK
E12000009,South West,E06000059,Dorset,2025,9.32,6.22,9.29,3.0699999999999994,1.615000000000001,13.894999999999998,False,False,OK
E12000009,South West,E06000066,Somerset,2025,7.86,6.22,9.29,3.0699999999999994,1.615000000000001,13.894999999999998,False,False,OK
E12000009,South West,E07000040,East Devon,2025,8.36,6.22,9.29,3.0699999999999994,1.615000000000001,13.894999999999998,False,False,OK
E12000009,South West,E07000041,Exeter,2025,8.69,6.22,9.29,3.0699999999999994,1.615000000000001,13.894999999999998,False,False,OK
E12000009,South West,E07000042,Mid Devon,2025,8.03,6.22,9.29,3.0699999999999994,1.615000000000001,13.894999999999998,False,False,OK
E12000009,South West,E07000043,North Devon,2025,9.03,6.22,9.29,3.0699999999999994,1.615000000000001,13.894999999999998,False,False,OK
E12000009,South West,E07000044,South Hams,2025,9.45,6.22,9.29,3.0699999999999994,1.615000000000001,13.894999999999998,False,False,OK
E12000009,South West,E07000045,Teignbridge,2025,8.47,6.22,9.29,3.0699999999999994,1.615000000000001,13.894999999999998,False,False,OK
E12000009,South West,E07000046,Torridge,2025,8.06,6.22,9.29,3.0699999999999994,1.615000000000001,13.894999999999998,False,False,OK
E12000009,South West,E07000047,West Devon,2025,7.82,6.22,9.29,3.0699999999999994,1.615000000000001,13.894999999999998,False,False,OK
E12000009,South West,E07000078,Cheltenham,2025,7.73,6.22,9.29,3.0699999999999994,1.615000000000001,13.894999999999998,False,False,OK
E12000009,South West,E07000079,Cotswold,2025,11.03,6.22,9.29,3.0699999999999994,1.615000000000001,13.894999999999998,False,False,OK
E12000009,South West,E07000080,Forest of Dean,2025,6.5,6.22,9.29,3.0699999999999994,1.615000000000001,13.894999999999998,False,False,OK
E12000009,South West,E07000081,Gloucester,2025,7.22,6.22,9.29,3.0699999999999994,1.615000000000001,13.894999999999998,False,False,OK
E12000009,South West,E07000082,Stroud,2025,8.55,6.22,9.29,3.0699999999999994,1.615000000000001,13.894999999999998,False,False,OK
E12000009,South West,E07000083,Tewkesbury,2025,8.28,6.22,9.29,3.0699999999999994,1.615000000000001,13.894999999999998,False,False,OK
W92000004,Wales,W06000001,Isle of Anglesey,2025,6.24,6.22,9.29,3.0699999999999994,1.615000000000001,13.894999999999998,False,False,OK
W92000004,Wales,W06000002,Gwynedd,2025,5.86,6.22,9.29,3.0699999999999994,1.615000000000001,13.894999999999998,False,False,OK
W92000004,Wales,W06000003,Conwy,2025,6.21,6.22,9.29,3.0699999999999994,1.615000000000001,13.894999999999998,False,False,OK
W92000004,Wales,W06000004,Denbighshire,2025,5.96,6.22,9.29,3.0699999999999994,1.615000000000001,13.894999999999998,False,False,OK
W92000004,Wales,W06000005,Flintshire,2025,5.69,6.22,9.29,3.0699999999999994,1.615000000000001,13.894999999999998,False,False,OK
W92000004,Wales,W06000006,Wrexham,2025,5.53,6.22,9.29,3.0699999999999994,1.615000000000001,13.894999999999998,False,False,OK
W92000004,Wales,W06000008,Ceredigion,2025,6.8,6.22,9.29,3.0699999999999994,1.615000000000001,13.894999999999998,False,False,OK
W92000004,Wales,W06000009,Pembrokeshire,2025,6.15,6.22,9.29,3.0699999999999994,1.615000000000001,13.894999999999998,False,False,OK
W92000004,Wales,W06000010,Carmarthenshire,2025,5.08,6.22,9.29,3.0699999999999994,1.615000000000001,13.894999999999998,False,False,OK
W92000004,Wales,W06000011,Swansea,2025,5.38,6.22,9.29,3.0699999999999994,1.615000000000001,13.894999999999998,False,False,OK
W92000004,Wales,W06000012,Neath Port Talbot,2025,4.54,6.22,9.29,3.0699999999999994,1.615000000000001,13.894999999999998,False,False,OK
W92000004,Wales,W06000013,Bridgend,2025,5.81,6.22,9.29,3.0699999999999994,1.615000000000001,13.894999999999998,False,False,OK
W92000004,Wales,W06000014,Vale of Glamorgan,2025,7.17,6.22,9.29,3.0699999999999994,1.615000000000001,13.894999999999998,False,False,OK
W92000004,Wales,W06000015,Cardiff,2025,7.2,6.22,9.29,3.0699999999999994,1.615000000000001,13.894999999999998,False,False,OK
W92000004,Wales,W06000016,Rhondda Cynon Taf,2025,4.59,6.22,9.29,3.0699999999999994,1.615000000000001,13.894999999999998,False,False,OK
W92000004,Wales,W06000018,Caerphilly,2025,5.39,6.22,9.29,3.0699999999999994,1.615000000000001,13.894999999999998,False,False,OK
W92000004,Wales,W06000019,Blaenau Gwent,2025,4.02,6.22,9.29,3.0699999999999994,1.615000000000001,13.894999999999998,False,False,OK
W92000004,Wales,W06000020,Torfaen,2025,5.11,6.22,9.29,3.0699999999999994,1.615000000000001,13.894999999999998,False,False,OK
W92000004,Wales,W06000021,Monmouthshire,2025,7.46,6.22,9.29,3.0699999999999994,1.615000000000001,13.894999999999998,False,False,OK
W92000004,Wales,W06000022,Newport,2025,6.35,6.22,9.29,3.0699999999999994,1.615000000000001,13.894999999999998,False,False,OK
W92000004,Wales,W06000023,Powys,2025,6.82,6.22,9.29,3.0699999999999994,1.615000000000001,13.894999999999998,False,False,OK
W92000004,Wales,W06000024,Merthyr Tydfil,2025,3.98,6.22,9.29,3.0699999999999994,1.615000000000001,13.894999999999998,False,False,OK
